0	0.522685	0.590321	-0.641597	0.569267	1.55153	0.551933	0.927038	-0.770378	2.57359	0.55655	-0.441414	0.782432	3.57721	0.557457	-0.581124	0.994995	4.58694	0.59171	-0.0840815	0.772434	5.59255	0.552921	-0.59433	-0.36141	6.58831	0.539111	0.890437	0.610574	7.59353	0.588399	0.036567	-0.553784	8.59646	0.564196	0.960797	-0.854343	9.49995	0.507451	-0.989136	0.576405	0.59869	1.52792	0.127282	-0.07726	1.54618	1.58248	0.784799	-0.781471	2.53046	1.50372	0.913242	0.488281	3.59499	1.50657	-0.0558012	-0.557391	4.56994	1.59959	0.90865	-0.518401	5.50758	1.5238	0.285709	-0.0976413	6.56386	1.53254	-0.907576	-0.0413023	7.56236	1.548	-0.0648752	-0.064635	8.51226	1.54644	0.59449	-0.109767	9.5	1.537	-0.422356	0.617589	0.526364	2.56101	-0.630383	0.845941	1.5161	2.57204	0.506993	0.954609	2.50844	2.59637	0.155684	-0.759592	3.5802	2.55717	-0.0803825	0.165058	4.58581	2.57563	0.796316	-0.777479	5.53086	2.50901	-0.0967744	-0.830784	6.56588	2.56412	-0.0952718	-0.668728	7.57158	2.59316	0.593291	-0.783104	8.58066	2.51068	-0.338241	-0.343966	9.5	2.51428	-0.981824	0.707009	0.524339	3.56706	-0.49009	-0.334025	1.57687	3.58033	0.184426	0.391275	2.58078	3.55906	-0.215407	0.959656	3.55656	3.59751	-0.829083	0.131517	4.57728	3.50796	0.0662027	0.355019	5.52038	3.53512	0.179467	0.95571	6.52598	3.58139	0.591702	0.578579	7.5282	3.50617	-0.32092	-0.521559	8.56113	3.59219	0.404984	-0.318055	9.49999	3.50803	-0.113503	-0.469367	0.592072	4.55003	-0.787402	0.242672	1.55155	4.59976	-0.984335	0.668672	2.50693	4.53415	0.24872	-0.474316	3.52417	4.53005	0.791341	-0.199368	4.50617	4.50614	-0.302771	0.782543	5.51877	4.524	-0.62876	0.831856	6.58528	4.50141	0.946548	-0.287019	7.52898	4.55778	0.889121	-0.476069	8.55027	4.53496	0.100021	0.975443	9.5	4.56418	-0.236252	0.736891	0.52694	5.5329	-0.147381	0.0727708	1.58707	5.50888	0.36051	-0.425573	2.50204	5.56204	-0.536122	-0.211899	3.50322	5.54613	0.299129	0.802016	4.57996	5.54739	-0.0867752	0.0944253	5.56766	5.57338	-0.22203	-0.625135	6.57542	5.59147	0.0390736	-0.89663	7.5931	5.55072	0.389435	-0.360089	8.50658	5.5305	0.406994	-0.339878	9.49996	5.52062	-0.804697	-0.0314111	0.57124	6.55215	0.912167	0.895846	1.58887	6.50474	-0.0640397	0.36281	2.52052	6.55383	-0.636117	-0.543235	3.52274	6.59562	-0.889004	-0.905653	4.51841	6.56876	-0.484119	-0.732883	5.54835	6.50901	0.183723	0.336805	6.50165	6.51875	-0.0650189	0.00523524	7.50156	6.5387	0.725675	-0.687895	8.52636	6.53444	-0.159427	0.477928	9.49998	6.5045	-0.350213	-0.150657	0.589138	7.59245	-0.99818	0.883107	1.56099	7.57209	0.328452	-0.709333	2.57809	7.51482	0.172124	1.047	3.56539	7.53701	-0.773637	-0.60799	4.54324	7.53079	-0.35969	-0.902592	5.57744	7.57505	0.702488	0.980938	6.56134	7.52907	0.0937218	-0.663249	7.50858	7.57067	-0.18251	-0.434639	8.57028	7.5547	-0.547235	0.491123	9.49999	7.51316	-0.226948	0.29367	0.528556	8.55519	-0.188725	-0.391259	1.5843	8.53877	0.690374	-0.451834	2.54206	8.57529	-0.122631	-0.758523	3.57769	8.59299	0.0359424	-0.528422	4.56945	8.59367	0.685737	-0.725581	5.54182	8.5373	0.936825	1.05593	6.53612	8.57109	0.219512	0.433068	7.55333	8.53825	-0.251535	0.126755	8.50256	8.53933	-0.292894	-0.229903	9.49997	8.57095	-0.691618	0.827224	0.55827	9.5	-0.80522	-0.0862577	1.53143	9.5	-0.301872	-0.933872	2.58394	9.5	-0.576012	-0.570251	3.5568	9.49996	0.350852	-0.86797	4.50148	9.49996	-0.968818	-0.876165	5.5744	9.49997	0.382108	-0.67003	6.52242	9.5	-0.0504836	-0.0377312	7.57957	9.5	-0.975294	-0.70247	8.50327	9.5	0.446442	-0.565805	9.5	9.49996	-0.135766	-0.860499	36.5992
0.05	0.520651	0.549452	0.84218	-1.6401	1.5784	0.50013	-0.104819	1.30397	2.5541	0.538815	-0.189448	-0.979769	3.55351	0.532069	-0.302297	-1.57354	4.5753	0.600013	-0.43564	-0.628442	5.5736	0.504531	-0.0424903	1.68201	6.62207	0.537561	0.192711	-0.568868	7.59747	0.522067	-0.234097	-1.73947	8.52734	0.501208	-2.31728	1.71951	9.49644	0.515359	0.354871	-0.173871	0.562587	1.57948	-1.18446	1.51426	1.60221	1.542	1.05216	-0.730782	2.59856	1.57601	1.58143	1.59378	3.57328	1.54202	-0.485962	1.47967	4.57327	1.56785	-0.384199	-0.723458	5.57279	1.50901	1.38034	-0.644344	6.51218	1.54391	-0.617212	0.30733	7.52734	1.56357	-1.05836	-0.250459	8.54255	1.52168	0.110076	-0.789937	9.49899	1.54407	-0.40386	-0.193972	0.522251	2.57985	0.838756	-0.160502	1.5303	2.61299	0.0692774	0.434965	2.53922	2.53546	0.921893	-1.05809	3.56248	2.55877	-0.521653	-0.1866	4.57779	2.5305	-0.750748	-0.397065	5.58064	2.49484	1.4937	0.361692	6.5601	2.53394	0.131574	-0.450293	7.58415	2.49695	-0.819479	-1.5826	8.51074	2.533	-1.17244	0.90542	9.49724	2.5462	0.477378	0.294534	0.506305	3.55325	0.646071	0.0141958	1.56676	3.6023	-0.637247	0.189466	2.55856	3.57974	-0.599472	-0.471186	3.54625	3.54708	0.201751	-1.36144	4.53766	3.5575	-1.05143	1.06728	5.56383	3.56097	0.955262	0.121412	6.54308	3.53707	0.175724	-1.46875	7.525	3.54704	0.204684	0.992309	8.51809	3.54006	-1.69152	-1.19681	9.49991	3.51566	-0.0209231	0.928189	0.503946	4.55485	-2.53426	-0.00693035	1.50872	4.54887	-0.630899	-1.31252	2.53722	4.54913	0.594199	1.04431	3.53349	4.57805	-0.347161	1.42393	4.51138	4.55451	0.474223	1.01527	5.50638	4.57394	0.154461	0.523001	6.58043	4.56548	-0.745605	1.46282	7.59956	4.52072	0.89691	-0.813181	8.52438	4.58507	-0.325828	0.326925	9.4995	4.54487	-0.0599078	-1.22348	0.510011	5.55925	-0.63338	0.946863	1.51716	5.56729	-2.12756	1.60566	2.54974	5.53763	1.42836	-0.730041	3.53832	5.57964	1.10372	0.0859349	4.55256	5.54126	-0.765892	-0.407385	5.57037	5.5116	0.24519	-0.703723	6.58046	5.49847	-0.144758	-1.61142	7.54786	5.52845	-1.10997	-0.590229	8.56622	5.53947	0.638766	1.07937	9.49334	5.54046	-0.575464	0.503733	0.587234	6.59853	-0.627087	0.774991	1.53618	6.53592	-1.12214	0.761453	2.53334	6.53044	0.281706	-0.104478	3.48512	6.51965	-0.225892	-1.12657	4.50189	6.50895	-0.326693	-1.15954	5.51183	6.57365	-1.231	1.55435	6.52543	6.54802	0.740944	0.239587	7.53268	6.52317	0.278961	-0.047732	8.50109	6.56071	-0.481529	0.446123	9.49844	6.51576	-0.144824	0.692687	0.514533	7.58125	-1.73161	-1.24747	1.58294	7.50299	0.160945	-1.60152	2.56768	7.57316	-0.589707	0.161162	3.53878	7.54641	-0.0880641	-0.0957181	4.55138	7.52019	0.500884	-0.186802	5.58054	7.58317	-0.673281	-0.408717	6.54897	7.51176	-0.143517	0.136422	7.54637	7.52492	0.892835	-1.19041	8.48789	7.55636	-1.73654	-0.528511	9.49986	7.53524	0.111627	0.390236	0.510498	8.5382	-0.486193	-0.0764124	1.5693	8.50482	-1.01316	-0.860458	2.5773	8.48805	1.1517	-1.24265	3.57167	8.47974	-0.0325236	-2.43291	4.59726	8.47323	0.367313	-2.78264	5.59038	8.56252	0.826538	-0.329712	6.55771	8.51141	0.434893	-2.21756	7.51015	8.52524	-0.799249	-0.725421	8.51097	8.51782	0.233644	-0.316088	9.49631	8.51864	0.614771	-2.18871	0.514348	9.49996	1.69506	-0.0316936	1.53545	9.49542	0.0791888	-0.620215	2.53161	9.49681	-1.31389	-0.017368	3.52745	9.49578	-1.20408	-0.330081	4.52236	9.49876	1.3796	-0.403823	5.53699	9.4974	-1.37383	-0.497845	6.55832	9.5	0.433531	0.000673611	7.49066	9.49492	-1.26156	0.188886	8.54748	9.49821	0.311073	0.3581	9.49983	9.49555	-0.100563	-0.367375	-17.6926
0.10005	0.549751	0.537327	0.159176	1.7311	1.54458	0.543854	-0.940917	0.264474	2.55436	0.512737	0.0132561	1.01763	3.54878	0.552729	0.0533338	1.61946	4.54982	0.525918	-0.411783	-2.16558	5.58365	0.539244	0.257558	-0.605378	6.58673	0.504575	-1.8497	1.00161	7.52466	0.554223	-1.77528	0.637409	8.49729	0.550644	0.668167	-0.111071	9.49527	0.506652	0.353408	0.470805	0.500641	1.61512	-1.2348	-0.423122	1.63635	1.52396	0.281183	0.222502	2.63932	1.57893	-0.188551	-1.39719	3.59202	1.58933	1.34318	0.0626298	4.56399	1.53341	0.123951	-0.631475	5.56296	1.49417	-1.33233	0.577162	6.54338	1.542	1.0165	-0.512461	7.48403	1.48182	-0.210253	-1.82385	8.506	1.50631	-1.35173	0.650584	9.4974	1.5277	-0.208783	-0.41239	0.538162	2.57493	-0.1898	0.333442	1.5432	2.60058	0.516892	-1.06732	2.56813	2.55327	-0.00431375	1.46441	3.54177	2.54131	-0.150349	-0.248432	4.54817	2.54655	-0.281829	0.819243	5.61773	2.52912	-0.181272	0.794791	6.5869	2.5178	0.209315	-0.282431	7.50158	2.49393	-1.10109	0.826498	8.50336	2.55316	0.253554	-0.465951	9.49658	2.54652	0.471348	-0.116479	0.526646	3.56709	-0.0105588	0.421482	1.52248	3.57044	-0.955104	-1.02988	2.53078	3.53703	-0.513591	-0.817181	3.54128	3.51519	-0.543812	0.21895	4.51857	3.59352	0.398991	0.320661	5.57548	3.55452	-0.51662	-0.4021	6.5564	3.48721	0.213352	-0.384009	7.51577	3.54253	-0.802325	-1.1926	8.46219	3.51582	-0.0338597	0.48773	9.49989	3.56259	0.0187377	0.156303	0.573131	4.5653	-0.00863257	0.558368	1.51673	4.55466	1.50393	1.2668	2.53784	4.57456	-0.658241	-0.532389	3.519	4.61135	-0.0482127	-0.595276	4.53376	4.57861	0.294828	-0.365892	5.53126	4.54143	0.731711	-1.16351	6.53758	4.52429	-0.828126	-2.34761	7.56421	4.50918	-1.66054	0.3907	8.55783	4.57475	0.790001	-0.404084	9.49957	4.49941	-0.0164451	0.0874859	0.502782	5.60992	-1.02262	0.791543	1.44957	5.59708	-0.0491932	-0.620396	2.5943	5.52999	0.363097	0.752819	3.59666	5.55078	0.795946	-0.438158	4.5439	5.51882	0.866085	-0.137876	5.57433	5.55542	-0.342213	1.91105	6.54704	5.53027	-0.898543	1.96213	7.53188	5.4962	0.259496	-0.605671	8.51649	5.61473	-2.06874	1.28598	9.49322	5.54421	0.507446	-0.330039	0.500382	6.59111	2.54732	-1.2435	1.51447	6.54425	-0.16943	-0.577989	2.50652	6.53525	-1.01746	-0.123364	3.50484	6.52393	0.49584	0.439578	4.47777	6.48128	-0.558932	-0.208022	5.4614	6.61714	-0.629022	-0.166027	6.54268	6.51835	-0.295893	-1.10292	7.52169	6.50565	-0.478524	-0.905514	8.50275	6.57117	0.443961	0.0485384	9.49971	6.56065	-0.275318	0.573972	0.568402	7.53838	1.43788	0.0641526	1.56171	7.48017	-0.8689	0.93155	2.53836	7.4922	-0.299539	-2.02748	3.55138	7.45417	0.459282	-2.41545	4.56846	7.43645	-0.0175804	-2.70994	5.53458	7.5653	-0.718163	-0.0278633	6.55099	7.50469	-0.200917	-1.17246	7.51202	7.4736	-1.6623	-0.67279	8.49105	7.52737	1.42685	-0.240521	9.49949	7.50848	-0.00601747	-1.44362	0.512499	8.52574	0.13378	-0.516076	1.51702	8.45765	-0.828542	-0.80471	2.61339	8.51758	0.124657	1.31313	3.59938	8.45245	1.12529	0.709753	4.61189	8.41567	0.260071	0.282117	5.60936	8.5236	-0.188186	-0.717948	6.55865	8.43543	-0.132123	-0.0441852	7.52379	8.47788	1.14678	-0.996101	8.50796	8.51398	-0.28417	0.0420342	9.49633	8.45471	0.582294	0.168087	0.568867	9.49996	0.177113	0.00232701	1.52557	9.49052	-0.405	0.273177	2.47948	9.49861	-0.511602	0.263435	3.48007	9.48964	-0.548589	0.0342897	4.55581	9.4846	-0.728124	-0.233455	5.49807	9.49939	0.280617	-0.567213	6.4973	9.5	-2.08971	-6.50469e-05	7.51508	9.49461	1.36918	0.226272	8.5077	9.4962	-1.48608	-0.0703565	9.49969	9.49778	-0.0218122	-0.326554	-4.35155
0.15005	0.519958	0.609477	-1.35343	0.778677	1.51405	0.525885	-0.229452	-0.822036	2.54175	0.545568	-0.539619	-0.0663634	3.54892	0.613446	-0.16719	0.436255	4.54586	0.569362	0.19498	0.924806	5.55316	0.525105	-2.08238	1.34043	6.48237	0.531874	-1.25797	-0.0777069	7.48041	0.524067	-0.277582	2.5084	8.52203	0.50535	-0.0277752	-1.28467	9.49863	0.506274	-0.585502	-0.527894	0.562475	1.56757	1.2786	-0.747067	1.6248	1.55469	-0.717792	0.50688	2.62181	1.50639	-0.1265	-0.914698	3.64446	1.56355	0.197517	-0.450116	4.58612	1.51448	0.544961	0.393856	5.51901	1.54816	0.19917	1.21625	6.53453	1.50546	-1.06989	-0.707369	7.51982	1.48785	0.745781	1.37069	8.44849	1.56224	-0.244703	0.844691	9.49568	1.51263	-0.155521	-0.134704	0.512461	2.6011	-0.729091	0.392772	1.56653	2.51755	0.114926	-1.70787	2.54906	2.58463	-0.441044	-0.618941	3.54701	2.54834	0.236616	0.420183	4.55246	2.5869	0.36516	0.536909	5.56797	2.55739	-1.75188	0.159818	6.53289	2.49586	-1.39123	-0.623684	7.53894	2.52149	1.49231	-0.125518	8.5087	2.51556	0.110089	-0.33445	9.4989	2.53585	0.586445	-0.427991	0.508408	3.59567	1.03826	0.787451	1.48698	3.54038	-0.433403	-0.231978	2.49951	3.5436	-0.773588	1.08594	3.50824	3.55533	-0.566621	0.986396	4.55268	3.57933	0.537787	-0.919487	5.53105	3.52229	-1.00187	-0.614464	6.52673	3.48036	-1.43454	-0.411007	7.49104	3.4766	0.176499	-0.843653	8.49766	3.56617	0.986595	1.07547	9.4999	3.52469	-0.00859187	-0.996946	0.531385	4.60816	-1.15679	0.953798	1.59417	4.60932	0.446313	0.0933371	2.51713	4.52177	0.690331	-1.09345	3.5236	4.52979	0.161448	-1.93929	4.54054	4.53942	-0.00547469	-0.700699	5.55246	4.51661	-0.14757	0.311538	6.51147	4.42603	-0.156409	-1.0367	7.48815	4.51234	-1.1358	-0.653875	8.53184	4.56615	-1.74803	0.192446	9.49962	4.54993	-0.0872339	1.15331	0.505546	5.59795	0.752314	-1.35264	1.51084	5.53021	2.0118	-1.07287	2.59449	5.5667	-0.220789	-0.175257	3.61337	5.54409	0.25289	-0.736657	4.62393	5.51421	1.44275	-0.789876	5.54282	5.64345	-0.16192	1.02801	6.52383	5.55785	-0.0473527	-1.49833	7.5142	5.47323	-1.37464	-0.420947	8.44606	5.62293	-0.236962	-0.822205	9.47931	5.52341	-0.355649	-0.347343	0.580039	6.54816	0.134423	0.0792657	1.51394	6.51883	0.507322	-0.327748	2.4682	6.49038	-0.345654	-0.980398	3.48163	6.467	-1.52749	-1.63973	4.45542	6.4281	-0.405209	-1.7054	5.45084	6.57665	0.0708794	-0.604123	6.49104	6.49519	-1.57321	0.284871	7.50783	6.44249	-0.105859	-1.2312	8.52043	6.58701	0.0724187	0.546365	9.49871	6.50961	-0.170129	-2.28301	0.591801	7.5496	-0.816624	-0.0949156	1.54538	7.51634	0.632628	-0.0890974	2.54524	7.46252	0.507015	0.713532	3.57403	7.44806	0.274425	1.61898	4.5574	7.36972	-0.200121	0.3574	5.52166	7.5665	-0.0361924	-0.199806	6.49098	7.43088	-1.88169	-0.813576	7.47648	7.45173	0.25584	-0.428975	8.54406	7.54764	0.228892	0.954692	9.49965	7.48327	0.0272508	0.50546	0.508757	8.50694	0.464489	0.0244911	1.5011	8.47044	0.209767	1.51171	2.60309	8.54441	-0.340266	-0.500327	3.65356	8.489	0.678136	0.658961	4.62391	8.43673	0.208554	0.288769	5.58463	8.52456	-0.363573	0.744783	6.57381	8.4799	0.650963	1.16838	7.56767	8.43955	0.235424	-0.476369	8.51536	8.51865	0.756807	0.24603	9.49397	8.49427	0.513824	0.952674	0.516582	9.49999	-2.06503	0.022871	1.50533	9.49129	-0.46643	-0.245739	2.48083	9.49843	0.346689	-0.225685	3.47161	9.49825	0.0888794	-0.402344	4.47292	9.4764	-1.97896	-0.0666705	5.50036	9.49536	-1.12487	-0.207274	6.44431	9.5	0.522361	-6.46344e-05	7.52395	9.49016	-1.45251	-0.196841	8.47651	9.49971	0.671792	-0.472411	9.49993	9.49634	-0.0918412	0.384861	-0.441165
0.20005	0.542076	0.585507	0.493229	-1.43139	1.51039	0.521074	0.176364	0.718051	2.5075	0.509072	-0.677729	1.64115	3.52715	0.576663	-0.715631	-1.58488	4.51904	0.554204	-2.0468	-1.04466	5.44179	0.576847	-0.97693	0.790003	6.45977	0.51479	-0.191688	1.1101	7.47543	0.593106	-0.0344965	0.4263	8.49064	0.553203	-1.0054	0.886268	9.49373	0.511413	-0.243246	-0.188971	0.617174	1.58591	0.619141	1.18817	1.58972	1.51478	-0.293262	-1.91506	2.62587	1.50576	0.0481836	0.504939	3.615	1.579	-1.00598	0.739812	4.60005	1.58474	0.112177	1.78963	5.57633	1.59706	1.15901	0.461358	6.49688	1.47771	0.22984	-0.599301	7.49442	1.57679	-1.25208	1.32142	8.50785	1.55406	1.8352	-0.750614	9.49881	1.50961	0.441676	-0.0587838	0.523459	2.60739	0.535609	0.0214589	1.53761	2.49361	-1.09856	0.642627	2.54226	2.52625	0.113349	-1.33691	3.55735	2.57374	0.112653	0.463286	4.55065	2.57451	-0.971999	-1.06907	5.48466	2.5453	-0.859042	-0.240758	6.49392	2.45659	-0.267576	-0.965143	7.56867	2.48858	-0.337322	-0.167075	8.53938	2.55953	0.888675	1.80023	9.49565	2.49854	-0.399129	-0.919754	0.510339	3.64104	-0.92813	0.762792	1.48787	3.52831	0.255916	-0.458995	2.46035	3.56536	-0.616969	-0.661131	3.48861	3.54529	-0.324416	-1.4541	4.53138	3.53185	-1.49641	-0.680172	5.49816	3.52618	-0.383377	0.835778	6.45777	3.42725	-0.85612	-1.23952	7.51115	3.47549	0.384971	0.335232	8.53056	3.59915	0.181107	0.31087	9.49994	3.49964	-0.00454776	-0.0457694	0.52663	4.61365	1.06799	-1.01933	1.55474	4.52586	-1.35491	-2.55636	2.59274	4.51667	1.38405	0.892894	3.54577	4.4953	0.937803	0.491512	4.53008	4.50199	-0.447453	-1.41392	5.52036	4.563	-0.895314	1.39077	6.50193	4.4319	-0.496005	0.698928	7.46548	4.4475	0.127782	-1.6128	8.43035	4.59665	-1.82369	0.793292	9.49923	4.55223	-0.0557018	-1.28381	0.527254	5.5541	0.310707	0.338809	1.61078	5.54208	1.71576	0.633604	2.59226	5.48624	0.360064	-2.17614	3.63911	5.44882	0.601289	-2.14076	4.63979	5.42134	-0.174904	-1.82129	5.60316	5.62624	1.55031	-1.09992	6.51428	5.42939	-0.455524	-3.09533	7.44874	5.43533	-0.348121	-1.11296	8.4667	5.57223	0.570793	-0.754867	9.4714	5.50187	0.103591	-0.839014	0.521586	6.56472	-1.98943	0.0565107	1.52751	6.50822	-0.606556	0.0117731	2.47411	6.49519	0.124292	0.758674	3.39716	6.44783	-0.894491	0.361762	4.42305	6.38422	-0.86942	-0.184244	5.43959	6.60892	-0.774887	1.17495	6.41815	6.46709	-1.03966	-1.40863	7.49944	6.4119	-0.314892	-0.064083	8.50557	6.60673	-0.563597	0.151686	9.49813	6.4347	-0.082722	0.0305249	0.517548	7.52938	-1.77165	-0.307777	1.58927	7.50143	0.658204	-0.111373	2.58382	7.51546	0.917948	0.923414	3.56959	7.53201	-0.333283	1.39322	4.54939	7.41171	-0.33825	0.842045	5.49472	7.56693	-1.11637	0.672643	6.4403	7.4678	0.298219	1.75828	7.50025	7.41849	0.434008	-0.831233	8.50592	7.59417	-1.47205	0.63392	9.49969	7.50584	-0.0808829	0.176064	0.500219	8.52512	-0.643545	0.392051	1.53758	8.54904	1.09017	0.90477	2.58826	8.48465	-0.220183	-1.31594	3.65071	8.52033	-0.701961	0.669333	4.63158	8.43938	0.143132	-0.0986095	5.6061	8.55923	1.19825	0.305551	6.60117	8.52028	0.303309	0.311059	7.56743	8.43073	0.161797	0.0454225	8.55361	8.54832	0.243241	0.858401	9.49542	8.52477	-0.616675	0.0896489	0.556608	9.5	0.0210723	-0.000799963	1.49403	9.49348	0.640907	-0.382366	2.49004	9.49785	-0.16525	-0.187309	3.45841	9.49899	-0.88859	0.531884	4.40656	9.47762	-0.381353	0.0870913	5.40871	9.49947	-2.01266	-0.638809	6.49172	9.5	0.284157	-6.47333e-05	7.43347	9.48502	-1.19324	-0.0321787	8.51819	9.49939	0.391847	0.530901	9.49978	9.49714	0.0610229	-0.446747	-13.6408
0.25005	0.518993	0.504701	-1.22335	-1.6455	1.52177	0.502415	-0.109159	1.82173	2.48601	0.559224	-0.201131	0.305365	3.45662	0.511542	-2.29531	1.81467	4.40231	0.50449	-1.50408	1.19944	5.43977	0.605125	0.106159	0.211302	6.44486	0.504333	-0.395971	1.63035	7.46314	0.583142	-0.599901	-0.861103	8.4471	0.561057	-0.504368	-0.624454	9.49978	0.510762	-0.370758	0.0338525	0.610716	1.63836	-0.666055	0.598522	1.61159	1.45124	0.882317	-0.114911	2.60835	1.52884	-0.695104	0.186725	3.5826	1.59587	-0.0870906	-0.369679	4.60409	1.60803	0.0379993	-1.4407	5.58865	1.58662	-0.177687	-0.582387	6.55596	1.45129	0.887745	-0.656961	7.46569	1.56524	1.0863	-0.755086	8.55378	1.5464	-0.411937	0.667972	9.49968	1.49019	-0.617332	-0.72907	0.519292	2.62434	-0.891395	0.732327	1.49496	2.51767	-0.31063	-0.267217	2.54321	2.48106	-0.257099	-0.152734	3.53792	2.5615	-1.24125	-1.04614	4.47604	2.53582	-1.12519	-0.0748503	5.48621	2.57076	0.428486	1.19851	6.49594	2.40497	0.264512	-0.872162	7.53698	2.55103	-0.804337	1.10461	8.54909	2.65045	-0.608096	1.47191	9.49798	2.46597	0.596918	-0.280352	0.522967	3.62632	-0.163701	-1.39042	1.48015	3.47309	-0.382833	-1.66426	2.45907	3.50794	0.464939	-1.398	3.45855	3.50174	-1.07117	0.148505	4.4353	3.48151	-1.93118	-1.76155	5.46535	3.59578	-0.959401	1.81479	6.45641	3.38891	0.579266	-0.367157	7.51984	3.46285	-0.0769888	-0.495381	8.51507	3.62254	-0.655119	0.897007	9.49996	3.49294	-0.0209901	-0.685922	0.554575	4.58357	-0.215142	0.436953	1.51412	4.43455	0.0710727	-0.804848	2.60952	4.50452	-0.6136	-1.75329	3.59057	4.46749	0.241989	-1.62121	4.52478	4.4058	0.786395	-1.47326	5.47824	4.63761	-0.705431	1.36072	6.45982	4.39339	-1.17007	-3.00115	7.45317	4.39579	-0.936078	-0.193164	8.39003	4.6162	0.321993	0.0304123	9.49714	4.44892	-0.0831212	-2.14577	0.544033	5.59344	0.371496	0.508193	1.65938	5.53808	0.25264	-0.710695	2.64779	5.46132	1.75354	1.44009	3.65988	5.43217	0.24299	1.44454	4.65289	5.38856	0.559492	0.0250366	5.60447	5.60699	-1.06401	0.68988	6.52431	5.3212	0.88449	-0.414701	7.49598	5.37998	1.88539	-0.911651	8.48757	5.58562	0.371365	1.28087	9.49738	5.45162	0.932836	-0.903344	0.55416	6.54903	-0.129601	-0.184308	1.46476	6.52376	-0.835663	0.412749	2.43441	6.52954	-1.21381	0.367493	3.42857	6.46939	1.15142	0.526975	4.38305	6.3831	-0.423955	-0.00348191	5.37627	6.63658	-1.51482	0.06453	6.39166	6.38738	-0.18386	-1.60729	7.46984	6.40308	-0.891991	-0.574594	8.4747	6.60332	-0.612669	-0.186612	9.49841	6.48855	0.132566	1.42268	0.569976	7.5384	1.65742	0.462907	1.602	7.5161	-0.00173378	0.582698	2.60978	7.50381	-0.104569	-1.27901	3.56235	7.57119	0.0640748	0.215075	4.5055	7.42719	-1.10424	-0.312383	5.45753	7.63813	-0.203115	1.57958	6.4897	7.54848	1.17896	1.08333	7.49852	7.38495	-0.665079	-0.398677	8.43938	7.60903	-0.798309	0.0204852	9.49916	7.4988	-0.013333	-0.38083	0.522022	8.52486	0.307211	-0.37053	1.59146	8.5243	0.851663	-1.58415	2.58497	8.47556	0.166343	0.94103	3.60816	8.55664	-0.714706	0.614707	4.64301	8.44028	0.311421	0.215469	5.67135	8.56583	1.00509	0.425036	6.62054	8.51627	0.856508	-0.147202	7.58992	8.43171	0.443509	-0.126971	8.53183	8.56975	-0.626845	-0.271123	9.49316	8.50037	0.363036	-0.892346	0.500354	9.5	1.76711	-0.000800269	1.5332	9.49554	-0.136039	0.565582	2.46487	9.49877	-0.514865	-0.192731	3.40994	9.49543	-0.632877	-0.261168	4.39533	9.48319	-0.745182	0.128813	5.3412	9.4941	-0.279702	-0.0267221	6.42095	9.5	-2.5178	-6.50793e-05	7.44976	9.48565	1.19574	0.0658273	8.49604	9.49867	-1.13665	0.47144	9.4997	9.49377	-0.0021677	0.0131991	-10.7939
0.30005	0.535318	0.578454	0.215765	1.66745	1.48235	0.516242	-1.1405	-0.915326	2.4366	0.53651	-2.14189	-1.20489	3.37059	0.59457	-0.439779	1.27432	4.37164	0.557439	-0.171525	0.535548	5.42033	0.585384	-0.922594	-0.941524	6.41648	0.510253	-0.79994	1.50877	7.41878	0.511443	-0.967286	-1.80282	8.44428	0.511362	0.23852	-1.13277	9.48929	0.508075	-0.0334631	-0.340275	0.571154	1.6398	-0.836829	-0.444442	1.6344	1.50412	-0.282191	1.44167	2.59416	1.5207	0.523934	-0.349664	3.60191	1.53489	0.745038	-1.6351	4.59894	1.48584	-0.083476	-2.69553	5.59035	1.57956	0.20964	0.45	6.57011	1.43216	0.512593	0.0228168	7.58796	1.539	2.16315	-0.83038	8.49595	1.60676	-0.655753	1.55512	9.49597	1.46033	0.164718	-0.146215	0.531904	2.64281	0.538341	-0.516362	1.50081	2.43471	0.347919	-2.44864	2.49642	2.50216	-1.75326	0.279691	3.45225	2.51198	-1.445	-0.784913	4.47012	2.47705	0.557361	-2.72	5.50578	2.64324	0.335967	1.57926	6.50798	2.38223	0.0175169	-0.194677	7.49324	2.50065	-0.841762	-2.03484	8.49856	2.68931	-1.19712	0.198689	9.4987	2.45527	0.441473	-0.577148	0.518265	3.58389	0.568342	0.504979	1.46983	3.41295	0.0152471	-0.674691	2.45905	3.43886	-1.05001	-1.00018	3.38997	3.50147	-1.20187	-0.612146	4.36005	3.41917	-1.06139	-0.299706	5.41361	3.69043	-1.00939	1.74528	6.48962	3.33615	0.634341	-2.34026	7.50576	3.48311	-0.387316	0.439011	8.48733	3.68451	-0.253015	1.14312	9.49994	3.406	0.000750864	-2.16254	0.511191	4.61888	-1.25569	0.394191	1.54941	4.42827	0.874071	0.295398	2.55508	4.42163	-1.2418	-1.10268	3.57858	4.43473	-0.288684	0.805444	4.58498	4.36589	0.886061	-0.502083	5.47724	4.69792	0.966061	1.40454	6.38284	4.25495	-1.87834	-1.2031	7.3869	4.4215	-1.56516	1.11695	8.43423	4.63643	1.11068	1.20283	9.49001	4.39273	-0.175436	-0.302774	0.566185	5.58525	0.536505	-0.365954	1.65567	5.48743	-0.21235	-1.16969	2.72462	5.55443	0.861171	1.78528	3.68437	5.51813	0.97245	1.62348	4.65824	5.38534	-0.356975	-0.318068	5.58245	5.69425	0.416647	2.36689	6.57065	5.32349	0.873912	-0.119243	7.60018	5.3566	1.95351	0.0171359	8.51707	5.66072	0.90993	1.28909	9.47418	5.41616	-0.0227804	-0.543459	0.544459	6.57498	1.56618	0.92267	1.46393	6.53309	0.142218	-0.15218	2.40587	6.50547	0.335484	-1.37464	3.42806	6.51246	-1.06676	1.24224	4.4006	6.36974	0.609553	-0.645878	5.31709	6.64547	-0.502302	0.620982	6.38418	6.32165	-0.185705	-0.809498	7.41595	6.35266	-1.14462	-1.24745	8.44398	6.60932	-0.679601	0.67273	9.49751	6.52364	0.0635144	-0.363673	0.634705	7.54857	0.742553	-0.122432	1.60568	7.52168	0.280206	-0.816259	2.58352	7.4553	-0.704952	-0.262128	3.5458	7.56849	-0.742945	-0.244492	4.49372	7.3882	0.667345	-1.05722	5.45688	7.67322	0.146038	-0.0684076	6.51606	7.55509	-0.509131	-0.615617	7.45391	7.37277	-0.58495	-0.275019	8.43322	7.58914	0.359517	-0.819611	9.49947	7.48539	-0.0281531	-0.00325513	0.531913	8.51051	0.0565921	-0.00190862	1.60649	8.46407	-0.211918	-0.188514	2.60929	8.52438	0.687347	0.617494	3.60303	8.5587	0.655354	-0.553708	4.65942	8.45793	0.327739	0.410859	5.70304	8.62024	0.499718	1.20443	6.67872	8.54166	0.796981	1.19509	7.59741	8.40931	0.333457	-0.802195	8.54154	8.54293	0.918849	-0.437369	9.49745	8.46073	0.761872	-0.468248	0.551055	9.5	-0.476893	-0.000735413	1.47363	9.48439	-1.07878	-0.0854447	2.44409	9.49787	-0.706649	0.10148	3.39576	9.4984	-0.261051	-0.598315	4.34469	9.49034	-0.617309	0.155274	5.35069	9.49939	-0.317897	0.665543	6.30235	9.5	-1.61833	-6.46751e-05	7.48531	9.49108	-0.281585	0.122646	8.4427	9.49683	-0.486351	-0.00598648	9.49954	9.49201	0.00362158	-0.14112	-17.2725
0.35005	0.522488	0.651766	0.89236	0.959879	1.41789	0.526318	-1.38905	-0.096613	2.35669	0.536934	-0.480716	1.25815	3.35369	0.587734	-0.683816	-1.57446	4.34824	0.515164	-0.866657	2.80866	5.35637	0.52937	-1.48327	-1.15035	6.35927	0.506361	-1.4008	1.41507	7.37871	0.558883	-0.798823	0.165261	8.45533	0.547193	0.116232	1.27194	9.49848	0.50012	0.409272	-0.937985	0.529383	1.60932	-0.813303	-0.442314	1.60883	1.45027	-0.42001	-2.76197	2.64873	1.49343	1.35847	-0.717512	3.6572	1.50711	1.45614	0.554346	4.63591	1.40684	1.68775	-0.971744	5.60556	1.62122	0.521945	1.0813	6.63127	1.4359	1.55849	-0.846809	7.58796	1.45155	-0.382433	-1.65074	8.57826	1.69891	2.33687	1.94968	9.49839	1.4646	-0.416619	-0.444849	0.527597	2.60232	-0.82885	-0.505179	1.47645	2.41429	-1.64825	1.03323	2.4108	2.459	-0.906534	-1.57941	3.417	2.46966	-0.171397	-0.884474	4.50064	2.33869	0.503632	-2.00294	5.51756	2.7236	0.0798222	1.58566	6.47424	2.33284	-1.5295	-1.58955	7.46434	2.43125	-0.333933	-0.757932	8.44504	2.69219	-0.868726	0.180422	9.48383	2.386	-0.298996	-1.35997	0.500284	3.65134	1.13153	1.31881	1.45619	3.3842	-1.39299	-0.36197	2.37661	3.44059	-1.17868	0.66647	3.35369	3.47286	-0.544108	-0.205502	4.33397	3.39284	0.0608937	-1.05699	5.37509	3.75224	-0.407806	0.692001	6.50972	3.26131	0.0993718	0.240021	7.49152	3.47148	-0.0733918	-0.619652	8.49392	3.71911	0.435237	0.467782	9.49994	3.35495	-0.00676121	0.0458325	0.548171	4.60771	0.984696	-0.356348	1.55659	4.44157	-0.719606	-0.0115891	2.52785	4.40607	0.415597	0.527341	3.56888	4.51581	-0.160448	2.03128	4.59732	4.35606	-0.286538	0.20289	5.54084	4.80144	0.924692	2.61727	6.30356	4.23662	-0.855473	-0.298834	7.29917	4.47486	-1.86357	0.698635	8.4867	4.73164	0.978654	2.04332	9.48341	4.37973	-0.0605934	-0.375996	0.596461	5.59599	0.641502	0.726883	1.64906	5.43676	0.0171791	-0.70474	2.7425	5.57953	0.259689	-1.48883	3.73177	5.58903	0.440192	1.2016	4.66644	5.35073	0.988867	-1.01112	5.60653	5.77875	0.0949289	0.750281	6.61219	5.29594	0.744063	-0.8259	7.67394	5.37394	1.0233	0.4736	8.5877	5.70854	1.82726	0.933585	9.49183	5.39454	-1.00007	-0.393994	0.504244	6.5989	-2.40025	-0.164572	1.49725	6.49008	0.338455	-1.66274	2.43754	6.45602	0.368357	0.234173	3.3778	6.58138	-0.375864	1.26258	4.39665	6.32352	-0.473768	-0.884173	5.3364	6.71641	0.972306	1.82191	6.38458	6.33036	0.369053	1.27729	7.36783	6.30118	-0.65963	-0.614591	8.39956	6.64682	-1.17415	0.199051	9.49685	6.45894	-0.145512	-1.88659	0.636572	7.5526	-0.550104	0.476543	1.61731	7.45994	-0.198358	-1.07571	2.56081	7.46647	0.0274065	0.494197	3.52421	7.54884	0.157846	-0.386747	4.53022	7.34141	0.427053	-0.680678	5.47531	7.66931	0.444536	0.323976	6.44563	7.5158	-1.69778	-0.877849	7.4557	7.34516	0.35085	-0.84057	8.46124	7.57321	0.715456	0.779937	9.49954	7.48129	0.0355457	-0.418197	0.52615	8.5228	-0.302755	0.36959	1.58472	8.49257	-0.506832	0.775407	2.64227	8.52425	0.631682	-0.537913	3.66991	8.5241	1.7759	-0.521058	4.68045	8.47481	0.621662	0.218527	5.72429	8.6304	0.126413	-0.642649	6.68993	8.60886	0.350466	1.07639	7.64282	8.35478	0.93452	-1.26864	8.57791	8.53698	0.105697	0.223002	9.49494	8.46458	0.547816	0.554763	0.543183	9.5	1.19248	-0.000735299	1.45974	9.49279	0.112584	0.498589	2.39558	9.49743	-0.807397	-0.00737495	3.36365	9.49355	-0.837622	-0.278043	4.34365	9.49921	-0.246286	0.209002	5.27029	9.49736	-1.8058	0.385227	6.29087	9.5	0.624452	-6.45794e-05	7.41574	9.49441	-2.08153	-0.013127	8.45491	9.49669	0.553386	-0.0421104	9.4996	9.49772	0.00602144	0.36545	-23.975
0.40005	0.522936	0.653627	-0.769935	-0.733473	1.41742	0.510627	1.22302	-1.73513	2.35669	0.565087	0.16421	-0.229608	3.31194	0.512067	-0.875828	2.1393	4.26723	0.54127	-2.05177	-1.26251	5.28357	0.525706	-1.4063	0.936327	6.27335	0.507287	-2.11552	-1.60186	7.32487	0.535946	-1.16168	2.36485	8.45102	0.617859	-0.317984	1.55856	9.48932	0.501779	-0.0304421	-1.19541	0.509041	1.629	0.756176	1.06328	1.61273	1.4105	0.735875	1.91224	2.72446	1.46352	1.74665	-0.388169	3.74309	1.52076	2.03994	-0.383698	4.76786	1.3773	2.91898	-0.381782	5.65867	1.67908	1.62278	1.04871	6.68954	1.3545	0.992744	-1.27992	7.67176	1.44507	3.30025	0.517526	8.62001	1.78389	-0.509282	1.30324	9.49766	1.39873	0.298849	-0.583992	0.516326	2.62107	-1.02212	1.45477	1.40373	2.40892	0.0437363	-1.48727	2.39955	2.39281	-0.019688	-0.842888	3.41826	2.4476	0.147736	0.160873	4.51279	2.31491	0.0124411	0.716455	5.50711	2.79371	-0.58183	1.10718	6.37532	2.29566	-1.67189	0.0128061	7.43948	2.40914	-0.841703	-0.152541	8.41279	2.73293	-0.485003	1.57942	9.47104	2.3856	-0.143568	0.76811	0.508495	3.66904	1.1324	-0.148893	1.36586	3.39128	-0.774585	0.271282	2.35241	3.46374	-0.382474	0.20708	3.33462	3.48623	-0.0165643	0.689716	4.35935	3.3215	0.812134	-1.56386	5.37308	3.77267	0.175122	0.375575	6.50046	3.29245	-0.358336	0.255777	7.5072	3.44291	0.689836	-0.429659	8.52164	3.74986	0.598041	0.842877	9.49997	3.37106	-0.0182082	0.370413	0.570727	4.64368	-0.297312	1.66418	1.51769	4.41055	-0.327206	-1.18464	2.57271	4.4668	0.918943	1.51589	3.56317	4.61867	-0.00443721	1.95136	4.55995	4.36246	-1.12872	-0.286926	5.57261	4.88604	0.791007	0.0265011	6.28618	4.22206	-0.238716	0.072615	7.22829	4.48052	-0.566906	-0.504028	8.53475	4.79438	0.975163	0.408268	9.48573	4.35647	0.171349	-0.483883	0.62814	5.62719	0.615889	0.280757	1.6629	5.41661	0.575396	-0.40636	2.74227	5.44906	-0.438764	-2.92211	3.72034	5.61948	-0.666603	0.0072581	4.71639	5.32168	0.358537	0.275135	5.5974	5.82845	-0.161568	1.72278	6.63267	5.26879	-0.063222	0.0175132	7.71319	5.38417	0.585708	-0.152675	8.65072	5.77714	0.534025	1.52673	9.48589	5.3511	-0.741411	-1.46775	0.565178	6.58809	-0.186664	0.297992	1.47863	6.3787	-0.341327	-2.51602	2.4381	6.49185	-0.121323	0.623238	3.40887	6.60775	1.33328	-0.296104	4.4034	6.31392	0.967784	0.491758	5.3935	6.76609	1.18484	0.274772	6.39807	6.43197	-0.0779398	2.47872	7.36096	6.2957	0.337547	0.197272	8.32095	6.65412	-1.95225	0.792498	9.48829	6.36668	-0.110619	-1.52268	0.588208	7.58045	-1.363	0.386078	1.58046	7.42314	-0.999542	-0.59199	2.57939	7.49621	0.444128	0.585885	3.56684	7.56009	1.30233	0.919329	4.52749	7.32639	-0.328853	0.0472003	5.46119	7.72513	-1.2343	1.32777	6.4063	7.46396	0.217478	-1.13563	7.46928	7.29305	0.147735	-1.11981	8.49679	7.62875	0.60739	0.705853	9.49962	7.44229	-0.0323401	-1.04492	0.500976	8.54058	0.745653	0.307166	1.56614	8.50905	-0.187599	-0.311706	2.67562	8.49025	0.725909	-0.574952	3.75037	8.52206	1.21437	0.53106	4.73093	8.4783	1.33665	-0.0376567	5.72414	8.61291	0.421597	0.604176	6.74043	8.61822	1.26085	-0.700126	7.64889	8.28698	-0.611395	-1.47737	8.55846	8.57548	-0.657861	1.20324	9.49428	8.49182	0.451211	0.238766	0.51283	9.5	2.29202	-0.000735181	1.46693	9.49044	-0.598422	0.272444	2.40156	9.49703	0.773824	0.0654192	3.3292	9.49057	-0.497136	0.0754739	4.26688	9.49145	-1.76709	-0.160589	5.26143	9.49618	0.830873	0.34269	6.31105	9.5	-0.0825067	-6.52493e-05	7.31478	9.49142	-1.62164	-0.0370651	8.46635	9.49867	-0.236299	0.465318	9.49965	9.49581	-0.0078744	0.313764	-29.7563
0.45005	0.528129	0.605343	-0.637136	-1.01126	1.45513	0.536405	-0.0380283	-0.182756	2.37066	0.523638	0.289	-1.34794	3.28076	0.608669	0.17693	1.54271	4.21691	0.535956	0.269608	1.28022	5.22084	0.514357	-1.19442	-1.79589	6.17169	0.534529	-1.4886	0.0288963	7.28426	0.582577	-0.19616	-0.666906	8.43103	0.696524	-0.275416	1.38338	9.49471	0.504186	0.208613	0.747449	0.550204	1.68211	0.882455	0.931525	1.68533	1.50163	2.52442	-0.340423	2.81766	1.45832	1.72618	0.366413	3.85598	1.48561	2.16396	-0.633175	4.82848	1.37647	-0.551805	0.739537	5.72623	1.6745	1.14477	-1.18547	6.7397	1.36811	0.784562	2.00983	7.80083	1.45799	0.369428	-0.403698	8.6206	1.85256	1.51072	2.13504	9.49672	1.47351	0.0974354	2.21112	0.532619	2.72539	-0.0636237	2.21314	1.43616	2.36177	0.131943	1.30631	2.4054	2.3786	0.484081	0.212016	3.43306	2.4721	0.481684	0.626369	4.51366	2.33629	0.097576	-0.483871	5.45859	2.82172	-1.21052	-0.0507219	6.39293	2.35387	1.95409	1.70392	7.38254	2.40891	-1.15798	0.0279075	8.39122	2.83179	-0.365871	1.97106	9.47012	2.42318	0.100269	0.834462	0.517694	3.701	-0.196876	1.52276	1.42225	3.35548	1.56388	-1.66597	2.34266	3.46904	0.66597	0.0375747	3.35702	3.53777	0.831673	1.33557	4.40132	3.2768	0.758304	0.236016	5.37704	3.80847	-0.0807174	1.03434	6.48745	3.27835	-0.0634318	-0.119066	7.54969	3.43195	0.851562	-0.00245495	8.54878	3.8069	0.461511	1.39429	9.49996	3.37898	-0.00826199	-0.115893	0.524343	4.70862	-1.35751	0.453988	1.52701	4.34604	0.427803	-1.19701	2.58102	4.45606	-0.604352	-2.47694	3.57036	4.68387	0.120607	0.345226	4.49966	4.32832	-1.10761	-0.881807	5.5977	4.86325	-0.416841	-0.0832924	6.28829	4.23576	0.810663	0.0371094	7.25517	4.43555	1.43573	-1.07305	8.58033	4.79397	0.754807	-0.101615	9.49589	4.32927	-0.441569	-0.712672	0.659797	5.64866	0.675493	0.995682	1.70747	5.34898	1.07304	-2.3906	2.71453	5.3921	-0.421826	1.23417	3.69598	5.62954	-0.121276	0.749841	4.69896	5.36181	-0.742385	0.843456	5.60337	5.8732	0.381633	-0.384827	6.61037	5.30016	-0.641629	1.04544	7.73064	5.35906	0.0923338	-0.831437	8.641	5.83209	-0.711299	0.564838	9.49098	5.27658	-0.892344	-0.82132	0.507715	6.63064	2.08296	0.845468	1.46646	6.28806	-0.467591	-0.794976	2.44259	6.5052	0.342987	-0.0886665	3.4783	6.58501	1.24123	-0.169121	4.48057	6.3435	1.91801	0.486905	5.43301	6.8129	0.300128	1.62105	6.39263	6.52141	0.0784552	0.319298	7.36689	6.2824	-0.428679	-1.03521	8.23881	6.72372	-0.691813	1.28755	9.49617	6.32266	-0.617979	-0.287679	0.504839	7.58535	-1.90903	0.0410972	1.53426	7.38782	-0.830058	-0.858576	2.59216	7.50811	0.0245816	-0.160401	3.60669	7.61435	-0.0454957	1.05575	4.52491	7.33625	0.237209	0.248169	5.39796	7.75933	-0.469148	0.487649	6.43357	7.45477	0.629488	1.54749	7.45651	7.25831	-1.04584	-0.0714838	8.5213	7.63801	0.462783	-0.104084	9.49971	7.38351	0.0568034	-1.25668	0.527012	8.54901	0.320108	-0.0458795	1.56981	8.46695	0.371849	-1.2491	2.71617	8.48959	0.89104	0.617169	3.78777	8.58015	0.350874	1.65407	4.78502	8.48921	0.53262	0.806467	5.79278	8.67887	1.84031	0.92281	6.75952	8.56854	-0.548145	-1.01684	7.63545	8.20365	0.364195	-1.71014	8.52596	8.58977	-0.499836	-0.934243	9.49666	8.47537	-0.641673	-0.896367	0.516045	9.5	-2.18052	-0.000735501	1.46845	9.4858	0.464166	-0.244004	2.38615	9.49616	-1.0567	-0.0626189	3.32075	9.49951	0.145909	0.339749	4.26996	9.48777	1.88027	0.0945103	5.28552	9.49686	-0.208315	-0.396285	6.28347	9.5	-0.607806	-6.48213e-05	7.27992	9.49646	0.221377	0.21399	8.42602	9.49852	-1.34037	0.415883	9.49968	9.49527	0.0309156	0.243381	-21.9925
0.50005	0.522655	0.560946	-0.886638	-0.693101	1.43053	0.505057	0.0108169	1.28408	2.38143	0.548266	0.280006	1.20968	3.33596	0.639229	1.32482	-0.28123	4.26522	0.550013	0.895909	-0.724139	5.17936	0.543908	0.61262	-0.175754	6.15635	0.531859	0.752113	-0.0433159	7.28603	0.504318	0.0603332	-2.03574	8.44502	0.735217	0.809311	0.221962	9.49381	0.50384	-0.1863	-0.63638	0.597712	1.72042	0.995645	0.590715	1.84253	1.4327	3.3114	-1.37368	2.87694	1.51898	0.76671	1.79388	3.88259	1.49481	-1.38873	0.988926	4.82766	1.42584	1.24775	0.942892	5.79222	1.60295	1.2273	-1.60879	6.77599	1.48339	0.913623	1.65636	7.75087	1.44839	-1.36016	0.245385	8.65894	1.97901	-0.836388	2.25387	9.49922	1.50112	-0.472236	-1.04594	0.511405	2.80846	1.21215	1.06236	1.41764	2.39745	-0.443175	-1.86518	2.44284	2.40815	0.71406	0.935822	3.46843	2.50423	0.92006	0.699269	4.51158	2.30342	-0.408604	0.151886	5.40615	2.79952	-0.73909	-0.650896	6.43477	2.36732	-0.924009	-0.332928	7.38959	2.41031	1.78396	0.115114	8.38643	2.90287	0.289117	0.891977	9.497	2.47254	1.21105	0.321477	0.512518	3.79233	0.605131	1.42442	1.43835	3.31821	-0.45603	1.25652	2.43138	3.42973	2.10023	-2.31368	3.41645	3.61487	1.59774	1.67638	4.4337	3.3204	0.566627	0.809364	5.37348	3.85766	0.108354	0.728107	6.4993	3.33458	0.525441	1.352	7.57351	3.44003	-0.0449658	0.201289	8.56255	3.86512	0.0263056	0.682828	9.49995	3.37791	-0.00378345	0.584101	0.547216	4.72347	1.38008	0.908086	1.53554	4.28066	-0.212794	-1.55439	2.55542	4.3559	-0.137006	-0.371393	3.55042	4.66737	-0.99674	-0.575296	4.46148	4.2939	-0.399352	-0.199529	5.53927	4.86954	-1.46807	-0.161874	6.35361	4.25298	1.29014	1.49262	7.35041	4.38904	2.18251	-0.691946	8.59611	4.8171	-0.0912941	1.16382	9.49835	4.30666	0.588201	0.369885	0.684011	5.69334	0.112736	0.262045	1.74347	5.22665	0.275408	-2.01375	2.7084	5.4829	0.209987	1.88575	3.70914	5.67167	0.499216	0.582194	4.65993	5.37332	-0.727735	-0.495393	5.62352	5.84007	0.306136	-0.460122	6.58032	5.35805	-0.506848	1.17125	7.72254	5.30373	-0.426945	-1.27133	8.59052	5.83542	-1.08202	-0.439351	9.48106	5.29336	0.508844	1.23942	0.576543	6.65293	0.435079	0.310145	1.47185	6.27354	1.21931	-0.0847169	2.46705	6.48354	0.605543	-0.674512	3.52591	6.62512	0.704802	1.82954	4.57681	6.35959	1.72756	0.154673	5.44549	6.8531	0.442001	-0.106682	6.40265	6.49586	0.156679	-0.604396	7.33405	6.20742	-0.513333	-1.66926	8.24558	6.732	0.27015	-0.807195	9.49282	6.32456	0.344444	0.160986	0.572637	7.60458	0.920321	0.601303	1.50877	7.33418	0.110093	-1.34273	2.57768	7.49488	-0.649844	-0.201345	3.57178	7.66521	-1.06334	1.0493	4.52846	7.35617	-0.13931	0.71462	5.43727	7.81549	1.37734	1.23346	6.44781	7.58778	-0.359299	2.9681	7.35728	7.24009	-2.37536	-1.22313	8.55609	7.62095	0.940288	-0.571132	9.49985	7.32379	0.0924187	-1.01774	0.537098	8.54308	0.0746585	0.0866673	1.60238	8.39666	0.88446	-1.4413	2.76071	8.53563	0.825619	0.971969	3.79473	8.65479	0.0686152	0.906121	4.78489	8.56534	-0.293949	1.85607	5.81859	8.65248	-0.835858	-1.11681	6.76064	8.51952	1.01183	-0.713458	7.65728	8.15414	0.323731	-0.263017	8.52389	8.56105	0.538929	0.443606	9.49616	8.41281	-0.580242	-1.51171	0.533924	9.5	-1.68286	-0.000735386	1.44279	9.47938	-0.0142638	-0.146729	2.38912	9.49923	0.796208	-0.232474	3.34477	9.49692	0.855445	-0.177819	4.36228	9.49363	0.504033	-0.301225	5.27687	9.49388	1.04127	-0.0123396	6.29464	9.5	0.980318	-6.74133e-05	7.31784	9.49142	1.07277	-0.293543	8.34514	9.49741	-1.72024	0.178668	9.49767	9.48971	-0.0942165	-0.204828	-28.3696
0.55005	0.523401	0.5334	-0.872061	-0.461249	1.46823	0.540281	1.31742	0.185047	2.42546	0.570559	1.41733	-0.675002	3.35793	0.606214	-0.0824455	-0.80264	4.30263	0.508973	1.18752	1.37269	5.28757	0.510142	2.63697	1.46329	6.24489	0.530544	2.90274	-0.0529421	7.28649	0.581063	-0.00695047	1.12358	8.49191	0.737601	0.904276	-0.0225199	9.49244	0.505607	0.207946	0.52744	0.632056	1.72892	-0.0104435	-0.500653	1.97211	1.4139	1.33837	0.843499	2.90298	1.5943	0.26885	0.922901	3.82966	1.5522	0.352248	0.997195	4.88909	1.44513	0.507964	-0.0195592	5.84322	1.51089	0.952959	-2.01228	6.80896	1.50174	0.0427021	-0.353605	7.75329	1.46116	1.80392	0.12908	8.571	2.0074	-2.19364	-1.19393	9.49816	1.44316	0.148665	-0.594251	0.536394	2.83166	-0.132092	-0.253411	1.42319	2.26161	0.88668	-2.52721	2.45392	2.42545	-0.477465	-1.25813	3.51114	2.55177	0.456473	1.32547	4.46989	2.36037	-0.900278	1.27662	5.39187	2.76977	0.122607	-0.465875	6.34844	2.39996	-1.96434	1.1863	7.49726	2.42652	2.03047	0.447765	8.41726	2.95148	0.959021	1.03021	9.47684	2.43606	0.18966	-1.09886	0.521592	3.82059	-0.319316	0.156564	1.41874	3.3213	-0.078503	-2.19268	2.52585	3.32784	1.8114	0.0717938	3.50693	3.688	1.81567	0.973857	4.46229	3.3273	0.648143	-0.166147	5.39661	3.86306	0.783099	-0.669306	6.531	3.36592	0.562169	0.532348	7.54939	3.42421	-0.760499	-1.01047	8.55058	3.89321	-0.457217	0.844511	9.49996	3.41946	0.00282352	0.61113	0.611956	4.79098	1.14544	0.654587	1.51567	4.25223	-0.46839	0.723365	2.55018	4.38632	-0.395697	0.925473	3.4886	4.66535	-1.13169	0.864451	4.453	4.32756	-0.0116803	1.28053	5.47714	4.83864	-0.849584	-0.813817	6.40439	4.39169	0.882125	3.30932	7.4503	4.36298	1.62988	-0.640645	8.59284	4.86979	0.0525247	0.178273	9.49108	4.38995	0.251946	2.47791	0.680584	5.70504	-0.0330025	1.10032	1.74704	5.17234	0.0247783	0.031249	2.72858	5.54261	0.518619	0.0794623	3.72594	5.69793	0.069874	0.706742	4.63118	5.32381	-0.459081	-1.17084	5.62287	5.83553	-0.416416	0.0611817	6.5638	5.40978	-0.134573	0.894579	7.68808	5.25979	-0.825635	-0.202932	8.55552	5.80004	-0.325316	-0.431292	9.48027	5.36782	-0.428827	1.43428	0.564211	6.66578	-0.64754	0.0760035	1.55998	6.25705	1.65262	-0.798185	2.50983	6.47236	1.24218	0.681264	3.55807	6.73372	0.65956	2.07669	4.63235	6.35348	0.388414	-0.40571	5.48639	6.83786	1.08345	-0.524235	6.40551	6.48845	0.142119	0.280047	7.33086	6.13488	0.271793	-0.975563	8.22996	6.6918	-0.90096	-0.374853	9.48649	6.32505	-0.391481	-0.00699075	0.586927	7.62374	-0.105908	0.154462	1.54676	7.2586	1.05555	-1.49916	2.52862	7.49528	-1.16939	0.271611	3.51744	7.72266	-1.12624	1.12241	4.51522	7.40745	-0.480003	1.1571	5.44078	7.7792	-1.30579	-1.48624	6.39373	7.68466	-1.28197	0.775818	7.25714	7.14996	-1.64168	-1.97521	8.59295	7.60625	0.245365	0.138128	9.49982	7.29325	-0.0764388	-0.184374	0.537725	8.56879	-0.035295	0.58979	1.65288	8.32895	1.0877	-1.24926	2.79236	8.56567	0.382167	0.107504	3.80566	8.63637	0.405543	-1.42137	4.78512	8.62661	0.585539	0.331708	5.81603	8.6821	0.911162	0.997172	6.82314	8.56106	1.20524	2.39865	7.68752	8.1318	1.03917	-0.924791	8.5675	8.60557	1.06119	0.755375	9.49377	8.32969	-0.434445	-1.75191	0.550693	9.5	-0.240527	-0.000735042	1.48294	9.46525	1.65533	-0.465461	2.42596	9.49744	0.691339	-0.0560674	3.38366	9.49691	0.346027	0.167967	4.33589	9.49356	-0.388484	0.24126	5.37336	9.49806	1.56509	-0.583606	6.36559	9.5	1.83625	-6.53234e-05	7.35028	9.4728	-0.207542	-0.428279	8.28705	9.49792	-0.129483	-0.263398	9.48848	9.47956	-0.283307	-0.246822	-28.3949
0.60005	0.536929	0.512938	0.575963	-0.366345	1.50905	0.533377	0.167764	-0.393262	2.46101	0.500273	0.151171	-1.83834	3.41361	0.57144	2.22208	-0.564483	4.3869	0.570067	2.0629	0.966676	5.40307	0.558468	2.00115	0.284624	6.40478	0.513879	2.38631	-0.761849	7.3218	0.595712	2.14708	-0.662097	8.52927	0.732097	0.555471	-0.253451	9.49355	0.501003	0.120697	0.924899	0.586808	1.6684	-1.47073	-1.68245	1.983	1.43703	-0.0887104	-1.0031	2.95386	1.57413	1.77254	-1.56845	3.91631	1.5772	2.25444	-0.105966	4.87498	1.4509	-0.462819	0.346379	5.86944	1.41812	-0.00801575	-1.42285	6.82785	1.49729	0.95083	0.405963	7.80414	1.41429	-0.65707	-2.14216	8.55029	1.96679	2.08645	0.329142	9.49371	1.45906	-0.170521	0.718974	0.502727	2.78015	-1.12611	-1.64631	1.46006	2.19926	-0.693143	0.226517	2.39374	2.37633	-1.20225	0.231762	3.48516	2.63814	-1.35891	1.97122	4.45828	2.37544	0.411512	-0.33887	5.38857	2.76005	-0.647096	0.13112	6.28136	2.43147	-0.290862	-0.119188	7.57714	2.41924	1.19327	-1.22095	8.48964	2.96696	1.86808	-0.394197	9.49665	2.40754	0.523576	0.379463	0.509436	3.81627	0.674279	-0.545526	1.44667	3.18532	1.12086	-2.51885	2.61356	3.40174	1.55071	1.83271	3.58635	3.71474	1.28527	0.430826	4.50738	3.35213	1.21932	1.05952	5.44745	3.79334	1.26708	-1.83635	6.53618	3.42191	-0.527228	1.65554	7.51978	3.36055	-0.203582	-1.1782	8.52087	3.93562	-0.758426	-0.0630809	9.49997	3.44166	0.0090925	0.368634	0.65625	4.78467	0.524093	-0.116534	1.48756	4.25505	-0.457544	-0.861209	2.50284	4.42902	-1.32824	0.841983	3.45943	4.75366	-0.0424326	2.22277	4.45249	4.36456	-0.0809208	-0.221677	5.46308	4.8026	0.203506	-0.684483	6.45026	4.52165	0.97442	1.42593	7.51453	4.31184	1.02117	-1.16328	8.58797	4.84867	-0.401588	0.30523	9.49313	4.47336	0.261627	0.244681	0.686464	5.76849	0.260784	0.332707	1.75239	5.23101	0.0846168	1.6223	2.74628	5.49974	0.050316	-1.29548	3.72102	5.75481	-0.211761	1.61013	4.60764	5.30478	-0.429319	0.747153	5.58518	5.82262	-0.972583	-0.731904	6.56605	5.46916	0.201031	1.81404	7.66187	5.25572	-0.173934	-0.382583	8.54538	5.82058	-0.119064	0.878211	9.49153	5.41557	0.784834	0.596716	0.52001	6.6843	-1.19091	0.960815	1.61889	6.18988	0.923928	-1.4973	2.59459	6.5391	1.96768	1.44089	3.59883	6.80056	1.06346	0.356636	4.62153	6.3294	-0.686837	-0.387598	5.52319	6.80092	0.0676179	-0.417816	6.42999	6.50219	0.597936	-0.0223174	7.34296	6.13674	0.235318	0.823035	8.16737	6.71174	-1.42069	1.17506	9.46744	6.35564	-0.398891	1.17529	0.581094	7.62569	-0.02589	-0.068893	1.57185	7.19351	-0.309103	-1.17292	2.48373	7.53424	-0.579262	1.35536	3.44169	7.74184	-1.90243	-0.280133	4.45344	7.45204	-2.19938	0.515589	5.3554	7.77478	-1.42131	0.857606	6.36048	7.7038	-0.140765	0.165535	7.19406	7.08546	-0.705782	-0.0263466	8.5802	7.62249	-0.372615	0.17981	9.49977	7.29553	0.0251148	0.172591	0.537053	8.56423	0.0574567	-0.636679	1.70694	8.27278	1.01358	-0.969148	2.7967	8.54665	-0.168824	-0.718657	3.84915	8.59666	1.38682	0.191226	4.84576	8.60446	1.58923	-0.88414	5.89061	8.63578	1.66866	-2.24022	6.88302	8.6584	1.30271	0.286924	7.73068	8.07028	0.205886	-1.25601	8.61576	8.61009	0.698678	-0.495687	9.49244	8.25117	0.17175	-1.0971	0.514905	9.5	1.64135	-0.0007368	1.52339	9.43041	-0.53089	-0.937273	2.46748	9.49888	0.559242	-0.26125	3.39184	9.49869	0.694541	-0.345816	4.36799	9.49605	1.44266	0.48496	5.39006	9.49472	-0.416166	-0.22319	6.41703	9.5	-0.667051	-6.62909e-05	7.35751	9.4732	1.6127	0.972776	8.32666	9.49763	1.37075	-0.152977	9.46932	9.46263	-0.472473	-0.438718	-33.6586
0.65005	0.51431	0.504793	-1.43769	0.327948	1.49518	0.505275	-0.481881	1.07922	2.5024	0.566674	1.67098	0.459387	3.51888	0.542174	1.74976	-0.7039	4.49809	0.585888	2.18525	-0.386509	5.47362	0.508316	0.901527	-2.21086	6.46331	0.529028	0.796868	0.677439	7.47495	0.532246	3.20897	3.38341	8.54401	0.709986	0.00801226	-0.638917	9.49758	0.508503	0.516286	0.150607	0.505168	1.57473	-1.76643	-2.00625	1.98147	1.36746	-0.293128	-0.606042	3.02112	1.48777	0.419332	-1.62747	3.96513	1.53577	-0.0235464	-1.37044	4.92904	1.47783	2.48556	0.793693	5.88221	1.40675	0.832813	0.906625	6.8641	1.53716	0.358885	0.9896	7.82222	1.37725	1.7655	0.712423	8.66163	1.96621	1.47338	-0.79146	9.49651	1.47781	0.575112	0.113787	0.53533	2.68796	0.0704955	-1.73336	1.34913	2.18262	-2.63633	-1.77181	2.37966	2.41977	0.21908	1.09011	3.4078	2.72907	-1.49902	1.52186	4.47602	2.38544	-0.273737	0.618827	5.35222	2.76239	-0.0733125	-0.39517	6.31394	2.40437	1.20398	-0.627458	7.62605	2.31	0.785894	-2.41512	8.58517	2.93131	1.68077	-0.853723	9.49598	2.48449	0.662357	2.18077	0.532077	3.76075	0.228359	-1.54673	1.52355	3.13402	1.95103	0.616562	2.66818	3.47614	0.522438	1.1274	3.63268	3.75221	0.601363	1.06459	4.57484	3.38846	1.24325	0.134948	5.52801	3.72137	1.84423	-0.641359	6.48832	3.51253	-0.949631	1.69191	7.52708	3.2993	0.332069	-1.54775	8.48319	3.89138	-0.582046	-0.890331	9.49999	3.45866	0.0164131	0.319831	0.659	4.79051	-0.325214	-0.13323	1.48205	4.18271	0.104316	-1.83796	2.4431	4.47672	-0.834704	0.985516	3.48642	4.83975	1.18733	0.964016	4.45042	4.34468	0.124632	0.127558	5.47876	4.76115	0.296987	-1.03046	6.50495	4.54238	1.22008	-0.117123	7.55015	4.26864	0.316765	-0.54019	8.56821	4.90304	-0.143024	0.921651	9.48776	4.42915	-0.117005	-1.3097	0.702566	5.74634	0.387481	-0.662621	1.74511	5.22803	-0.551001	-1.86072	2.72668	5.45953	-0.830547	0.0178484	3.69754	5.84261	-0.837808	1.2799	4.59406	5.35621	-0.182463	0.68012	5.53586	5.77359	-0.890183	-0.917334	6.57644	5.56169	0.140437	1.01526	7.64847	5.23482	-0.622519	-0.231823	8.5374	5.8811	-0.346207	1.66608	9.47521	5.43254	-0.268088	-0.197192	0.541173	6.70128	0.972664	-0.852495	1.66398	6.1858	0.942821	1.22342	2.68381	6.59011	1.42977	0.607973	3.66374	6.77895	1.24084	-0.568652	4.58222	6.33793	-0.630831	0.925503	5.492	6.81269	-1.10264	0.46072	6.42522	6.49609	-0.728045	0.455639	7.37224	6.16536	0.864542	0.369493	8.11151	6.78963	-0.672503	1.59058	9.44344	6.38709	-0.545281	-0.20842	0.591248	7.62897	0.415414	0.25809	1.52505	7.14261	-1.3441	-0.611889	2.43352	7.59617	-1.57104	0.452998	3.37692	7.73884	-0.350298	0.11376	4.33157	7.4734	-1.92939	0.681592	5.32973	7.76019	0.157293	-1.72524	6.36922	7.68593	0.400425	-1.1427	7.19125	7.16924	0.326561	2.60662	8.58985	7.60717	0.638596	-0.467746	9.4999	7.31182	-0.0946394	0.503953	0.541027	8.55286	0.0709232	0.485886	1.73691	8.24338	-0.186049	0.0702972	2.7823	8.52722	-0.341917	0.338239	3.91836	8.60881	1.09521	-0.121768	4.90199	8.6055	0.636823	1.08118	5.95238	8.54532	0.652281	-0.753425	6.95458	8.60694	1.11812	-1.50038	7.69396	8.02033	-1.00878	-0.915015	8.6123	8.5786	-1.06048	-0.665507	9.49494	8.25371	-0.549081	1.31783	0.549646	9.5	-0.685554	-0.000736028	1.48515	9.36861	-0.309326	-1.60571	2.45847	9.4971	-0.488162	0.0311413	3.46115	9.49789	1.41146	-0.320583	4.44097	9.49496	0.992821	0.479145	5.38357	9.49537	0.531757	-0.211615	6.35488	9.5	-0.91671	-6.4926e-05	7.45263	9.45859	1.5213	-0.946793	8.42399	9.49797	2.48675	-0.265316	9.44542	9.43538	-0.361209	-0.655741	-42.8105
0.70005	0.533314	0.50384	-0.313449	-0.710504	1.48639	0.52466	0.616993	-0.242648	2.59235	0.534334	1.35419	-1.61078	3.59148	0.505221	1.21418	1.1194	4.57639	0.549153	0.813833	-0.943548	5.53095	0.575373	1.63362	0.995602	6.52802	0.553659	1.79712	0.320192	7.56872	0.551138	0.536789	-1.79634	8.54588	0.662803	0.309425	-1.35454	9.49493	0.507005	-0.182586	-0.415581	0.560265	1.46887	0.411966	-2.23228	1.96367	1.39719	0.0383955	1.12695	2.98836	1.43168	-1.16937	-0.386257	3.99109	1.46108	0.978198	-1.52438	5.01557	1.53465	0.624496	1.4254	5.97089	1.47405	2.32834	1.60482	6.91041	1.56811	2.14827	0.0269543	7.96317	1.42755	2.11946	-0.712722	8.68797	1.92492	0.680134	0.410215	9.49467	1.47608	0.26825	-0.248736	0.520955	2.63869	1.42151	-0.366435	1.29161	2.06637	0.447082	-1.85566	2.38539	2.464	-0.0735228	0.549492	3.35494	2.78308	-0.462193	0.648497	4.41012	2.40297	-2.03032	0.0575763	5.40452	2.70846	1.70253	-1.63008	6.37835	2.40239	1.36542	0.814361	7.63544	2.29732	-0.551176	1.94671	8.61613	2.90127	-0.799589	-0.207224	9.49257	2.53366	-0.100378	-0.813152	0.532789	3.67365	-0.178455	-1.8307	1.62587	3.16239	2.0074	-0.237729	2.65968	3.52342	-0.804437	0.816284	3.64893	3.8092	0.0747483	1.07733	4.61804	3.3821	0.504614	-0.133333	5.57141	3.73343	-0.374914	0.693928	6.51358	3.55569	2.18659	-0.146829	7.54265	3.21791	0.230267	-1.02681	8.47298	3.87257	0.190481	0.0927693	9.49999	3.47754	-0.014205	0.343576	0.63223	4.73707	-0.719996	-1.92654	1.48514	4.10189	-0.0326972	-0.914504	2.43949	4.50638	0.760541	0.144837	3.5586	4.85572	1.36291	-0.26653	4.47688	4.38795	0.987659	1.13316	5.49067	4.70796	0.215158	-0.793478	6.56658	4.54596	1.1262	0.388012	7.5426	4.24249	-0.529954	-0.66076	8.57477	4.91721	0.164499	-0.148409	9.48937	4.40919	0.156721	0.795325	0.734237	5.71184	0.961361	-1.09924	1.67502	5.13024	-2.25421	-1.55766	2.67614	5.50196	-1.17277	1.44242	3.64042	5.82757	-1.24235	-1.17627	4.57625	5.36386	-0.575208	-0.0241733	5.50933	5.74819	-0.0961081	-0.160027	6.57778	5.55076	-0.137354	-0.80506	7.5976	5.2322	-1.22122	-0.0185217	8.50501	5.96323	-0.903978	1.14421	9.48213	5.38705	0.517829	-1.28328	0.569901	6.64142	0.0801143	-0.889142	1.72447	6.21202	1.46575	-0.385031	2.72844	6.60268	0.317196	-0.131623	3.68755	6.80398	-0.267822	1.24907	4.57269	6.40056	-0.0592916	1.0522	5.43927	6.77531	-0.72607	-1.9385	6.38882	6.56702	-0.384818	1.79429	7.39863	6.18972	-0.103404	0.530176	8.09519	6.84436	0.0339464	0.674618	9.42216	6.36521	-0.17976	-0.373551	0.608548	7.62955	-0.0258379	-0.224939	1.45286	7.16194	-1.27702	1.13464	2.36826	7.56152	-0.961527	-1.27206	3.35958	7.746	-0.807354	0.225213	4.32149	7.54473	1.49487	2.1046	5.32795	7.71784	-0.272828	0.516913	6.3506	7.61598	-1.56842	-1.1805	7.20423	7.21959	0.00638185	-1.14157	8.62164	7.61524	0.568143	0.683451	9.49989	7.33611	0.0380333	0.393586	0.545914	8.58072	0.159929	-0.056966	1.66866	8.29397	-2.15066	1.47633	2.76742	8.57229	-0.229741	0.995165	3.94564	8.57536	0.0600456	-1.05173	4.9455	8.63935	1.0604	-0.0925958	5.95488	8.55327	-0.431543	0.659559	6.94589	8.5686	-1.12288	-0.131142	7.73112	7.99431	2.22515	0.365247	8.50976	8.54705	-2.60976	-0.173103	9.49011	8.35965	-0.00262253	2.53399	0.532689	9.5	1.60099	-0.000735864	1.48332	9.27133	-0.0682704	-2.08583	2.44863	9.49819	0.0824226	-0.157552	3.48652	9.49703	-0.530043	-0.27663	4.45306	9.4982	-0.168192	-0.651536	5.43134	9.49496	0.929317	-0.101483	6.38374	9.5	2.27389	-6.47768e-05	7.50943	9.43197	0.876705	-0.249114	8.52829	9.4981	1.13778	-0.298101	9.46945	9.39609	1.79871	-0.877995	-36.8533
0.75005	0.524167	0.500514	1.20449	-1.11315	1.54705	0.505442	1.45347	0.75793	2.61871	0.550566	-0.250383	0.89496	3.62641	0.531961	-0.0103431	-0.308742	4.61392	0.504462	1.0264	1.16511	5.6222	0.6078	1.74927	0.425813	6.62155	0.564371	1.39845	0.143638	7.55839	0.548481	-0.721236	0.468379	8.5658	0.565254	-0.0160904	-2.45882	9.49589	0.504966	-0.236279	0.608836	0.542332	1.41975	-0.77776	1.18735	2.02126	1.40276	1.6921	-0.926774	2.96159	1.4569	0.773582	1.55291	4.04004	1.403	0.941172	-0.528938	5.03008	1.6097	0.288619	1.50024	6.05693	1.54819	1.23582	1.35055	7.06319	1.54136	2.47909	-1.10758	7.96724	1.35175	0.46851	-0.452445	8.71225	2.00155	-1.55808	0.719025	9.49295	1.44895	-0.00998066	-0.620353	0.55071	2.62777	-0.17662	-0.384795	1.32886	2.05533	0.691036	1.11112	2.38707	2.45566	0.521849	-1.1581	3.35976	2.80293	0.451857	0.269597	4.30201	2.39966	-2.10406	-0.136104	5.47459	2.61952	0.902355	-1.80093	6.47429	2.48088	2.63759	2.03874	7.61964	2.31094	0.214141	-0.753295	8.52874	2.92386	-2.27262	1.28423	9.49412	2.46619	-0.336564	-0.728711	0.518032	3.59484	-0.376959	-1.08866	1.69865	3.1083	0.386654	-1.28302	2.60918	3.54715	-0.948995	0.0114246	3.64463	3.84437	-0.202219	0.0842381	4.62533	3.3757	-0.261855	-0.257096	5.55319	3.73524	0.0724214	-0.710332	6.63651	3.52052	1.89399	-0.843603	7.55258	3.28522	0.6756	2.24155	8.49776	3.89794	0.745669	0.921917	9.5	3.47145	0.0120914	-0.642554	0.58386	4.62087	-1.27675	-2.46847	1.47999	4.09305	-0.0632165	-0.0200126	2.49866	4.52295	1.36528	0.832144	3.60193	4.81692	0.347642	-0.904489	4.54358	4.40578	1.54484	-0.539269	5.50802	4.71811	0.598835	1.16008	6.60015	4.56295	0.0665868	0.0265929	7.51768	4.20872	-0.254219	-0.0872495	8.56503	4.90801	-0.609041	-0.0835899	9.49541	4.44211	-0.316865	-0.307842	0.789227	5.63434	0.806514	-1.49564	1.55738	5.07587	-1.80055	-0.790463	2.59974	5.57451	-1.81221	1.1165	3.59013	5.80965	-0.78847	0.558897	4.54373	5.39065	-0.650873	1.0836	5.52316	5.73481	0.549324	-0.540709	6.55605	5.53602	-0.77339	0.462521	7.54417	5.22152	-0.817342	-0.445375	8.45903	5.96386	-0.840169	-1.11274	9.48243	5.37722	-0.58942	1.35115	0.550106	6.616	-0.745014	-0.489526	1.79272	6.17498	0.938445	-0.872889	2.72038	6.57743	-0.426966	-0.701296	3.66993	6.86459	-0.309687	1.08227	4.52202	6.41208	-1.69428	-0.463095	5.44343	6.71326	0.50659	-0.159455	6.39817	6.6152	0.556725	-0.349801	7.36247	6.20071	-1.02104	-0.257812	8.12005	6.87407	0.782687	0.465255	9.42729	6.3531	0.285472	-0.0671503	0.550675	7.61139	-2.30301	-0.809974	1.42766	7.19821	0.0275192	0.0506728	2.3328	7.51706	-0.341324	-0.331835	3.30404	7.76186	-1.20748	0.384626	4.40085	7.65015	0.76037	1.70966	5.33146	7.73999	0.667867	-0.140386	6.25593	7.58646	-1.41958	0.0548744	7.18503	7.15705	-0.692473	-0.489568	8.64875	7.65999	0.106487	1.61639	9.49998	7.34348	-0.0338989	-0.211583	0.550697	8.54518	-0.0419445	-0.674896	1.56756	8.28941	-1.69204	-2.30404	2.76143	8.59002	-0.0548282	-0.357962	3.93811	8.53322	-0.342156	-0.294133	4.96237	8.62183	-0.798273	-0.119898	5.93054	8.59038	-0.265883	0.73632	6.90497	8.55834	-0.252184	-0.453649	7.72508	7.97978	-2.46206	-1.107	8.44914	8.61945	0.0117397	1.54913	9.49583	8.44879	-0.33633	0.302965	0.561366	9.5	-0.48279	-0.000737399	1.49062	9.22729	0.398494	0.845068	2.44369	9.4996	-0.502989	-0.398348	3.4296	9.49079	-1.28828	-0.0410793	4.44479	9.49793	-0.169184	0.501057	5.48002	9.4963	1.12959	0.307405	6.53762	9.5	3.22751	-6.46051e-05	7.54477	9.42311	0.568328	-0.187031	8.53335	9.49966	-1.17577	0.734056	9.45348	9.38432	0.211569	0.978499	-28.1487
0.80005	0.56872	0.511836	0.630559	0.407918	1.60532	0.514795	0.541156	-0.595526	2.59998	0.546578	-0.0526468	-0.874226	3.6046	0.518242	-0.541281	1.09662	4.67634	0.555139	1.26859	0.834503	5.68217	0.626079	0.163384	0.399225	6.6084	0.566745	-1.17275	-0.169011	7.5646	0.527299	0.882593	1.86111	8.52469	0.560558	-0.705639	1.66508	9.49466	0.502685	-0.203226	-0.769166	0.507619	1.55041	1.10769	3.15917	2.0655	1.37068	0.42118	0.192062	3.07974	1.5703	3.22634	2.50155	4.07888	1.40061	0.603039	0.11297	5.05457	1.67458	0.580582	0.850687	6.10509	1.61602	0.528568	1.41459	7.07008	1.4642	-0.874509	-1.66013	8.06215	1.33929	0.358205	-1.77831	8.61578	2.02726	0.119099	2.46105	9.4886	1.46242	-0.319361	1.19149	0.503273	2.58206	-1.60717	-1.37631	1.38734	2.11502	1.56054	0.911037	2.44118	2.35861	1.25162	-2.18749	3.36789	2.82253	-0.444106	0.573732	4.22635	2.38669	-0.645324	-0.442736	5.50757	2.54079	0.697002	-1.06396	6.62449	2.56417	3.09878	0.734349	7.65288	2.31397	0.648269	0.396368	8.45344	2.98301	0.802004	0.291351	9.49133	2.4643	0.291933	0.068764	0.502773	3.56413	0.436687	-0.569027	1.65715	3.05922	-1.55589	-0.738786	2.57516	3.53298	-0.493106	-0.416614	3.63263	3.80465	-0.242997	-1.37519	4.59581	3.34637	-0.759903	-0.931767	5.5831	3.68844	0.961362	-0.994062	6.65288	3.5152	-0.737909	1.00572	7.62297	3.30284	0.285736	-0.106439	8.54265	3.95852	0.983534	1.20276	9.49999	3.42391	0.00794596	-0.919192	0.506947	4.52336	-1.67688	-1.01799	1.48583	4.05902	0.257304	-1.40372	2.5657	4.58132	1.2735	1.09691	3.60489	4.80628	-0.0609311	0.446733	4.61545	4.36248	1.23019	-0.913177	5.55489	4.77008	1.17931	0.327957	6.56793	4.55034	-1.26291	-0.358871	7.52702	4.2809	0.666538	1.56136	8.52236	4.91842	-0.92325	0.491919	9.48941	4.41361	0.0719899	-0.35785	0.760073	5.60731	-1.71368	0.0776667	1.55319	5.0282	1.32501	-0.860397	2.53611	5.56956	-0.461657	-1.29495	3.54931	5.85883	-0.926767	1.17197	4.51631	5.42651	-0.401776	-0.145725	5.54493	5.72324	0.00613808	0.631861	6.51065	5.57547	-0.761328	0.472605	7.51464	5.20528	-0.460935	0.395161	8.4205	5.88471	-0.747362	-1.5199	9.46287	5.43827	-0.247184	0.225941	0.505321	6.56912	-1.05616	-1.40054	1.766	6.15264	-2.16851	0.137402	2.70898	6.56186	-0.0605688	0.126237	3.65012	6.90966	-0.416792	0.592478	4.46479	6.3868	-0.380339	-0.158472	5.44149	6.73819	-0.610452	0.790581	6.40703	6.53565	-0.451307	-2.15012	7.33297	6.16967	0.111846	-0.675352	8.15687	6.88151	0.635031	-0.209712	9.43866	6.38159	0.0767779	1.22208	0.570295	7.54816	1.50822	-1.03921	1.41661	7.15828	0.0334963	-1.99392	2.33409	7.52457	0.0727181	0.436054	3.26641	7.77599	0.0274392	0.159758	4.37451	7.692	-1.53477	-0.0159687	5.33983	7.72257	-0.495665	-0.200862	6.28854	7.59927	2.34093	0.377247	7.15095	7.1598	-0.746692	-0.427865	8.63139	7.73385	-0.0042673	-1.09646	9.5	7.32896	-0.0236915	0.0821823	0.539731	8.53456	-0.418421	-0.0996432	1.49702	8.14771	-1.15431	-2.58205	2.74378	8.56788	-0.862808	-0.106065	3.89716	8.56602	-1.43962	1.52205	4.89228	8.6296	-1.35692	0.130315	5.92908	8.61319	0.0328142	-0.0434535	6.90468	8.53041	-0.212614	-0.30417	7.6273	7.94453	-0.381258	0.00147749	8.42442	8.57856	-1.48994	-0.0508413	9.48693	8.40607	-0.0307603	-1.31521	0.501536	9.5	1.7998	-0.000737489	1.49557	9.27874	-0.791672	0.67313	2.41008	9.49842	-0.408372	0.197668	3.39083	9.49064	-0.203933	0.0614807	4.43221	9.49694	-0.371421	0.573832	5.53464	9.49619	0.880773	-0.263975	6.64155	9.5	0.305003	-6.48036e-05	7.56791	9.40272	0.344881	-0.774343	8.48934	9.49801	0.4157	-0.106218	9.47762	9.48308	-1.59487	2.41416	-32.1194
0.85005	0.585231	0.527898	-0.0407223	0.308269	1.59698	0.524361	-0.658783	0.421231	2.61412	0.517377	0.303102	1.35407	3.59205	0.549734	0.182373	0.188403	4.70614	0.583007	-0.708144	0.132305	5.62772	0.659174	-1.12491	0.999723	6.59131	0.525139	-0.125737	-1.53769	7.54877	0.510611	-0.727323	-2.16541	8.5808	0.508814	1.06191	-2.3275	9.49707	0.501976	-0.444275	-0.608908	0.552107	1.63803	0.624558	-0.76365	2.09755	1.39534	1.07308	0.0617458	3.23182	1.67841	2.51674	1.83868	4.12948	1.3921	1.7063	-0.671239	5.07268	1.67057	0.252669	-0.845211	6.09882	1.68758	-0.57793	1.31557	7.04662	1.41233	-0.28118	-0.281512	8.01776	1.39231	-0.781886	2.59608	8.65439	2.09753	0.227093	-1.05567	9.47907	1.51516	-0.00518731	0.2973	0.554862	2.55875	0.680785	1.32051	1.46339	2.10948	1.26317	-1.16031	2.47927	2.29023	0.142716	-0.163715	3.31908	2.83682	-1.18798	-0.334906	4.22994	2.36302	0.464497	-0.38921	5.56167	2.54509	1.34557	1.21371	6.75988	2.55801	1.84133	-0.41446	7.67564	2.31163	0.708821	-0.3046	8.58555	3.03143	2.81609	2.41977	9.4943	2.46866	-0.261968	0.580966	0.524745	3.51467	0.399775	-0.963758	1.58329	3.05104	-1.26334	0.206952	2.54718	3.51485	-0.720344	-0.273812	3.62555	3.75963	0.0137573	-0.0424227	4.56644	3.29174	-0.2844	-1.05737	5.62513	3.64109	0.373062	-0.865578	6.60166	3.59602	-1.02188	1.32757	7.55951	3.32618	-1.45726	0.215823	8.58588	3.98028	0.658722	-0.247338	9.49999	3.41885	-0.0103874	0.877834	0.576394	4.5298	1.64173	0.897835	1.50187	3.98717	0.385883	-0.774758	2.6233	4.57396	1.01039	-1.65572	3.60889	4.83961	0.270983	0.737161	4.66386	4.32306	0.697682	-0.720295	5.59747	4.75546	0.0282412	-0.399571	6.51703	4.53859	-0.137362	0.00476571	7.5734	4.28736	1.00888	-0.46333	8.48513	4.92867	-0.541072	-0.260723	9.49467	4.41506	-0.325952	0.348695	0.673099	5.5699	-1.55676	-1.96665	1.63125	5.0112	1.4831	0.0284953	2.52549	5.5319	-0.163606	0.339276	3.50255	5.90916	-0.812926	0.663878	4.50355	5.37359	-0.113332	-1.57456	5.50644	5.79303	-1.34014	1.55001	6.50056	5.51788	0.171392	-2.4012	7.49306	5.26139	-0.293603	0.531043	8.38308	5.87102	-0.637548	1.04294	9.45358	5.41221	-0.155175	-0.811405	0.536236	6.51584	0.478505	-0.300001	1.63483	6.13635	-2.43669	-2.16803	2.68967	6.57112	-0.894477	0.15544	3.6396	6.90355	-0.114161	-0.792007	4.47813	6.40099	0.730591	0.361972	5.39762	6.7712	-0.992767	0.617235	6.34983	6.48228	-1.57757	0.00855271	7.36796	6.17293	0.902053	1.03406	8.16171	6.82363	-0.62781	-2.26255	9.43026	6.41523	-0.415445	-0.148972	0.569174	7.52962	-1.00366	-0.199971	1.46018	7.01742	0.966775	-1.89487	2.32562	7.54783	-0.239894	0.474886	3.29648	7.80052	0.665599	0.897409	4.28248	7.67362	-1.62497	-0.424777	5.32148	7.73669	-0.221348	0.741137	6.36838	7.64637	0.540185	1.42329	7.15544	7.08469	1.07421	-1.7314	8.63067	7.63494	-0.855013	-0.662104	9.5	7.37182	0.000335734	1.12971	0.507666	8.51717	-0.868066	-0.491859	1.4502	8.06009	-0.745208	-1.00577	2.67754	8.57517	-1.60098	0.0155199	3.80888	8.65008	-1.6531	1.28178	4.85331	8.61771	-0.345313	-0.574982	5.91463	8.57714	-0.789177	-1.20593	6.88307	8.53941	-0.107602	0.402613	7.67791	7.94375	1.12683	-0.724573	8.32325	8.60627	-1.78469	-0.284009	9.487	8.35111	-0.0362835	-0.693538	0.539691	9.5	-0.960563	-0.00073793	1.44053	9.27943	-0.333147	-0.74425	2.40311	9.49823	-0.212033	-0.106722	3.39488	9.49537	0.0323897	0.00906232	4.41166	9.49535	-0.320783	-0.465367	5.55536	9.4974	-0.149439	0.374275	6.57543	9.5	-2.24808	-6.49412e-05	7.57643	9.344	-0.1261	-1.40002	8.54497	9.49882	0.871443	0.397504	9.46719	9.39484	1.7846	-2.49474	-31.4756
0.90005	0.556772	0.538403	-1.1235	-0.0797417	1.56254	0.527913	-0.581541	-0.20449	2.62556	0.551211	0.484245	-0.573838	3.62083	0.538802	0.693189	-0.618457	4.62443	0.525106	-1.40794	-2.95877	5.61649	0.726491	-0.164236	1.59419	6.55533	0.549918	-0.905494	0.907067	7.55464	0.568956	0.335401	0.349425	8.52847	0.606733	-2.10365	2.1107	9.49695	0.504474	0.389724	-0.640555	0.572084	1.53606	0.211975	-2.39605	2.17626	1.35983	1.72578	-0.627391	3.31955	1.76635	1.03982	1.68101	4.20175	1.3569	0.431189	-0.170992	5.1122	1.63093	1.38542	-0.445461	6.07647	1.73488	-0.126221	0.605131	7.01204	1.43127	-1.06749	1.17181	7.98504	1.40212	-0.675524	-1.75675	8.66926	2.04683	0.951167	-0.455547	9.49784	1.48764	0.790931	-0.865607	0.579119	2.59019	0.292509	-0.824345	1.47964	2.04337	-0.606227	-1.4268	2.45309	2.33372	-1.29838	1.43868	3.28882	2.80512	0.326392	-0.452336	4.25007	2.33953	0.283908	-0.62642	5.62018	2.63449	0.924826	1.93691	6.77325	2.54857	-1.06248	-0.0724764	7.73321	2.34058	1.27034	1.50089	8.65459	3.05376	-0.401485	-1.89095	9.49484	2.52104	-0.439982	1.13026	0.538313	3.55253	0.122123	2.44618	1.52987	3.02758	-0.880053	-0.871617	2.50101	3.49676	-1.10144	-0.705536	3.63054	3.79338	0.112656	1.10231	4.57331	3.26119	0.511811	-0.115221	5.59058	3.6122	-1.65834	-0.00569425	6.57839	3.58508	-0.0789398	-1.69629	7.51814	3.29295	-0.124943	-1.16569	8.59737	4.00525	-0.179041	0.964769	9.5	3.50571	0.00106217	2.09121	0.654292	4.55143	1.45559	-0.819352	1.52643	4.02026	0.689285	1.51717	2.66368	4.46762	0.63196	-1.98929	3.622	4.86971	0.0575407	0.364832	4.68	4.28029	-0.147905	-1.06405	5.55596	4.75414	-1.09184	0.326116	6.56711	4.53324	1.74139	-0.711213	7.61895	4.2799	0.750114	-0.220784	8.46571	4.92716	-0.20499	0.526509	9.49687	4.44395	-0.460759	0.915144	0.599979	5.47208	-1.53483	-0.784419	1.6871	5.00656	0.79955	-0.70686	2.52393	5.56748	0.14827	0.649922	3.47662	5.90636	-0.187129	-0.832712	4.51247	5.30365	0.582241	-1.03229	5.43543	5.83273	-1.37424	0.00332744	6.49391	5.46054	-0.606218	0.926581	7.49105	5.22554	0.101358	-1.47646	8.38997	5.87813	1.10247	-1.37009	9.44489	5.39292	-0.209757	0.3033	0.548453	6.5116	0.099164	-0.30652	1.52816	5.93367	-2.10101	-4.00912	2.61865	6.58055	-1.8219	0.273313	3.62007	6.86868	-0.685317	-0.247081	4.50426	6.39105	-0.0266916	-0.87977	5.36037	6.82568	-0.337926	1.43678	6.2886	6.49185	-0.619317	0.217735	7.38713	6.16278	-0.547197	-1.63598	8.13303	6.77964	-0.153259	1.42623	9.39913	6.38869	-0.813978	-0.681306	0.500577	7.50347	-1.64005	-0.733185	1.49149	7.00803	0.408649	0.13924	2.32497	7.57073	0.188833	0.384434	3.28679	7.83225	-1.09313	-0.0716136	4.26044	7.66074	0.745577	-0.152222	5.30872	7.76362	-0.388156	0.0363849	6.37814	7.69308	0.00521486	0.189595	7.17694	7.0962	-1.02363	0.987645	8.56513	7.6501	-0.745892	0.593412	9.5	7.38179	0.00033561	-0.784801	0.530166	8.50158	0.444958	-0.0439816	1.42091	8.03898	-0.371317	0.0788265	2.59389	8.54983	-1.75181	-0.875436	3.77838	8.64706	0.58074	-1.0839	4.83002	8.59578	-0.807292	-0.039486	5.86547	8.53979	-0.755271	0.250529	6.906	8.55769	0.654152	0.22159	7.64154	7.85502	-2.01217	-1.28832	8.29517	8.59164	0.227256	-0.450233	9.47995	8.34901	-0.240554	0.0946246	0.547671	9.5	1.09135	-0.000737272	1.45806	9.20727	0.699385	-2.16266	2.3815	9.49826	-0.561714	-0.105055	3.362	9.4978	-1.19749	0.502303	4.40903	9.4927	0.126742	-0.206033	5.5015	9.4959	-2.14484	0.253701	6.47821	9.5	-1.30157	-6.39571e-05	7.55044	9.28825	-0.751879	-0.541313	8.55017	9.49807	-1.18997	0.0972403	9.45254	9.28169	0.303144	-1.6175	-32.6784
0.95005	0.519715	0.512847	1.6052	1.48139	1.54292	0.513451	-0.185748	-0.283576	2.66535	0.541371	0.748224	1.55312	3.63466	0.508397	0.0339962	1.09435	4.62856	0.563809	1.63157	-0.513769	5.57884	0.792969	-0.803194	0.693423	6.53281	0.560857	-0.280692	-0.267728	7.50038	0.514366	-1.78571	2.73246	8.51654	0.634135	1.28481	-0.864577	9.49637	0.505022	0.442763	0.61407	0.573261	1.45195	-0.242993	-0.753955	2.24853	1.38081	1.23412	1.29473	3.32651	1.83505	-0.943344	0.961977	4.17512	1.38622	-1.41594	1.26208	5.14581	1.64481	-0.704203	1.25892	6.08593	1.7636	0.0854644	0.577626	6.98137	1.51034	0.267496	1.55953	7.93914	1.41927	-1.33572	1.70718	8.70623	1.99925	0.35122	-1.50466	9.48884	1.46254	0.602466	-0.0792965	0.572318	2.53037	-0.643413	-1.25158	1.42705	1.96017	-1.19777	-1.78486	2.36577	2.41233	-1.81875	1.61732	3.34248	2.81943	1.44192	1.10572	4.268	2.32248	0.563056	0.336053	5.65857	2.69433	0.6004	0.518176	6.70394	2.53188	-1.16473	-0.765226	7.79024	2.37343	0.725349	-0.602542	8.57348	2.96747	-2.29275	-0.83616	9.49723	2.56886	-0.704836	0.693965	0.530282	3.61982	-0.612308	-1.00875	1.49417	2.99963	-0.666768	-0.266454	2.44178	3.42742	-1.12463	-1.85374	3.63435	3.84847	0.0445926	0.927691	4.59877	3.25584	0.25151	-0.466618	5.49862	3.67516	-1.53544	2.41682	6.55428	3.47772	-1.10867	-1.87163	7.53514	3.27611	0.5032	0.627489	8.58838	3.98329	0.0570721	-1.78933	9.5	3.55249	0.000476247	-0.145233	0.719801	4.52264	1.21643	1.31436	1.58065	4.03036	1.36802	-2.30738	2.69098	4.40424	0.437529	-0.651261	3.6102	4.87003	-0.378326	-0.350681	4.64604	4.23024	-1.17769	-0.558848	5.52361	4.78108	-0.178838	0.619132	6.65693	4.49513	1.57646	-0.551882	7.64297	4.21944	0.205008	-1.95546	8.47332	4.93438	0.510488	-0.766749	9.49932	4.51549	0.4541	1.41596	0.504359	5.48893	2.69713	0.586024	1.74314	4.92554	1.64672	-0.981998	2.52737	5.5773	-0.152826	-0.270021	3.4899	5.85267	0.733256	-0.910205	4.55543	5.26855	0.840206	-0.56841	5.3833	5.81701	-0.508982	-0.381839	6.44731	5.54522	-1.10818	1.48043	7.48171	5.15802	-0.540361	-1.01856	8.45435	5.87477	1.12485	1.86161	9.43527	5.44574	-0.0920903	1.47941	0.549991	6.47423	-0.05847	-0.949081	1.41952	5.85091	-1.96169	0.235645	2.52224	6.59692	-1.90366	0.234958	3.5786	6.87377	-0.866057	0.100674	4.4739	6.32639	-1.06257	-1.46266	5.35442	6.8432	-0.135887	-0.930339	6.27932	6.50299	-0.319836	0.143437	7.33449	6.10194	-1.12817	-0.700847	8.12278	6.84842	-0.639248	0.609884	9.34929	6.37103	-1.17184	0.343831	0.568786	7.47417	1.06371	-0.370787	1.50148	6.98721	-0.0224275	-0.974257	2.3135	7.56711	-0.982011	-0.667702	3.23904	7.79429	-0.293881	-0.91354	4.31273	7.64834	0.884829	-0.467268	5.29007	7.78517	-0.0243486	1.08697	6.35165	7.68596	-1.26649	-0.133573	7.05294	7.02234	-2.21969	-2.22595	8.59046	7.67737	1.56224	0.337732	9.5	7.3183	0.00033655	-1.54206	0.525616	8.50749	-0.653131	0.130528	1.42446	8.05641	0.542489	0.428868	2.50236	8.52174	-1.82948	-0.0486978	3.83117	8.59711	0.822071	-0.793808	4.78801	8.6079	-0.392435	0.340045	5.85609	8.60464	0.275926	1.92857	6.90033	8.55386	-1.24707	-0.0420161	7.58266	7.90528	-0.632161	1.22965	8.30495	8.566	0.0868601	-0.00814191	9.46304	8.29506	-0.435073	-1.66245	0.556027	9.5	-0.400729	-0.000737365	1.4872	9.05936	0.155698	-3.53678	2.3506	9.49863	-0.729485	-0.212856	3.32131	9.49897	-0.144542	0.34189	4.39804	9.49318	-0.98412	0.138886	5.36965	9.49494	-2.53316	0.190133	6.43675	9.5	-0.591874	-6.17992e-05	7.5186	9.30876	-0.643282	1.24629	8.47847	9.49916	-0.976048	0.421277	9.4805	9.29083	-1.59979	1.52669	-46.3779
1.00005	0.568908	0.511662	0.307714	1.50251	1.56268	0.504023	1.10249	-0.0756168	2.67976	0.552911	-0.362144	-0.643904	3.6588	0.54335	0.85451	0.0816731	4.68656	0.512789	0.1756	1.989	5.58477	0.816171	0.771093	0.780297	6.48878	0.536115	-1.20257	-0.791467	7.4537	0.613073	-0.231388	0.797014	8.55015	0.58507	-0.44078	-0.945141	9.49496	0.508128	0.0427246	-0.229322	0.523073	1.48141	-2.0604	1.18839	2.29727	1.48226	0.87688	1.97761	3.22314	1.87409	-2.70552	0.7642	4.11286	1.39323	-0.949036	-0.619575	5.05804	1.74419	-2.18558	2.23228	6.04084	1.76078	-1.77647	-0.871269	6.99635	1.56578	-0.326484	0.535699	7.92597	1.41455	1.36381	-1.98419	8.70284	1.94658	-0.692496	-0.00620705	9.49614	1.46866	-1.11224	0.103594	0.516465	2.47602	-1.52359	-0.819099	1.39222	1.88684	-0.0430546	-0.975741	2.29226	2.4474	-1.09405	-0.685147	3.41042	2.90235	1.16426	1.82658	4.29646	2.36367	0.0912644	0.358696	5.66772	2.72283	-0.288673	0.786208	6.6988	2.48528	0.884678	-0.564137	7.75258	2.34287	-2.18096	-0.517744	8.49457	2.95997	-0.510167	-0.267446	9.49486	2.57135	-0.446149	-0.730661	0.50908	3.5228	0.824517	-2.09298	1.43645	2.96595	-1.86598	-1.68899	2.42538	3.36862	1.00199	-0.0403384	3.63346	3.86854	-0.145455	-0.214141	4.60257	3.23183	0.299074	0.402086	5.4692	3.80653	0.256599	2.41094	6.47194	3.44216	-1.97074	0.296224	7.53601	3.25467	-0.815295	-1.49715	8.60287	3.88499	0.250965	-1.17018	9.5	3.53965	0.00047646	-0.181901	0.789124	4.59038	1.73262	0.022746	1.63241	3.88237	0.366334	-1.68628	2.70026	4.37887	-0.0993251	-0.508439	3.5993	4.84609	-0.0097146	-0.378278	4.56287	4.24364	-1.98521	0.856958	5.53495	4.80507	0.605503	0.372556	6.69814	4.47314	-0.158973	-0.444989	7.65548	4.1885	0.548439	0.785478	8.50355	4.89771	0.573309	-0.448375	9.48951	4.53771	0.0323204	-0.504284	0.543001	5.48596	-1.39285	-0.30548	1.81717	4.91524	0.77331	-0.315241	2.52513	5.5593	0.437002	-0.166125	3.53345	5.83175	0.679854	-0.100047	4.56984	5.23389	-0.269402	-0.681435	5.39246	5.80784	0.656947	-0.0325858	6.39393	5.54774	-0.890972	-1.50214	7.45525	5.11945	-0.322338	-0.386931	8.46913	5.96799	-0.916283	0.920428	9.4458	5.49393	0.548982	0.32929	0.532124	6.45875	-0.777819	0.450427	1.41309	5.91286	1.94525	1.91965	2.44327	6.57757	-1.11358	-1.17812	3.54252	6.84832	-0.597359	-1.10077	4.41451	6.26298	-0.991601	-0.934949	5.31207	6.79968	-2.04297	-0.205182	6.19857	6.49186	-1.90346	-0.200641	7.30081	6.06724	-0.258536	-0.621282	8.06298	6.85997	-1.62777	0.293265	9.2902	6.41485	-1.02882	0.490258	0.60197	7.46564	0.208151	-0.00386277	1.47892	6.91498	-0.949968	-1.72887	2.2575	7.53078	-0.559592	-0.595618	3.24085	7.77927	-0.0683921	0.230408	4.32953	7.6079	-0.088626	-1.09186	5.32694	7.82023	1.10149	0.0249251	6.27047	7.68086	-1.42176	-0.244601	7.04668	7.00978	1.14582	1.41527	8.65759	7.67301	0.191934	-0.351342	9.5	7.28291	0.000335688	0.989862	0.521196	8.49942	0.805249	-0.500218	1.44864	8.01621	0.00327471	-2.63227	2.42399	8.52493	-1.15676	-0.125041	3.81813	8.56687	-1.0088	-0.400247	4.81086	8.62998	0.828474	0.561297	5.86461	8.69526	-0.469363	1.30605	6.80738	8.5743	-1.50594	0.485974	7.5677	7.89883	-0.147074	-1.05535	8.30246	8.58408	-0.240507	0.0345843	9.45103	8.25515	0.17001	0.419584	0.530327	9.5	-0.553175	-0.000605038	1.47193	8.94242	-0.714098	-0.141208	2.30478	9.49976	-1.01999	-0.383132	3.33278	9.48892	-0.00432591	-0.10834	4.28965	9.49556	-2.7235	0.428216	5.29125	9.49873	-0.748867	-0.526988	6.41104	9.5	-0.391688	-6.14016e-05	7.46377	9.38558	-1.50235	1.66395	8.46139	9.49814	-0.0148622	-0.0519247	9.42552	9.37453	-0.381651	1.6111	-28.8209
1.05	0.564573	0.537291	-0.30548	-0.467964	1.6367	0.5058	1.49884	0.146315	2.64343	0.506287	-0.752983	-1.20804	3.67661	0.51113	-0.383443	1.8004	4.66624	0.581243	-0.631307	0.74046	5.58633	0.875032	-1.05922	0.918709	6.46994	0.524801	0.255075	1.11474	7.4258	0.555196	-0.641684	-2.66857	8.49363	0.517619	-1.16648	-2.3234	9.49921	0.502717	-0.527695	-0.721161	0.550445	1.50833	-0.182915	-0.573151	2.31044	1.4624	-0.559031	-2.97407	3.14554	1.93334	0.109847	1.73263	4.06849	1.3911	-1.03167	0.603204	4.99544	1.81786	-0.123439	0.541516	5.96196	1.72489	-0.677884	0.284369	6.97362	1.53231	-0.519924	-1.88499	8.017	1.32345	1.2796	-1.33319	8.66001	2.00231	-0.524703	1.39361	9.48954	1.47776	-0.66411	0.451629	0.533325	2.45778	-0.717945	-0.260016	1.42008	1.85834	1.44401	-0.227391	2.25032	2.43525	-0.572781	0.768935	3.44732	2.94182	0.159272	-0.718525	4.22677	2.37144	-2.75416	0.722876	5.63482	2.76532	-0.990578	0.774537	6.7245	2.50806	-0.566776	1.24972	7.6481	2.25784	-1.21779	-2.49807	8.49545	2.90604	0.0547981	-0.746941	9.49959	2.5118	0.751981	-1.34801	0.54248	3.44525	0.354209	-0.693382	1.34989	2.85656	-0.349213	-1.56886	2.53452	3.38901	2.6925	0.483816	3.61182	3.85844	-0.77073	0.299802	4.63816	3.30303	0.889222	1.61937	5.49093	3.88537	0.258746	0.643666	6.38187	3.47384	-1.36507	0.680962	7.45301	3.23323	-2.10534	0.501648	8.60049	3.90127	-0.0902288	1.02002	9.5	3.51459	-0.000476518	-1.07044	0.883781	4.52531	1.52213	-1.95337	1.61432	3.87436	-0.587865	0.247098	2.68742	4.35774	-0.32328	-0.0997935	3.60084	4.84095	-0.0813876	0.0677069	4.48412	4.28	-0.862469	0.454336	5.57674	4.83804	0.877049	1.00583	6.64787	4.44713	-1.47761	-0.5452	7.69322	4.20241	0.53316	-0.327016	8.52559	4.89676	0.317455	0.49104	9.49662	4.49353	-0.382109	-0.972956	0.554376	5.48892	1.90874	0.0807013	1.81222	4.88346	-0.573259	-0.57927	2.57756	5.55066	1.33186	-0.735955	3.52782	5.81268	-0.757295	-0.687019	4.54859	5.23529	-0.372311	0.960065	5.41409	5.81128	0.00908704	0.333433	6.37178	5.43615	0.136884	-2.36306	7.44955	5.13291	0.0108389	0.649117	8.36492	5.94337	-2.75148	-1.51323	9.4871	5.48049	1.03927	-0.682468	0.520837	6.48933	0.853022	0.374243	1.53529	5.94343	2.63222	-1.30734	2.4116	6.49963	-0.243563	-1.48604	3.5087	6.79752	-0.815231	-0.637211	4.40489	6.24169	0.354481	-0.0742003	5.16012	6.82924	-3.22167	1.10038	6.15862	6.49881	0.00890913	0.472176	7.2876	6.07433	-0.458436	1.09591	7.99345	6.88331	-0.719323	0.255665	9.2563	6.42953	-0.564762	0.440587	0.567656	7.46338	-1.93728	-0.191769	1.42271	6.88494	-1.01326	1.03565	2.29608	7.48247	1.57334	-1.38433	3.21693	7.78022	-0.657231	-0.350103	4.3172	7.5476	-0.418604	-1.26631	5.32058	7.80282	-1.27383	-0.549559	6.27751	7.65164	1.40306	-0.748607	7.06143	7.07544	-1.26582	0.406399	8.58248	7.65671	-2.38749	-0.449394	9.5	7.36711	-0.000336194	1.66163	0.538238	8.46622	-0.177479	-0.661476	1.41239	7.89868	-0.795178	-1.32287	2.38874	8.50107	-0.376305	-0.73953	3.77744	8.56844	-0.477826	0.492557	4.81443	8.64355	-1.04467	-0.259344	5.79874	8.70171	-1.35202	-1.13108	6.80116	8.57121	0.90588	-0.565248	7.57027	7.86006	0.412252	0.122859	8.27583	8.5545	-0.808003	-0.633752	9.47388	8.3476	0.505588	3.06201	0.500055	9.5	-0.704308	0.000379307	1.41703	8.97914	-1.38848	0.920811	2.25921	9.49826	-0.86431	0.130168	3.24715	9.49032	-3.0697	0.135892	4.22695	9.49255	0.119821	0.268125	5.26502	9.49652	-0.420102	0.0811773	6.39512	9.5	-0.47691	6.13968e-05	7.39206	9.46959	-1.11239	1.68567	8.44738	9.49855	-0.541232	0.274641	9.45334	9.44797	1.32222	1.38132	-49.19
1.1	0.548954	0.522787	-0.256533	0.753796	1.66831	0.514487	-0.465157	0.0721534	2.65805	0.505087	1.64814	1.84951	3.61526	0.542816	-1.65512	-0.323803	4.61827	0.585349	-1.61833	-0.561484	5.51637	0.886821	-0.998341	0.163784	6.45545	0.559143	-1.0417	0.107978	7.43583	0.57919	0.753451	1.51729	8.49549	0.513922	1.34185	-1.92226	9.49584	0.502072	0.406058	-0.693933	0.504915	1.44955	1.51572	-1.08373	2.28368	1.32912	-0.519004	-0.792326	3.17087	2.00017	0.267877	0.197812	4.01797	1.44789	-0.887375	1.10825	4.98873	1.83141	-0.261654	0.139048	5.99471	1.80354	1.38398	2.11917	6.93556	1.41292	-0.932656	-2.15538	7.99659	1.32066	-1.74537	1.15164	8.64476	1.99537	-0.257716	-0.720754	9.48703	1.49374	0.593401	-0.141262	0.547789	2.42788	0.692603	-0.782711	1.47379	1.837	0.137836	-0.638636	2.26994	2.47091	1.65659	0.293742	3.39127	2.9131	-1.93408	0.339928	4.15564	2.39087	0.787378	-0.0792803	5.57142	2.79369	-1.48242	0.36495	6.64547	2.55681	-2.02518	0.28782	7.62719	2.16793	-0.372388	-0.366939	8.47076	2.9783	-0.940169	2.48857	9.4938	2.46669	-0.436785	-0.343937	0.542888	3.4588	-0.249839	0.907084	1.40411	2.85758	1.58836	1.4338	2.63605	3.40916	0.515294	0.780765	3.55879	3.8733	-1.06534	-0.0334802	4.66992	3.33844	0.132391	-0.37885	5.4738	3.89933	-0.809862	0.210151	6.35372	3.48525	0.0564701	-0.29321	7.35879	3.25849	-1.49553	0.290396	8.62571	3.93392	0.922963	0.51289	9.5	3.43659	-0.000448941	-1.71374	0.873647	4.45007	-1.84021	-0.940237	1.6361	3.83129	1.54234	-1.79352	2.66806	4.39103	-0.500161	1.35006	3.58728	4.843	-0.355112	0.00461556	4.48155	4.30875	0.547303	0.813047	5.58543	4.87166	-0.682208	0.245172	6.58455	4.41845	-0.868931	-0.588535	7.6734	4.19134	-1.12689	0.0525014	8.53663	4.93992	0.17544	0.828919	9.49366	4.4501	0.348365	-0.783065	0.646149	5.47519	1.7963	-0.706476	1.79148	4.87754	-0.406134	-0.00143831	2.61599	5.45175	0.0836755	-2.99697	3.51091	5.79915	0.22592	0.38253	4.53878	5.29821	-0.0365433	0.874217	5.39946	5.85698	-0.421486	1.45373	6.42383	5.37789	1.84179	0.405	7.45261	5.1615	0.068007	0.506311	8.23161	5.85917	-2.43011	-1.44605	9.46113	5.45223	-0.943718	-0.303276	0.523341	6.46608	-0.657053	-1.17784	1.64701	5.84282	1.52702	-2.07187	2.42164	6.44909	0.784145	-0.859483	3.46241	6.78749	-1.01158	0.131989	4.38305	6.22913	-1.3484	-0.0809992	5.06228	6.88525	-0.549766	0.472854	6.16641	6.52871	-0.061914	0.512437	7.24525	6.14533	-1.19217	0.797615	7.9725	6.84678	-0.405995	-1.71552	9.21468	6.45315	-1.12354	0.499922	0.563339	7.45576	1.95152	-0.175944	1.41079	6.93572	0.594227	0.151218	2.33215	7.40552	-0.304453	-1.3878	3.22582	7.76776	1.0878	0.043424	4.27302	7.49055	-1.50644	-0.854752	5.2659	7.78644	-0.657222	0.298851	6.29493	7.66175	-1.20136	1.4571	6.99255	7.03373	-0.522092	-1.20406	8.52039	7.62515	0.233562	-0.483171	9.5	7.44826	-0.000334121	1.6637	0.501455	8.44689	-1.27828	-0.0529538	1.40898	7.90369	0.777248	1.71823	2.37514	8.46168	-0.214404	-0.76796	3.7508	8.60479	-0.988179	0.839084	4.71907	8.60861	-2.07965	-0.976138	5.77756	8.61181	0.381728	-1.9258	6.85587	8.54249	0.909054	-0.300729	7.56658	7.88151	-0.949336	-0.0330371	8.23967	8.57337	-0.446873	1.10363	9.49251	8.51895	0.240828	3.24636	0.516642	9.5	-0.294414	0.000379112	1.35175	9.00705	-1.04457	-0.0503734	2.18166	9.49858	-2.40361	0.207976	3.1346	9.49763	-0.88994	0.136131	4.23394	9.4941	-0.129615	0.348183	5.25461	9.49459	0.08553	-0.0392835	6.34481	9.5	-1.46316	6.18113e-05	7.36513	9.44688	-0.019476	-1.62069	8.42462	9.49809	-0.239835	-0.118737	9.46897	9.48068	-1.53687	-1.19096	-38.2668
1.15	0.538446	0.526577	-0.250304	0.592299	1.61561	0.508723	-1.33887	-0.188189	2.68361	0.517222	-1.60283	0.996564	3.61835	0.506679	1.50548	-1.11009	4.53145	0.53755	-0.792105	-1.20276	5.48354	0.914762	-0.692647	0.852241	6.38433	0.508635	-1.44857	-2.01108	7.45281	0.508922	-0.137971	-3.7091	8.55029	0.571437	0.471801	1.19584	9.49537	0.502686	-0.232711	0.786934	0.557666	1.45422	0.314865	0.726194	2.2734	1.38555	0.474468	1.97352	3.16384	1.93427	-0.255051	-2.4366	3.98885	1.44464	0.0196515	-1.00495	4.9943	1.82373	0.551449	-0.529154	6.00959	1.85039	-1.46727	-0.908043	6.88965	1.38322	-0.665749	0.551033	7.94531	1.34419	-0.794246	0.225529	8.63674	2.00189	-0.25633	0.972682	9.47872	1.46299	-0.308437	-0.806897	0.547854	2.41174	-0.458497	0.550775	1.43264	1.83232	-1.37455	0.764348	2.37362	2.46584	1.7372	-0.10549	3.36948	2.90908	0.245838	-0.465277	4.23162	2.42967	1.52567	1.20263	5.49997	2.80107	-1.18717	-0.119382	6.59636	2.56005	0.570605	0.310092	7.56567	2.26618	-1.64347	3.34248	8.40536	3.04859	-1.65179	0.224496	9.49345	2.44793	-0.333399	-0.734056	0.519795	3.4919	-0.709045	-0.0484608	1.45592	2.90687	0.333272	-0.432064	2.55201	3.49181	-1.62519	1.07905	3.53397	3.86708	0.0716474	-0.0904776	4.63354	3.29116	-1.47275	-0.794107	5.43904	3.90618	-0.478506	-0.0598549	6.34097	3.46686	-0.871851	-0.0845779	7.3162	3.25235	-0.121405	-0.390856	8.65445	3.98613	-0.157986	1.1857	9.5	3.39321	-0.0002175	0.28775	0.765806	4.41909	-2.1213	-0.188035	1.71905	3.80467	0.531762	1.88278	2.6459	4.43351	-0.198334	-0.745095	3.57879	4.84761	0.12115	0.187273	4.51568	4.33853	0.636088	0.043088	5.53796	4.89483	-0.954015	0.852839	6.55979	4.4123	-0.235092	0.542549	7.61682	4.20296	-0.934015	0.21135	8.54813	4.94421	0.177626	-0.421739	9.49857	4.42331	-0.720387	-0.0714906	0.732715	5.41969	1.60039	-1.39168	1.73232	4.82075	-2.08788	-2.19614	2.62264	5.33497	0.218721	-0.267009	3.49212	5.81928	-1.33848	0.106792	4.54463	5.30383	0.180853	-0.0049092	5.37624	5.92875	-0.593939	0.89641	6.50176	5.44613	0.486679	1.60699	7.45024	5.16331	-0.176015	-0.879832	8.14218	5.83018	-0.734867	0.104982	9.42509	5.45589	-0.427641	0.458238	0.522045	6.40289	0.837955	-1.18144	1.68139	5.79561	0.0361855	0.267137	2.48969	6.38174	1.75455	-1.73792	3.40717	6.80297	-1.18682	0.418699	4.31865	6.28493	-0.912259	2.04654	5.08356	6.85541	1.24284	-0.873485	6.13431	6.5424	-0.866084	0.264134	7.17576	6.09235	-1.53418	-1.42473	7.96852	6.76546	0.214476	-0.938517	9.14614	6.48288	-1.59019	0.714349	0.594376	7.43776	-0.193019	-0.459827	1.46289	6.89105	1.07807	-1.66892	2.31148	7.37697	-0.0612753	0.17358	3.27057	7.77662	0.0883251	0.247406	4.19089	7.46397	-1.14802	-0.371086	5.23054	7.80906	-1.02253	-0.0470097	6.22303	7.73145	-0.970635	0.448368	6.9808	7.0714	-0.302772	1.67933	8.54869	7.61422	0.233222	-0.0890128	9.5	7.52929	-0.000334048	1.44184	0.521379	8.44829	-0.780053	-0.211494	1.48577	8.02665	1.71105	2.0957	2.37369	8.43276	0.425564	-0.215798	3.6574	8.65613	-2.4736	1.25065	4.6485	8.56542	-0.983443	-0.499739	5.8208	8.57845	0.942162	1.23609	6.85932	8.55801	-0.758704	0.692064	7.52524	7.83459	-0.173033	-1.31859	8.21626	8.5827	-0.659068	-1.08377	9.49582	8.5632	-0.200807	-1.66554	0.51666	9.5	0.0865204	0.000379159	1.31463	8.96529	-0.315233	-1.22851	2.08207	9.49845	-0.969897	-0.151129	3.12504	9.4982	0.0170304	0.128328	4.21448	9.4973	-0.514564	0.550299	5.2659	9.49484	0.131303	-0.238127	6.27258	9.5	-1.12152	6.23093e-05	7.38059	9.38199	0.619147	-0.767949	8.42263	9.49977	-0.00121127	-0.486588	9.40348	9.47473	-0.947042	-1.29132	-29.8501
1.2	0.516714	0.519344	-0.673873	1.16623	1.54759	0.503801	-1.33997	0.0116873	2.58244	0.520724	-2.14392	-0.639787	3.59029	0.525201	-1.9217	-0.151	4.61392	0.52569	2.43741	0.857926	5.43846	0.944148	-0.74279	-0.00237894	6.3347	0.567905	-0.431175	0.834317	7.41455	0.594616	-1.50688	-0.176759	8.52765	0.611559	-1.24738	0.506989	9.49635	0.505276	-0.451804	-0.586647	0.505646	1.48267	-2.16224	0.326334	2.2909	1.48437	-0.437474	1.47862	3.17362	1.80446	0.976253	-2.26522	4.04902	1.39197	2.40047	-0.831478	4.99552	1.79417	-1.18749	-0.362289	5.92934	1.78011	-0.523745	-1.15814	6.87113	1.43811	-0.216334	1.81005	7.90289	1.4083	-0.608496	2.62365	8.59476	2.06418	-1.24593	1.33901	9.47429	1.4469	-0.0220466	0.365348	0.502827	2.485	-1.344	1.76024	1.39926	1.90538	-0.0652704	1.6297	2.41665	2.48033	0.171085	0.278889	3.37551	2.86719	0.240986	-1.29954	4.26433	2.41295	-0.159266	-1.59425	5.45862	2.78155	-0.593727	-0.582542	6.60705	2.54331	-1.02213	-0.951058	7.5444	2.36878	1.29721	-0.0737397	8.32009	3.03251	-1.55429	-0.577186	9.49205	2.42365	0.0991636	0.152112	0.522604	3.44414	0.815495	-1.3491	1.4627	2.86894	0.150856	-0.289854	2.57027	3.41839	0.685152	-2.73419	3.55938	3.86002	0.875689	-0.314074	4.56087	3.34345	-1.42521	2.3359	5.42135	3.89649	-0.346532	-0.135402	6.28389	3.48358	-0.883516	0.414679	7.32518	3.28511	-0.10892	1.93581	8.59997	3.98305	-1.63406	-1.2422	9.5	3.43632	-9.44551e-05	1.03245	0.658762	4.41727	-2.3865	-0.337707	1.6188	3.89173	-2.98836	-1.15039	2.64747	4.38106	0.0520184	-0.433277	3.59818	4.85515	0.545676	0.105951	4.52974	4.3167	-0.181999	-0.350102	5.50238	4.94054	-0.448325	0.530591	6.55102	4.46443	-0.169452	1.25351	7.59116	4.1795	0.00710398	-1.10182	8.54317	4.94812	-0.272995	0.463859	9.49207	4.45384	-0.00210788	1.16562	0.796222	5.36256	0.778209	-0.520404	1.61961	4.80074	-1.95117	3.08079	2.59797	5.37542	-1.50471	-0.00498597	3.43285	5.83176	-0.217776	0.589622	4.53971	5.33436	-0.610211	1.02513	5.34394	5.90207	-0.50701	-1.48875	6.40252	5.46175	-3.57621	-0.375693	7.43259	5.10746	-0.684189	-0.395468	8.16063	5.82525	1.04245	-0.146226	9.41892	5.49717	0.130994	1.17839	0.553494	6.35042	0.409334	-0.933353	1.67163	5.82732	-0.291166	0.675343	2.55854	6.31031	0.455383	-0.470099	3.35847	6.83021	-0.539436	0.827979	4.27567	6.3879	-0.763327	1.88622	5.16252	6.85638	1.55771	0.530611	6.1123	6.56743	-0.101145	0.466306	7.15723	6.12813	0.464006	1.83473	7.97317	6.78542	-0.149734	1.40699	9.05856	6.52494	-1.87487	0.94727	0.578441	7.40827	-0.329191	-0.818121	1.50101	6.7942	0.522474	-1.78758	2.33373	7.39218	0.669143	0.0718671	3.22182	7.79721	-1.46267	0.524491	4.18886	7.4446	0.767171	-0.307399	5.18476	7.79574	-0.641971	0.16037	6.1972	7.70346	-0.570332	-0.824709	6.93395	7.08176	-1.00486	-0.891416	8.52946	7.60058	-0.553858	-0.575024	9.5	7.54096	-0.000334509	-2.05256	0.526936	8.41326	-0.0696662	-1.14026	1.5383	8.01255	0.4297	-2.32524	2.44769	8.45911	2.23676	1.24951	3.55176	8.69702	-1.30048	-0.182006	4.58881	8.57071	-1.39777	0.526379	5.82086	8.67501	-1.18382	1.19962	6.81188	8.57604	-0.786143	-0.0649818	7.56351	7.81999	0.821178	0.181532	8.18355	8.51867	-0.276336	-0.503523	9.48749	8.45386	-0.239965	-0.739892	0.51268	9.5	0.483508	0.000379437	1.31378	8.96117	0.338197	0.974788	2.09327	9.49924	1.23153	0.285941	3.09901	9.49965	-1.30129	-0.377483	4.19108	9.49963	-0.454834	0.66872	5.24315	9.491	-1.09804	0.218741	6.26543	9.5	1.05777	6.19542e-05	7.42167	9.377	0.769021	0.402519	8.40434	9.49745	-0.617885	-0.0976645	9.39421	9.48905	0.624902	0.997668	-47.825
1.25	0.517258	0.51982	0.0665644	-0.94376	1.48349	0.509879	-1.0787	0.229501	2.47722	0.520168	-1.90874	0.643898	3.49762	0.500561	-1.61785	0.659775	4.61791	0.516526	-1.56403	1.52082	5.48	0.937466	1.30253	-0.432463	6.34905	0.580346	1.15501	-0.341724	7.33947	0.54089	-1.20069	-1.48008	8.44554	0.631071	-1.78572	0.265095	9.49474	0.506179	-0.353337	0.542815	0.567822	1.51088	0.354347	0.302791	2.23699	1.49364	-1.0301	-1.4001	3.25308	1.71549	1.63065	-1.46251	4.15772	1.33445	0.826644	-1.78678	4.96301	1.78559	1.33367	0.135973	5.94596	1.76124	0.329645	0.322055	6.87717	1.54016	0.638731	1.81623	7.85862	1.467	-0.798483	-1.47481	8.57664	2.12747	0.7981	0.696268	9.46926	1.48696	-0.189029	1.00402	0.538944	2.48835	0.160153	-1.50277	1.40282	1.94967	0.38955	0.379647	2.40377	2.42377	-0.431137	-1.99643	3.40216	2.78764	0.0582609	-1.39307	4.22023	2.36966	-1.14734	-0.0988131	5.42964	2.7511	-0.592776	-0.562625	6.54005	2.4995	-1.06049	-0.303952	7.5937	2.34888	-0.48498	0.438928	8.2658	3.02485	-0.651025	0.558406	9.49147	2.47399	0.194691	1.77757	0.558055	3.44243	0.414793	0.999401	1.48284	2.90317	0.736615	0.846228	2.57729	3.37762	-0.273105	0.880108	3.59951	3.83058	0.383221	-0.754899	4.48214	3.39222	-1.47759	-0.63455	5.39421	3.90182	-0.732858	0.124957	6.2822	3.48759	0.548056	-0.169886	7.26021	3.2991	-2.17209	-1.30117	8.5436	3.92178	-0.0875911	-0.698681	9.5	3.48367	-8.09865e-05	0.934343	0.526457	4.39065	-2.78932	-0.0913852	1.47698	3.82002	-2.43725	-0.0291679	2.64125	4.35982	-0.209236	-0.732395	3.61644	4.85888	-0.102904	-0.0192227	4.50178	4.37492	-0.690437	2.50486	5.47163	4.89257	-1.11403	-2.37189	6.54276	4.50875	-0.166085	0.448331	7.62399	4.20217	0.853524	1.82642	8.53755	4.93602	4.98329e-05	-0.934293	9.49426	4.52226	-0.271801	1.43985	0.751656	5.3857	-2.73514	0.939839	1.59332	4.91916	0.842202	-0.0618623	2.50934	5.31122	-1.42974	-1.43983	3.46109	5.85567	0.730957	0.250726	4.47056	5.38495	-1.91207	1.11566	5.33539	5.87398	-0.0851663	0.441774	6.24465	5.48356	-2.13757	1.35891	7.38416	5.14277	-1.14484	1.66471	8.20815	5.86043	0.765747	1.4026	9.43112	5.57148	0.28042	1.75263	0.559894	6.31703	-0.198419	-0.107017	1.66199	5.84915	-0.17685	0.464489	2.52378	6.34879	-1.37064	1.29788	3.35484	6.88203	0.254826	0.785033	4.26478	6.46011	0.450245	0.834558	5.20616	6.86511	-0.0230017	0.160296	6.11184	6.55109	0.312296	-1.17585	7.18438	6.15495	0.549601	-1.0626	7.93932	6.84097	-1.26661	0.480533	8.9615	6.56733	-2.05522	0.471537	0.564884	7.34931	-0.223668	-1.48683	1.51501	6.77537	-0.0881199	1.38466	2.34837	7.35492	-0.0841919	-1.54098	3.18952	7.80779	0.25046	-0.188396	4.23303	7.45112	0.810366	0.739457	5.16387	7.85293	-0.295042	1.61383	6.14899	7.68142	-1.19598	-0.138414	6.92999	7.07691	0.455367	0.850808	8.54365	7.58399	1.07752	0.381565	9.5	7.37078	-0.000333515	-3.56233	0.509008	8.36043	0.929052	-0.773688	1.53046	7.88982	-0.814618	-2.14568	2.53501	8.54832	0.887944	2.15224	3.54479	8.66635	0.922733	-0.250843	4.52488	8.59219	-0.953077	0.183033	5.7221	8.6641	-2.13482	-0.990242	6.78976	8.55531	-0.217455	-0.714245	7.53707	7.80324	-1.19628	-0.18903	8.21015	8.56145	0.938134	1.27532	9.4689	8.47323	-0.491153	0.401912	0.507279	9.5	0.797244	0.000369866	1.34658	8.97979	0.644446	-0.538375	2.14306	9.4985	-0.3425	-0.143089	3.0536	9.49865	0.791084	0.122403	4.15318	9.49478	-1.20803	-0.374553	5.17389	9.49085	-1.46731	0.0192304	6.35773	9.5	2.13141	6.0735e-05	7.4235	9.40335	-0.758065	0.560522	8.40324	9.498	0.826067	-0.0561679	9.44814	9.46678	1.36861	-0.471352	-43.7857
1.3	0.514665	0.526599	-0.12375	0.0211053	1.45232	0.527429	-0.0892519	0.476082	2.42156	0.507928	0.0135417	1.87165	3.42905	0.530184	-1.09481	0.512327	4.57769	0.528673	0.110529	0.829909	5.49417	0.881418	-0.455078	-1.6219	6.40857	0.541294	0.366271	-1.05622	7.33993	0.535612	1.58171	1.17359	8.38366	0.608676	-0.113542	-1.81252	9.48231	0.500029	-0.198771	0.582096	0.534728	1.46719	-1.25145	-1.46932	2.20971	1.38028	-0.319725	-1.72329	3.28211	1.6625	-1.19606	-0.369089	4.13171	1.32039	-0.657067	1.3615	5.03941	1.80631	0.249958	0.252797	5.95562	1.77219	0.89211	-0.192579	6.91545	1.59315	0.440716	0.251949	7.84822	1.3596	0.156941	-1.14766	8.61988	2.10797	0.370579	-1.18691	9.46007	1.5373	-0.0554204	0.901053	0.517324	2.44156	-0.886462	-0.141336	1.42976	1.95669	0.340512	-0.355975	2.39818	2.3583	0.166129	-0.836047	3.31884	2.76353	-2.44321	0.0105008	4.22817	2.34052	0.774994	-0.85882	5.40241	2.7377	-0.422723	0.193421	6.51976	2.54453	-0.0784571	1.62782	7.52525	2.36127	-1.32616	-0.626356	8.23706	3.05366	-0.571699	0.264143	9.49158	2.57609	0.190331	1.96603	0.531316	3.43837	-1.41569	-0.997809	1.53245	2.9154	1.08214	0.576339	2.54351	3.39401	-1.20428	-0.822263	3.57408	3.80352	-1.26323	-0.285373	4.44593	3.32688	0.00257485	-1.60287	5.34818	3.8535	-1.19006	-2.35293	6.27177	3.49479	-1.41819	0.760216	7.19025	3.25637	-0.0607878	0.219259	8.60411	3.94123	2.01277	1.18167	9.5	3.54507	-8.03214e-05	1.65491	0.6052	4.44146	2.0792	1.52039	1.41032	3.92775	-0.0754647	2.54908	2.63596	4.32859	-0.0119668	0.0280084	3.5574	4.84931	-2.21048	-0.316273	4.48119	4.47592	-0.253337	1.05546	5.41139	4.80773	-0.835518	-0.220296	6.53141	4.51944	-0.303146	0.0745598	7.63804	4.28225	-0.135618	1.1112	8.5253	4.90184	-0.587086	0.0474	9.49625	4.59096	0.419968	1.32617	0.604488	5.38443	-2.8425	-0.441883	1.61026	4.82667	-0.204661	-2.17275	2.49526	5.29816	0.741857	0.900134	3.4724	5.86358	-0.452444	0.121338	4.38501	5.46846	-1.36344	2.01866	5.28986	5.90336	-1.73633	0.522522	6.20962	5.54012	0.550255	0.144352	7.33107	5.21667	-0.772136	-0.0221493	8.22393	5.89738	-0.713615	-0.791666	9.44236	5.6663	0.165012	1.96221	0.534452	6.35654	-0.71417	0.886754	1.62124	5.87518	-1.63555	0.226912	2.47154	6.37465	-0.465213	-0.825359	3.37699	6.86347	0.552428	-1.29661	4.30918	6.47033	1.04332	-0.214741	5.18701	6.90162	-0.198669	1.18559	6.14915	6.48919	0.807167	-0.716392	7.18692	6.10798	-0.699353	0.683157	7.87491	6.85806	-1.01491	0.510277	8.85298	6.557	-1.7567	-0.258351	0.548377	7.29009	-0.60397	-0.198306	1.47633	6.87563	-1.4523	1.48319	2.35439	7.30592	0.488892	0.453375	3.20657	7.81203	0.181467	0.330527	4.25206	7.51262	-0.381376	1.38896	5.135	7.87351	-0.672631	-1.04709	6.09779	7.67404	-0.740763	-0.23755	6.91639	7.09273	-0.961168	-0.177673	8.59413	7.63437	0.708162	1.30725	9.5	7.24368	-0.000334513	-1.47004	0.540989	8.33242	0.187383	-0.476759	1.46585	7.819	-1.52794	-0.270639	2.54707	8.63675	-0.112456	1.02942	3.5925	8.66994	0.358632	-0.195283	4.52481	8.59513	1.16505	0.209119	5.66748	8.65999	0.188278	1.18169	6.77664	8.51269	-0.466389	-0.821875	7.52377	7.86141	0.694329	2.11543	8.24577	8.57245	0.432543	-0.765279	9.43736	8.45566	-0.780209	-1.00879	0.520861	9.5	-0.120233	0.000144634	1.35485	8.89681	-0.273975	-2.64196	2.09783	9.49904	-0.715985	0.267575	3.13777	9.49992	1.11605	0.391437	4.086	9.49722	-0.783751	0.64547	5.10839	9.49169	-1.12765	-0.182208	6.43567	9.5	0.519389	6.0968e-05	7.38954	9.42952	0.0661084	0.435402	8.47461	9.49808	1.73587	0.107758	9.47636	9.47719	-1.41118	0.7721	-27.6815
1.35	0.515421	0.524065	-0.348827	-0.0930039	1.479	0.558009	1.14997	0.756045	2.47702	0.525265	1.36487	-0.123559	3.41493	0.555523	1.04511	0.557999	4.57448	0.521904	-0.842426	1.33667	5.48027	0.812425	0.0854001	-0.907113	6.4039	0.519726	0.0387606	1.20666	7.42468	0.531513	1.27441	-1.17822	8.43702	0.538862	1.79471	3.2656	9.47548	0.517235	0.000207883	0.132801	0.531404	1.44838	1.17251	0.952328	2.18008	1.41244	-0.634798	1.28647	3.1399	1.67366	-3.29144	0.354943	4.12503	1.39243	-0.327527	0.569585	5.02226	1.78079	0.0350899	-1.16203	6.00493	1.74084	0.040894	-0.857151	6.91461	1.54917	0.121889	-2.12669	7.90166	1.39864	1.93911	1.64932	8.60389	2.04923	-0.688225	-0.734415	9.47999	1.56823	0.920801	0.350534	0.529538	2.43631	0.762224	-0.242446	1.40584	1.93251	-1.48589	-0.0842947	2.39187	2.32019	-0.703639	-0.238202	3.25728	2.75943	0.287036	-0.138176	4.22236	2.33396	-1.14843	0.857613	5.39251	2.7614	0.0444876	0.303314	6.50245	2.61016	-0.499447	0.963069	7.50907	2.31978	0.509283	-0.397816	8.2194	3.0609	0.0186573	0.112372	9.48739	2.64523	-0.396592	0.772745	0.544995	3.4083	1.35469	0.0515895	1.57116	2.96169	0.184328	0.123111	2.45149	3.33899	-2.08229	-0.658109	3.50458	3.78981	-1.31682	-0.359589	4.44483	3.25997	-0.572979	-0.901087	5.25982	3.73871	-2.2958	-1.29758	6.19469	3.55655	-0.943589	1.41999	7.2342	3.33558	1.24696	2.44318	8.6603	3.99792	-0.594913	1.15835	9.5	3.6325	-8.14778e-05	1.41348	0.641843	4.46788	-0.19707	-0.565197	1.4499	3.87071	1.52509	-2.62452	2.61738	4.34654	-1.15898	0.18357	3.44309	4.83913	-1.73508	0.0529166	4.44884	4.48581	-1.05191	-0.471281	5.40645	4.83949	0.463161	1.0088	6.51196	4.51602	-0.44433	-0.307663	7.63597	4.28298	0.246652	-1.24321	8.48456	4.94962	-0.745022	1.12898	9.49123	4.6648	0.105364	1.72927	0.538358	5.4176	2.86125	1.23037	1.63335	4.87761	0.871821	2.76081	2.54436	5.36424	0.910941	1.06988	3.40846	5.85762	-1.82598	-0.517064	4.33055	5.51351	-0.995875	-0.688846	5.21888	5.92167	-0.618879	0.158235	6.25884	5.48539	1.12333	-1.69541	7.29751	5.17806	-0.823119	-0.276936	8.12235	5.79803	-2.94088	-1.64569	9.44994	5.7605	0.174468	1.75293	0.506595	6.35421	0.841729	-0.0846996	1.50867	5.86455	-2.61055	-0.470181	2.46529	6.30791	-0.107974	-0.836195	3.39614	6.81639	0.106165	-0.168309	4.34508	6.47993	0.260496	0.908632	5.21652	6.9222	1.37985	-0.852652	6.14711	6.48829	-1.04965	0.221954	7.12743	6.19119	-1.31905	1.27779	7.85216	6.90028	0.0842368	1.1367	8.79416	6.5647	-1.2054	-0.035469	0.510893	7.35475	1.49205	1.81567	1.4081	6.86656	-1.02921	-1.16172	2.3667	7.36646	-0.558524	1.17137	3.20537	7.79707	-0.124679	-1.00377	4.17477	7.56561	-2.17445	0.795648	5.14165	7.84884	0.515921	0.776909	6.07792	7.66111	-0.0412512	-0.193897	6.88135	7.12626	-0.156007	1.89896	8.62167	7.67135	0.468307	-0.171633	9.5	7.21311	-0.000334099	0.144761	0.505019	8.31132	1.98471	0.0305401	1.40662	7.86893	-0.561686	0.753806	2.53932	8.633	-0.220451	-1.13751	3.60177	8.64311	0.476156	-0.341266	4.60706	8.62818	1.61629	0.932461	5.71188	8.72923	1.28847	1.18183	6.73174	8.4889	-1.22523	-0.125915	7.56288	7.93355	0.38334	0.358225	8.27036	8.56271	0.799808	1.04821	9.39391	8.39305	-0.889209	-1.34526	0.508594	9.49981	-0.282457	-0.0258861	1.35843	8.77956	0.574615	-0.909735	2.06091	9.49938	-0.955334	-0.300398	3.09818	9.49848	-2.00661	-0.0559372	4.11355	9.49316	0.932168	-0.0574712	5.07151	9.49302	0.0550597	-0.0810029	6.40276	9.5	-1.32888	6.12868e-05	7.44675	9.44353	1.7571	0.13174	8.51537	9.49914	-0.498684	0.342125	9.46734	9.47675	1.43246	-0.928509	-48.865
1.4	0.522188	0.52847	0.474331	0.491975	1.53585	0.599392	0.727196	0.720038	2.52569	0.52312	1.1416	0.539113	3.53082	0.583061	2.62281	0.272486	4.50625	0.528357	-1.25079	-1.02502	5.48334	0.785984	-0.216675	-0.395218	6.44216	0.56484	1.32129	0.448717	7.47741	0.535478	0.998702	0.987435	8.54105	0.677152	2.22601	2.07047	9.49944	0.513297	1.21117	-0.326974	0.53746	1.48301	-1.3879	-0.263187	2.12427	1.38603	-1.68572	-1.45837	3.05725	1.67238	-0.000272883	-0.279924	4.05732	1.39283	-2.04272	0.0279478	5.02525	1.72317	-0.600689	-0.990699	5.97844	1.7042	-0.14073	-0.562599	6.95247	1.41201	0.990073	-2.71414	7.94228	1.41683	-0.436127	-0.551857	8.62794	2.0956	1.44951	2.47817	9.46971	1.57729	-0.661039	-0.051511	0.528057	2.45674	-1.1736	1.3716	1.34984	1.954	0.10072	-0.0286139	2.33512	2.38004	-0.981033	1.52994	3.29852	2.75927	0.507309	0.250599	4.14848	2.34922	-1.16846	-1.00813	5.40508	2.7414	0.337217	-0.859366	6.48476	2.64248	-0.162441	0.303926	7.53101	2.33569	0.116709	0.823233	8.24711	3.06734	1.02425	0.173511	9.46897	2.66217	-0.26747	0.0699723	0.592276	3.43257	0.613327	0.704853	1.5118	2.84109	-2.49938	-2.39042	2.40365	3.35342	0.0418425	0.9263	3.44594	3.77209	-1.11379	-0.192112	4.35565	3.26396	-2.68022	1.30596	5.17511	3.76834	-0.854081	2.04539	6.17118	3.60659	-0.427195	0.122062	7.26023	3.41738	-0.686446	-0.204401	8.57483	4.03416	-1.55263	-0.32649	9.5	3.68346	-8.13614e-05	0.873212	0.623138	4.41525	-0.460754	-1.15724	1.54156	3.87392	1.97106	1.71607	2.51026	4.33275	-2.67635	-0.499656	3.41242	4.84132	0.244607	-0.334652	4.38976	4.43802	-1.2333	-1.41445	5.43105	4.88286	0.347609	0.561413	6.50105	4.48505	0.204288	-0.657803	7.6637	4.24111	0.638645	0.932166	8.47845	4.97425	0.166434	0.885115	9.49413	4.76042	-0.266566	1.96399	0.63944	5.40816	0.166156	-1.86653	1.66668	4.95405	0.181137	-0.109055	2.54178	5.34303	-1.08781	-1.36335	3.35841	5.84276	0.120345	0.312457	4.282	5.44114	-0.773203	-1.62261	5.22235	5.89926	0.414193	-1.10161	6.30046	5.43815	0.295467	0.159114	7.246	5.17701	-1.10984	-0.321694	7.95645	5.82666	-2.86662	2.19712	9.46471	5.83827	0.479477	1.34326	0.513056	6.40754	-0.897907	1.5034	1.42092	5.88267	0.167764	1.63025	2.43318	6.35025	-1.15422	1.98837	3.38339	6.82674	-0.60444	0.144001	4.33868	6.53505	-0.303332	0.961917	5.28	6.89393	0.235459	0.538503	6.10403	6.48432	0.336649	-0.635509	7.06654	6.21648	-1.29031	0.177108	7.85852	6.95951	-0.0923685	1.01516	8.73321	6.53903	-0.940406	-0.884951	0.542647	7.38906	-0.370339	-0.148181	1.39753	6.82202	0.791814	-0.205917	2.28021	7.39364	-2.25433	-0.0861802	3.17991	7.7643	-1.33111	0.146129	4.11784	7.59908	0.376759	0.561327	5.15165	7.88455	-0.181013	0.0378733	6.0724	7.66553	-0.392721	0.378956	6.9078	7.23424	1.01939	1.61394	8.61738	7.63578	-0.853969	-0.908013	9.5	7.23078	-0.000334144	0.273604	0.525899	8.38069	-0.833169	2.43648	1.43178	7.81458	1.12554	-1.36943	2.51794	8.5453	-0.687681	-2.06627	3.63545	8.64107	0.545255	-0.038384	4.64728	8.67071	-0.128778	0.757706	5.75869	8.74861	0.096497	-0.74258	6.68868	8.49005	-0.0488409	0.0521182	7.56643	7.92847	0.176608	0.150003	8.31256	8.6061	0.578835	-0.593469	9.3592	8.33271	-0.401194	-0.982381	0.504338	9.49577	0.258033	-0.114453	1.40008	8.84282	0.341647	1.47074	2.01503	9.49884	-0.242202	-0.0943297	3.0039	9.49825	-1.45755	-0.131003	4.1101	9.49954	-0.803375	0.81121	5.13995	9.49609	2.29103	-0.575842	6.34973	9.5	-0.471051	6.09077e-05	7.51944	9.44306	0.710264	-0.159813	8.48389	9.49913	-0.268205	0.394074	9.44728	9.42996	-1.05259	-0.973437	-39.7002
1.45	0.525616	0.513743	-0.393801	1.34783	1.52307	0.582096	-1.02961	-1.52515	2.61182	0.505336	1.62101	1.16331	3.55612	0.5338	-1.28643	-2.27767	4.52601	0.538877	1.85017	0.99347	5.46811	0.758418	-0.0151625	-0.64485	6.48411	0.529347	0.12255	-1.98046	7.53899	0.514495	1.52819	-1.80142	8.61164	0.755243	-0.072748	1.37792	9.48795	0.510608	-0.271995	-0.0139998	0.540301	1.47035	-0.063111	-0.451176	2.10197	1.35564	1.82557	-0.291721	3.06767	1.66138	-0.176888	-0.0260571	3.98465	1.39543	-0.62376	-0.622322	4.95971	1.68215	-1.4683	-0.730747	6.00877	1.68444	0.911928	-0.270602	6.97904	1.35844	-0.0460803	0.732417	7.93744	1.44496	0.608164	1.76227	8.65878	2.20437	-0.393601	1.04319	9.46121	1.55741	0.173932	-0.610252	0.534481	2.50869	-0.0404444	-0.12478	1.34998	1.86846	-0.030985	-0.984006	2.31954	2.39997	-0.208566	-0.554236	3.27177	2.78523	-1.10202	0.49487	4.15293	2.30667	1.09095	0.519946	5.41568	2.69811	0.0432832	-0.825308	6.48549	2.63227	0.129639	-0.875709	7.52159	2.37966	-0.390627	0.805815	8.29775	3.08058	0.612339	0.380952	9.49228	2.68072	1.51018	0.86018	0.613415	3.45764	-0.0214471	0.244668	1.38506	2.90059	-1.27078	3.02961	2.4298	3.37675	0.766847	-0.256232	3.37359	3.79004	-2.02799	1.04638	4.22839	3.34522	-1.91793	1.33972	5.16377	3.87697	0.369662	1.85475	6.13005	3.5585	-1.14769	-1.54161	7.19607	3.35863	-1.3531	-1.23412	8.57514	3.9884	0.825175	-0.453409	9.5	3.72723	-8.04524e-05	0.823411	0.598657	4.3804	-0.531795	-0.127157	1.58499	3.94945	-1.09291	0.433264	2.42731	4.33937	0.329192	1.16904	3.42426	4.80297	-0.122777	-0.908911	4.32038	4.35622	-1.63851	-1.59072	5.43769	4.8788	-0.02604	-0.819902	6.52746	4.46959	0.493852	-0.273131	7.64016	4.34062	-0.986858	1.59724	8.47729	5.06052	-0.229626	2.13515	9.49316	4.84989	0.224825	1.53195	0.593139	5.31757	-1.33982	-0.741871	1.5985	4.90724	-2.82324	-0.920626	2.50638	5.31734	-0.210974	0.569885	3.37824	5.86504	0.411996	0.214999	4.27132	5.37798	0.424603	-0.863103	5.24045	5.8478	0.219773	-0.563749	6.27302	5.48478	-1.23085	1.13604	7.21603	5.16164	-0.134629	0.723635	7.89517	5.9408	0.310158	1.80735	9.49502	5.89485	-1.0465	0.936654	0.530308	6.427	0.363344	-0.807063	1.48646	5.91636	1.68631	-0.793197	2.3744	6.43121	-0.84024	0.458784	3.34137	6.83575	-0.989436	0.481198	4.32484	6.56086	-0.327508	0.0192261	5.24866	6.94035	-0.776171	0.433608	6.12643	6.45509	-1.19541	0.29386	7.00254	6.23188	-0.382676	0.216021	7.83775	6.97155	-0.729234	-0.696234	8.71055	6.49191	0.051027	-0.763662	0.509443	7.41329	1.32459	1.26747	1.44815	6.8755	0.453917	1.79522	2.26101	7.35658	1.36292	-0.42838	3.11326	7.78804	-0.480075	0.275225	4.16823	7.62642	0.902612	0.493667	5.10736	7.87207	-1.43889	-0.0515573	6.05891	7.68298	-0.081412	0.210464	6.92344	7.25913	-0.579871	-0.282406	8.564	7.5922	-0.691245	-0.946762	9.5	7.22936	-0.00033398	-0.328595	0.517838	8.492	-0.624097	1.29383	1.40968	7.8492	-1.7282	2.52897	2.45298	8.46491	-2.23117	-0.714424	3.63006	8.61842	-0.808481	-0.834898	4.62299	8.69895	-0.457839	0.392393	5.72901	8.64948	-0.752672	-2.78199	6.73592	8.49304	1.54421	0.186089	7.59386	7.98228	0.282851	1.34211	8.33901	8.52786	1.05087	-1.08951	9.35591	8.29486	0.25017	-0.588595	0.516575	9.4983	0.201309	0.423702	1.35407	8.83018	-0.520161	-0.67002	2.05333	9.4983	0.524081	0.0557974	2.98828	9.49654	1.30385	-0.00864696	4.06452	9.49674	-0.94805	0.582699	5.25216	9.49988	1.9865	-0.814121	6.35405	9.5	0.405746	6.07218e-05	7.49437	9.42581	-1.51372	-0.533855	8.48669	9.49785	0.0935198	-0.0189088	9.45418	9.37631	1.27522	-1.17577	-32.4404
1.5	0.517431	0.504684	0.596151	1.73874	1.48813	0.508632	-0.0387813	1.88153	2.60277	0.51046	-1.4894	-1.65683	3.55709	0.562014	0.838588	0.128015	4.58298	0.554616	0.273184	-0.417697	5.5298	0.73731	2.21586	-0.145429	6.48171	0.569757	0.132815	1.38771	7.61363	0.56719	1.101	1.18301	8.56084	0.812051	-1.04786	0.694532	9.48368	0.511625	0.263073	0.0515449	0.543455	1.46376	1.41176	0.238076	2.20138	1.33928	0.327445	0.0811208	3.0627	1.6846	0.913441	1.13922	3.98829	1.3582	0.957816	0.679169	4.92242	1.64205	0.172901	-0.852324	6.02767	1.67168	-0.507391	-0.33257	6.9715	1.43004	0.20839	1.98383	7.96528	1.55686	-0.259641	2.02738	8.63121	2.18357	-0.0513358	-0.992914	9.47486	1.53336	0.329412	-0.237658	0.525905	2.447	1.36799	-1.54353	1.38683	1.90552	1.36355	1.72023	2.28781	2.35046	-0.938962	-1.0615	3.23802	2.78678	-0.0453579	-0.475977	4.21667	2.38524	1.27894	1.80304	5.40719	2.65655	-0.398896	-0.879745	6.48809	2.55099	-0.0438183	-2.09409	7.50201	2.40917	-0.363894	0.465191	8.28682	3.10919	-0.853793	0.73101	9.4581	2.73875	-0.323071	1.32266	0.538357	3.45341	-2.75281	-0.782561	1.44036	3.00416	2.41698	0.101564	2.4296	3.35827	-1.18472	-0.281253	3.2649	3.84759	-1.5643	0.609329	4.17129	3.35965	-0.651459	-0.736206	5.1897	3.92397	0.174244	-0.31549	6.07333	3.48632	-0.893116	-1.3475	7.14295	3.33932	-0.831558	0.569123	8.58739	4.04894	-0.465153	2.67767	9.5	3.76076	-8.16332e-05	0.553205	0.562679	4.4019	-1.03739	0.958478	1.49115	3.91824	-1.75905	-0.285497	2.48196	4.4063	0.538745	1.15012	3.39133	4.80077	-0.957908	1.34035	4.24273	4.31194	-1.15486	0.0268383	5.43745	4.83231	0.129375	-0.360549	6.53551	4.4432	-0.0547236	-0.646531	7.61878	4.34011	-0.214278	-0.880409	8.46316	5.16079	-0.138745	1.5576	9.49138	4.90695	-0.247618	0.675407	0.517435	5.36913	-1.73764	2.3799	1.44456	4.89956	-2.85557	0.161456	2.49047	5.39092	-0.535872	2.02727	3.39964	5.85811	0.528892	-0.34885	4.31652	5.34848	1.2181	-0.400968	5.23495	5.84725	-0.530742	0.365679	6.20523	5.5147	-1.27441	0.156227	7.20638	5.28299	-0.156234	2.87854	7.94275	5.96663	1.08304	-0.787313	9.48749	5.92097	0.939138	0.0299444	0.535659	6.36497	-0.0651666	-1.25239	1.55065	5.85992	0.57423	-0.983583	2.36961	6.37637	0.640229	-1.56339	3.29561	6.86014	-0.756623	0.0689622	4.29448	6.53742	-0.968864	-0.925757	5.20386	6.9246	-1.787	-0.412248	6.01946	6.51786	-1.23161	1.43783	7.00382	6.23726	-0.426617	0.261443	7.79093	6.91955	-0.978785	-0.841354	8.7325	6.50283	0.694629	1.43326	0.526875	7.47005	-0.866329	0.552349	1.4196	6.93774	-1.10983	0.62385	2.3108	7.40003	-0.0951231	1.19795	3.15418	7.79938	1.49341	0.238674	4.14266	7.63221	-1.96453	-0.359173	5.06128	7.87603	-0.34775	-0.261763	6.04557	7.6694	-0.605948	-0.995116	6.87654	7.23527	-0.934044	-0.624133	8.56391	7.53579	0.355397	-1.0492	9.5	7.19893	-0.000333109	-0.863011	0.508986	8.48558	-1.16351	-0.972464	1.36238	7.9503	0.271025	0.803341	2.30974	8.46479	-2.84694	0.253619	3.58629	8.59745	-0.385847	0.709491	4.60946	8.72477	-0.0893926	0.688421	5.716	8.55728	0.363776	-0.0110722	6.78767	8.52509	0.0679513	1.19904	7.58014	7.99909	0.0667673	-0.611337	8.43525	8.54477	2.1215	0.864552	9.38797	8.2661	1.15089	-0.679019	0.524134	9.49594	0.110504	-0.256891	1.41398	8.88725	1.21848	2.51602	2.0622	9.49929	1.07874	0.307923	3.09017	9.49764	1.56926	0.132475	4.02783	9.49378	-0.0164816	0.0361683	5.33713	9.49731	1.39141	-0.512625	6.37717	9.5	0.439674	6.11803e-05	7.40239	9.39189	-1.82437	-0.766583	8.48466	9.49942	-0.28792	0.385682	9.46086	9.31648	-1.50736	-1.17969	-41.8869
1.55	0.502283	0.512659	1.06759	-1.44036	1.52195	0.602024	0.886015	1.72409	2.54758	0.503148	-0.49376	-1.56438	3.57335	0.508071	0.0429304	1.9602	4.5943	0.511394	0.304297	-1.10427	5.58988	0.732778	-0.0695426	-0.35685	6.5543	0.60468	2.75215	0.149197	7.60681	0.598556	-1.28317	0.057604	8.56798	0.835121	1.11802	0.427085	9.48343	0.509028	-0.28048	0.305167	0.575581	1.46736	0.170226	-0.196929	2.14355	1.37954	-1.41355	1.08789	3.13984	1.76059	1.32836	1.51308	4.0465	1.45035	0.90828	1.69521	4.99171	1.60712	2.38175	-0.53376	5.95744	1.63991	-1.73757	-0.818111	6.98002	1.54085	-0.833182	2.21199	7.90376	1.57658	-0.653353	-0.644026	8.69975	2.18447	1.84426	0.481084	9.49502	1.53645	0.539412	0.285736	0.563266	2.41944	-0.0663707	0.64126	1.42822	1.98384	-0.738363	0.765276	2.29923	2.33784	2.33675	0.764956	3.25273	2.75353	0.489234	-0.541564	4.28896	2.41127	1.72824	-0.914869	5.37625	2.60839	-0.788743	-1.00842	6.48711	2.46444	-0.0481734	-1.13259	7.4819	2.45649	-0.3073	1.53882	8.23903	3.15595	-0.892622	1.20163	9.46167	2.79736	0.538555	1.02486	0.599886	3.39582	2.37052	-1.09267	1.52619	2.92042	0.193128	-2.03305	2.35242	3.36056	-0.940775	0.735142	3.25081	3.83748	0.510953	-0.538604	4.14591	3.34886	-0.390269	0.795457	5.15668	3.85575	-1.36258	-1.90027	6.05626	3.4174	0.154199	-1.38793	7.10247	3.39931	-0.84941	1.57084	8.56303	4.20509	-0.107805	2.94672	9.5	3.79749	-8.12046e-05	1.06187	0.522799	4.44343	1.72078	0.324693	1.42379	3.95492	-0.780103	0.610736	2.42608	4.45643	-2.32368	0.612787	3.35462	4.90971	-0.535711	1.95781	4.20897	4.33954	-0.32427	0.820739	5.44321	4.84761	-0.161685	0.376843	6.52794	4.41341	-0.27187	-0.528655	7.58557	4.30156	-1.21534	-0.509236	8.50009	5.16387	1.56771	-1.14616	9.48532	4.90917	0.091146	-0.621876	0.558554	5.4512	0.859075	0.189072	1.34632	4.90123	-0.572955	0.131252	2.46492	5.43438	-0.418242	-0.601999	3.43455	5.84901	0.763037	0.28953	4.37563	5.33313	0.956288	-0.248134	5.19439	5.87983	-0.817573	1.00976	6.16376	5.51812	-0.239868	0.160693	7.19931	5.33683	-0.22634	-0.894968	7.96781	5.95287	-0.0206028	0.634224	9.47068	5.91404	-0.239059	-0.224587	0.526195	6.38079	-0.431773	2.52894	1.53296	5.85309	-1.00525	0.88962	2.41785	6.3833	0.759192	1.99557	3.26815	6.83145	-0.226276	-0.778171	4.21912	6.46732	-2.03728	-1.888	5.0689	6.9097	-2.59706	-0.57262	6.03518	6.57102	0.620736	0.924477	6.95568	6.27394	-1.06844	0.685657	7.76311	6.90318	0.0375277	0.141676	8.75306	6.5825	-0.354578	0.870966	0.53399	7.45613	0.57996	-0.980989	1.3695	6.93561	-0.603963	-0.744067	2.26368	7.43531	-1.38254	0.11844	3.15993	7.81057	-1.70251	0.76017	4.07147	7.58984	-0.00398141	-1.39377	5.03798	7.86326	-0.646828	0.217978	5.9804	7.60659	-1.9157	-1.13928	6.85028	7.2154	-0.231453	0.396086	8.5707	7.52356	-0.178693	0.894718	9.5	7.1569	-0.000333307	-0.527142	0.525268	8.45005	-0.381837	-0.396849	1.41062	7.95431	1.10247	-0.379003	2.22887	8.46633	-0.260569	0.0641748	3.60259	8.68177	0.625904	1.36795	4.63456	8.73955	1.36149	-0.456194	5.75779	8.61603	1.06363	1.31992	6.75668	8.57571	-0.868547	0.217318	7.61348	7.95033	0.909135	-0.999561	8.51626	8.54363	1.18859	-0.986536	9.47668	8.21666	2.30896	-1.29711	0.521771	9.49625	-0.479482	-0.147835	1.33813	8.9828	-2.5007	1.89467	2.21025	9.49919	2.42286	-0.215852	3.09877	9.49823	0.396603	0.0537867	4.09643	9.4964	2.15647	0.528225	5.37857	9.49539	0.051828	-0.473772	6.38126	9.5	-0.41791	6.12133e-05	7.35244	9.36192	0.177083	-0.271671	8.43574	9.49824	-1.65715	-0.096854	9.41998	9.25937	-0.213811	-1.07775	-46.5864
1.6	0.532527	0.517169	0.105839	-1.2345	1.5322	0.658586	-0.518842	0.465752	2.55103	0.534321	0.619323	-0.201368	3.56819	0.600806	-0.247178	1.67951	4.60383	0.541649	-0.114327	0.906476	5.5785	0.671042	0.121406	-1.95263	6.65763	0.599597	-0.00877123	-0.2561	7.56894	0.580448	1.10444	-0.697248	8.6094	0.860404	0.337488	0.494577	9.48611	0.507245	-0.487187	0.400502	0.557241	1.45752	-1.25475	0.222578	2.14383	1.42104	1.481	1.01383	3.17387	1.78945	0.361606	-0.654191	4.08825	1.46323	0.544843	-1.19147	5.02935	1.57662	-1.04396	-0.79524	5.97118	1.61293	1.96344	-0.475268	6.90152	1.62143	-0.756876	0.547409	7.9299	1.55462	0.785027	0.0732806	8.74696	2.20315	-0.111651	0.402287	9.48819	1.5514	0.138256	0.156406	0.500977	2.45643	2.43589	0.204397	1.35543	1.94891	-1.37826	-1.53106	2.42904	2.39759	1.39425	1.50627	3.30757	2.77545	2.08166	1.57504	4.38344	2.38259	1.73272	0.317241	5.34307	2.56694	-0.226685	-0.52701	6.46411	2.45822	-0.956223	1.27672	7.487	2.53437	0.423332	1.25715	8.20866	3.23285	-0.260008	1.87197	9.4832	2.8488	-1.20222	1.05181	0.664051	3.3876	-0.230381	1.08246	1.49032	2.90297	-0.568979	0.835535	2.34804	3.43353	0.353237	1.70268	3.26836	3.83059	0.0258086	0.437218	4.14623	3.3838	0.470202	0.142704	5.07902	3.75837	-1.44152	-1.90555	6.06304	3.35821	-0.225195	-0.792678	7.0542	3.46531	-1.07619	0.744242	8.57505	4.23375	0.242404	-1.62425	9.5	3.86378	-8.0638e-05	1.29336	0.515035	4.4155	-1.3584	-1.00251	1.44376	3.94162	1.44009	-0.670982	2.29954	4.44161	-2.26603	-1.00895	3.32956	4.9164	-0.523802	-1.55783	4.20127	4.37931	-0.00785118	0.565539	5.41107	4.84268	-1.01436	-0.496947	6.50028	4.39166	-0.942237	-0.321254	7.52831	4.30241	-0.584019	0.62804	8.56758	5.20466	1.01519	2.84485	9.48967	4.85432	-0.384849	-1.2802	0.544423	5.46093	-1.15867	0.449257	1.42876	4.9404	2.88647	1.15472	2.4356	5.42116	-0.810688	0.472447	3.41566	5.86721	-2.41847	-0.415866	4.40014	5.32698	0.0554736	0.184506	5.17905	5.93842	0.295766	0.959452	6.1765	5.53764	0.513564	0.507473	7.18624	5.24485	-0.244114	-2.25455	7.95316	5.96314	-0.870904	-0.564799	9.47864	5.90353	0.456299	-0.194705	0.517135	6.50636	0.452141	0.888235	1.48307	5.93473	-0.872664	1.81309	2.39231	6.47189	-1.55424	0.820673	3.29384	6.85425	0.941038	1.83497	4.16769	6.38881	0.952415	-0.733538	4.9776	6.88479	-1.04238	0.00543087	6.00988	6.60729	-1.38151	0.269814	6.94453	6.25599	0.528857	-0.981523	7.77877	6.9342	0.221318	0.951579	8.70161	6.56824	-1.02672	-0.881508	0.512938	7.42423	-1.18314	0.623389	1.39076	6.87984	1.38521	-0.84742	2.20975	7.40777	-0.541678	-0.792898	3.05965	7.8728	-1.65236	1.37	4.08948	7.50437	0.130974	-1.8508	5.00923	7.85806	-0.483192	-1.21209	5.89268	7.57012	-1.10549	-0.269082	6.84129	7.29607	-0.168114	2.28614	8.56564	7.58209	0.248805	0.230981	9.5	7.15136	-0.000333795	-0.060395	0.525797	8.42976	0.697362	-0.347579	1.40897	7.94497	-1.15558	0.242949	2.26873	8.49434	1.41028	0.88621	3.64791	8.65435	1.52816	-2.34519	4.72137	8.71522	1.56596	0.270852	5.7902	8.62967	-0.064461	-0.72547	6.74918	8.53119	0.887704	-1.74156	7.64388	7.92661	0.124997	0.323128	8.55128	8.51167	-0.248225	0.860503	9.42649	8.14415	-0.816107	-1.53076	0.508612	9.49615	-1.15755	-0.0490367	1.31535	9.05278	1.97279	0.295352	2.17744	9.49999	-1.75096	0.338582	3.21683	9.49978	2.38688	0.37487	4.21159	9.49606	2.38627	-0.478806	5.32943	9.49587	-1.7837	0.540878	6.35368	9.5	-0.426289	6.0675e-05	7.39816	9.36207	0.901708	0.0848219	8.34727	9.49767	-1.34875	0.0456603	9.42016	9.2116	0.0930207	-0.823616	-43.5361
1.65	0.510687	0.522619	-1.01802	-0.853432	1.50461	0.673294	-0.274209	0.339658	2.58023	0.508626	0.156992	1.13827	3.53947	0.647729	-1.04533	-0.251623	4.58484	0.563033	-0.392699	-0.267153	5.60804	0.563741	0.649459	-2.25883	6.58856	0.584603	-1.50787	-0.310219	7.68446	0.533611	2.34012	-1.17561	8.60506	0.879678	-0.134595	0.306827	9.48413	0.507413	-0.424245	0.350214	0.548474	1.46732	1.17917	0.230339	2.25376	1.4727	2.36721	0.736267	3.1841	1.73347	-0.0373187	-0.986838	4.07974	1.40715	-0.334591	-0.112634	5.02532	1.53189	0.9228	-0.868204	5.98859	1.56963	-0.489984	-1.08668	6.99079	1.61199	2.93375	-0.48383	7.94056	1.59303	-0.146298	1.26612	8.69735	2.22668	-1.49693	0.639452	9.48864	1.5546	-0.430474	0.0709851	0.564194	2.4631	0.110162	0.475035	1.36285	1.88638	2.168	-0.84253	2.43697	2.48352	-0.383117	1.67806	3.42113	2.85024	1.33496	0.535124	4.41264	2.41092	-0.480549	0.3417	5.38741	2.55659	1.79944	-0.0450231	6.42973	2.53113	0.0110625	0.605897	7.51057	2.5702	0.476291	0.227441	8.20337	3.31754	-0.275329	0.82531	9.44961	2.90339	-0.276239	0.870083	0.579764	3.46251	-2.62399	0.859813	1.49559	2.9262	0.424095	-0.0755153	2.3769	3.46832	0.81947	-0.614308	3.26812	3.87487	0.186838	0.786021	4.17304	3.37186	0.622658	-0.0360684	5.05457	3.68096	0.80332	-0.971404	6.00176	3.38176	-2.17049	2.03521	7.00743	3.47228	-0.714266	-0.251741	8.56628	4.17458	-0.334407	0.195518	9.5	3.87516	-8.21777e-05	-0.928488	0.552021	4.39626	1.15023	0.962235	1.48036	3.90999	-0.533511	-0.514634	2.29249	4.42392	2.33408	0.730249	3.29187	4.81292	-1.01473	-1.59396	4.21361	4.38023	0.593143	-0.42955	5.3544	4.80907	-1.18404	-0.784504	6.43237	4.38162	-1.66439	-0.0856546	7.55143	4.31762	1.46277	-0.677176	8.62666	5.33262	1.48159	1.9432	9.49983	4.83276	-0.68221	0.684379	0.523362	5.47461	1.33007	-0.206481	1.52424	5.00568	0.392952	1.05436	2.38797	5.45638	-1.07274	0.526898	3.26104	5.84884	-2.79149	0.088615	4.3876	5.36035	-0.534977	0.864097	5.21534	5.94233	0.874802	-0.909573	6.19476	5.55331	0.113017	-0.00531498	7.16064	5.17371	-1.02489	-0.132061	7.86051	5.92285	-2.25575	-0.807553	9.4897	5.8949	-0.527907	-0.111052	0.50698	6.45891	0.846587	-1.49922	1.43965	5.95076	-1.01363	-0.694563	2.33596	6.43975	-0.406886	-1.49676	3.301	6.94182	-1.27602	0.778797	4.20696	6.33434	-0.143941	-1.55297	4.98601	6.90043	1.25575	-0.406182	5.95049	6.5867	-0.548573	-0.824685	6.96889	6.22151	-0.123398	-0.0892373	7.764	6.97009	-0.787976	0.329941	8.6861	6.51816	0.0957362	-1.24177	0.534009	7.49352	0.126924	0.748887	1.43286	6.91953	-0.515088	1.87923	2.21799	7.43267	0.881855	1.65076	3.02533	7.90835	0.627114	0.0339892	4.08512	7.43395	0.0710106	-0.634955	4.95979	7.80796	-1.10092	0.124614	5.89729	7.57793	0.74217	0.505341	6.83311	7.39844	0.0529263	1.53301	8.58836	7.54421	0.443127	-0.943173	9.5	7.11112	-0.000333459	-1.66348	0.51181	8.45641	-1.34291	1.78837	1.36799	7.97093	0.233458	0.775221	2.31843	8.54577	0.355996	1.0913	3.76778	8.52591	3.18137	-2.26488	4.78051	8.69641	0.582424	-1.52595	5.76959	8.57431	-0.326642	-1.18465	6.81264	8.43593	0.874453	-1.60325	7.6473	7.98858	0.669884	1.78803	8.50241	8.59641	-1.10149	0.90121	9.44553	8.09794	1.12465	-0.0505818	0.526457	9.49813	-0.0720947	0.350901	1.39245	8.99059	0.133744	-2.72066	2.1798	9.4989	2.2245	0.0512685	3.28953	9.49629	0.714802	-0.0485459	4.29271	9.49434	0.406372	-0.0717574	5.26768	9.49474	0.0867465	0.3338	6.34024	9.5	-0.222226	3.69971e-05	7.37516	9.3549	-1.5881	-0.364552	8.35123	9.49878	1.15231	0.224306	9.42552	9.17601	0.134134	-0.601577	-39.581
1.7	0.530288	0.527511	0.219959	-0.221608	1.51076	0.700314	0.557378	0.774007	2.53501	0.530759	-1.86444	-0.458526	3.50549	0.590881	0.0838791	-1.52911	4.57168	0.516532	-0.266949	-1.394	5.59416	0.551683	-1.20288	2.234	6.57389	0.573444	0.961669	-0.157269	7.74542	0.532506	-0.115954	1.04376	8.62136	0.912492	1.09947	1.01322	9.48718	0.506521	-0.645108	0.374375	0.538463	1.47905	-0.787834	0.813041	2.32082	1.47192	0.48667	-0.976109	3.21027	1.73318	1.32876	1.12794	4.10012	1.44333	1.03444	0.733836	5.05809	1.4936	0.318285	-0.645545	6.02193	1.51778	1.86095	-0.913164	7.0317	1.58044	-1.23074	-0.805073	7.98425	1.64017	1.42343	0.235149	8.64332	2.29268	-0.240559	2.31569	9.47332	1.56679	-0.224954	0.455238	0.545566	2.48743	-0.645829	0.161691	1.50564	1.88362	1.87873	0.709712	2.42719	2.50154	0.0434503	-1.43742	3.39845	2.80504	-1.44569	-1.7829	4.38337	2.40112	-0.419342	-0.500606	5.46695	2.54636	1.05606	-0.357968	6.46281	2.53204	1.22101	-0.296978	7.52815	2.56355	0.0867954	-0.523497	8.17646	3.30306	-0.40585	-0.604622	9.44321	2.88782	0.0513049	-1.59286	0.563979	3.46348	2.67843	-0.0736832	1.50246	2.90097	-0.239242	-0.653105	2.40891	3.44713	0.206769	0.480308	3.30016	3.84186	1.15555	-1.46888	4.2069	3.39821	-0.0423872	0.221184	5.08366	3.68911	-0.744903	1.53455	5.97038	3.49022	2.18126	1.38484	6.97675	3.45516	-0.477492	-0.336311	8.58355	4.26806	1.1812	2.83777	9.5	3.84788	-8.20782e-05	0.275061	0.598944	4.50073	0.564692	1.85757	1.44309	3.91635	-0.442718	0.685255	2.42083	4.46374	1.50401	0.0690299	3.2648	4.84806	0.8004	2.65837	4.25747	4.36541	1.01158	0.114067	5.2956	4.76688	-1.14117	-0.895349	6.34824	4.38944	-1.53333	0.618263	7.62291	4.26067	0.767016	-1.18705	8.67101	5.40433	-0.106063	0.856826	9.49635	4.87586	0.670143	0.590544	0.562493	5.42482	0.0102603	-1.0716	1.47852	4.96712	-1.74764	-2.32902	2.32488	5.43783	-1.30655	-1.02151	3.19801	5.88403	0.178247	1.09702	4.35141	5.35646	-0.880599	-1.22298	5.24021	5.84783	0.0729461	-2.59763	6.18111	5.52974	-0.706527	-0.951822	7.09558	5.1809	-1.25806	-0.171016	7.80933	5.87647	-0.144422	-0.854307	9.4908	5.90459	-0.71417	0.650298	0.521043	6.42209	-0.490526	0.0604369	1.39835	5.96907	-0.278086	1.2198	2.32546	6.41444	-0.415704	0.70452	3.18233	6.91563	-2.73265	-1.31269	4.16182	6.29917	-1.45406	0.546434	5.04971	6.82918	0.838218	-2.04171	5.98252	6.5562	1.52281	-0.324891	6.89326	6.2672	-2.09127	1.63228	7.7205	6.96562	-0.59309	-0.547579	8.66736	6.44724	-1.0417	-1.37752	0.506603	7.48804	1.33194	-0.388717	1.37073	7.00027	-1.3436	1.09886	2.2541	7.49674	0.620559	0.598134	3.12968	7.92431	2.84573	0.580664	4.07568	7.41176	-0.850989	-0.76486	4.96457	7.77656	1.05317	-1.21664	5.90976	7.58992	0.00681611	-0.436738	6.86993	7.4272	1.17045	-0.310827	8.60653	7.51351	0.374396	-0.452395	9.5	7.01033	-0.000333665	-2.08848	0.521606	8.54893	-0.874336	0.8056	1.41622	7.98432	1.08029	-0.911396	2.33321	8.55081	0.52213	-1.22165	3.92027	8.43415	2.11656	-1.4884	4.78853	8.70588	0.961153	1.7086	5.77652	8.54417	0.445506	0.236512	6.78576	8.41393	-1.48834	0.610662	7.72738	8.05257	1.06319	0.27483	8.48824	8.53702	1.35286	-1.95975	9.48662	8.1153	-1.41976	0.404515	0.508729	9.49688	-0.537564	0.163193	1.39607	8.9131	0.79235	1.01226	2.30908	9.49952	2.33735	-0.300175	3.29716	9.49052	-0.302495	-0.225342	4.27169	9.49878	-0.79683	-0.72053	5.33214	9.49604	1.91323	-0.523272	6.32197	9.5	-0.476926	2.14593e-05	7.30198	9.3321	-0.945704	-0.514519	8.40717	9.49912	0.972431	-0.304879	9.43427	9.15302	0.211938	-0.283014	-50.405
1.75	0.517738	0.524651	-0.58188	0.962342	1.52922	0.753206	-0.384407	1.38706	2.45783	0.517042	-0.50142	-0.913952	3.52358	0.515267	0.320384	-1.46155	4.54815	0.545568	-0.599113	0.646031	5.53909	0.636945	-0.470213	0.714638	6.64526	0.55821	1.52971	-0.536618	7.6979	0.57098	-1.34133	0.643791	8.67967	0.963134	0.751484	0.812419	9.48653	0.507829	-0.46081	0.17506	0.503375	1.52657	0.852596	0.498832	2.35921	1.40983	0.708221	-0.14173	3.26678	1.81174	0.722784	1.01685	4.14681	1.42889	0.384836	-1.14356	5.1005	1.48468	1.36009	0.72373	6.08807	1.4864	-0.227702	-0.315271	7.0058	1.54123	1.3994	-0.649548	8.00429	1.6319	-0.490947	-0.0846066	8.63304	2.42357	-0.978058	2.09377	9.46843	1.60556	0.0994763	1.1416	0.502338	2.48395	-1.07376	0.11004	1.50313	1.93323	-1.29884	0.500386	2.41973	2.39538	-0.613538	-2.10817	3.33943	2.7309	-0.606335	-0.233842	4.38068	2.38986	0.328841	-0.024961	5.49212	2.52722	0.10114	-0.377722	6.53247	2.50638	1.19055	-0.714902	7.51928	2.51752	-0.165456	-1.1375	8.17867	3.30306	0.318971	0.723987	9.49471	2.8056	2.51986	-1.19914	0.643846	3.46674	0.348606	-0.0483564	1.48549	2.89387	-0.254806	0.638683	2.39198	3.46631	-0.683078	-0.453971	3.35182	3.80502	0.251242	0.298671	4.16854	3.34531	-0.3962	-2.03098	5.07838	3.78696	0.745956	1.43379	6.06649	3.49544	0.414474	-0.881464	7.00455	3.44023	2.08581	-0.37049	8.65229	4.41642	0.886729	2.64608	9.5	3.86604	-8.21631e-05	0.0800357	0.555269	4.45369	-2.47434	-2.70048	1.48176	3.94978	2.02781	-0.00649477	2.44403	4.4249	0.178785	-0.850741	3.36518	4.99034	2.33899	2.05121	4.29075	4.36861	-0.0197651	-0.595986	5.24885	4.72666	-0.556963	-0.422039	6.29119	4.47037	-0.871568	2.24453	7.62744	4.21236	-0.175422	-0.602067	8.63209	5.39985	-0.997855	-0.803761	9.49956	4.89365	0.989127	0.414355	0.524293	5.47034	-1.29191	1.8162	1.43387	4.88002	0.0695163	-0.15315	2.2734	5.41021	-0.619307	0.0461577	3.22122	5.92778	0.145029	0.628186	4.29633	5.31066	-1.2059	0.25703	5.2139	5.72198	-1.26471	-2.08353	6.13748	5.46898	-0.748481	-1.20578	7.06124	5.144	-0.00121261	-1.20186	7.77586	5.85172	-1.43114	-0.27101	9.48478	5.94858	-0.438291	0.647271	0.52156	6.44994	0.17838	1.05165	1.40971	6.01035	0.364896	-0.0876652	2.25361	6.45553	-2.33796	0.54414	3.10118	6.88782	-0.0874644	0.575073	4.09184	6.35656	-1.00985	1.3294	5.05266	6.72251	-0.955862	-1.87505	5.98337	6.56467	-1.32767	0.256577	6.90527	6.32165	2.38821	0.380281	7.73847	6.90859	1.19302	-1.51001	8.59089	6.41124	-1.55903	-0.0156654	0.507849	7.49228	-1.32243	0.554672	1.35389	6.99209	0.842762	-1.16514	2.31032	7.48349	1.26469	-1.0735	3.20318	7.91534	-0.0351232	-0.907459	4.02544	7.34569	-0.757338	-1.6395	4.98691	7.75107	-0.371554	-0.0453759	5.94114	7.53994	1.05417	-1.01399	6.90123	7.40612	0.0230304	-0.401867	8.62444	7.47393	0.230993	-1.14193	9.5	6.9213	-0.000333543	-1.18592	0.541891	8.50771	1.00907	-1.9014	1.43789	7.97045	-0.0779578	0.892721	2.36965	8.46661	0.765466	-1.43448	4.01567	8.40174	2.19939	0.236674	4.88936	8.74717	1.58015	-0.514339	5.80009	8.57529	0.600228	0.471344	6.72746	8.45615	-0.259608	0.722451	7.6895	8.01875	-1.332	-0.852484	8.62806	8.49731	2.09861	0.296168	9.45201	8.11201	1.02823	-0.975466	0.517854	9.49838	0.394374	0.385866	1.45839	9.03649	1.4054	3.02421	2.35851	9.49914	-0.684573	0.188718	3.29716	9.47145	0.514798	-0.563668	4.24195	9.49198	0.0590191	-0.0656592	5.40607	9.49601	0.717762	-0.523595	6.33552	9.5	1.55043	2.11489e-05	7.29856	9.30713	0.89581	-0.447302	8.44534	9.49992	0.521699	0.287517	9.45023	9.15324	0.514032	0.329643	-38.2976
1.8	0.5164	0.536216	0.435296	-0.630456	1.47349	0.837926	-1.32894	1.91316	2.48434	0.501717	1.07283	-1.72723	3.52081	0.556693	-0.460956	1.3896	4.54168	0.509175	0.486397	-2.11209	5.55557	0.6028	0.858367	-1.59765	6.69174	0.520351	-0.0618663	-0.950172	7.65229	0.601947	-0.0502312	0.581066	8.672	0.995554	-0.663343	0.317302	9.48338	0.509927	-0.00929875	-0.0724852	0.536574	1.51754	0.19051	-0.675695	2.3672	1.44928	-0.52218	0.316774	3.28809	1.79008	0.0475853	-0.842419	4.13952	1.38485	-0.201422	-0.529556	5.12771	1.57497	-0.639206	2.24912	6.07919	1.49068	0.794026	0.385981	7.08753	1.5072	0.324068	-0.867394	7.99732	1.63833	0.99062	0.221924	8.5294	2.45994	-2.65641	-0.42883	9.48432	1.67887	0.453517	1.66726	0.538926	2.50464	0.441266	0.154499	1.42136	1.91552	-1.50924	-0.768903	2.37183	2.3655	-1.054	1.65408	3.32137	2.81437	-0.538413	2.46056	4.41796	2.34731	1.11724	-1.89687	5.48974	2.51352	-0.096941	-0.0275412	6.55024	2.46515	-0.464279	-0.884945	7.53657	2.47959	0.64877	-0.106786	8.1891	3.38389	0.179198	2.35984	9.45947	2.77643	0.625347	-0.0743575	0.624736	3.43964	-0.867881	-1.03303	1.48726	2.94319	0.254235	0.660842	2.3816	3.37893	0.799813	-2.64932	3.32571	3.85997	-0.863499	1.5299	4.1931	3.27484	1.06741	-0.148009	5.12993	3.76556	0.940194	-1.85968	6.05391	3.43789	-0.143255	-1.33791	7.12474	3.39823	2.01022	-1.36571	8.63286	4.44545	-1.38072	-1.66656	9.5	3.85096	-8.10698e-05	-0.549192	0.581252	4.36993	2.42039	0.0325789	1.58189	3.9185	1.29567	-0.357349	2.46691	4.41917	0.704533	0.453945	3.41131	4.98842	-0.834681	-1.89652	4.24909	4.31576	-1.24597	-1.06786	5.24475	4.74133	0.17454	0.350818	6.24817	4.51725	-0.816297	-0.934369	7.63552	4.22684	0.504295	1.28682	8.58303	5.40286	-0.75749	1.06055	9.49002	4.93543	-0.0490946	0.984334	0.536551	5.51466	0.484778	-0.193409	1.42026	4.93226	-0.620846	1.37217	2.281	5.43424	0.957469	0.757839	3.17807	5.95711	-1.75674	0.202133	4.27429	5.38426	-0.0563218	1.96037	5.14192	5.68104	-0.752465	0.946686	6.11293	5.46452	-0.27254	1.39799	7.08849	5.074	0.771488	-1.51501	7.72804	5.81103	0.027112	-1.4167	9.49228	5.93036	0.622589	-1.12125	0.513899	6.52423	0.848859	1.54715	1.38173	5.92912	-1.06577	-2.3456	2.20621	6.47044	0.959973	-0.495605	3.14176	6.91784	1.23311	0.132212	4.06579	6.37029	-0.542856	-1.24958	4.95886	6.66437	-1.87213	-0.301281	5.95828	6.52474	0.0838457	-1.64811	6.95666	6.34531	-1.16053	0.772345	7.77342	6.88164	-0.188393	0.777892	8.58087	6.3993	1.50499	-0.846244	0.539915	7.50001	0.346669	-0.53788	1.40639	6.97096	0.563083	0.563285	2.31365	7.42893	-1.16107	-0.495816	3.20811	7.88982	0.410911	0.195821	4.02556	7.31951	0.946328	1.06949	4.95224	7.7314	-0.771956	-1.03089	5.95826	7.53502	-0.591105	0.6898	6.90535	7.36886	0.231946	-1.10346	8.62673	7.42731	-0.237018	-0.499544	9.5	6.92135	-0.000333347	0.985916	0.569583	8.44839	-0.127063	0.287947	1.44675	8.03265	0.788343	1.23319	2.39235	8.44562	0.0976815	0.554893	4.04715	8.3981	-1.56823	-0.622584	4.9157	8.69708	0.410197	-0.763801	5.84878	8.56728	1.25038	-0.64464	6.79265	8.46941	2.55824	-0.131422	7.66162	7.99731	0.491523	-0.0360573	8.63358	8.53953	-1.30986	0.907987	9.43867	8.012	-1.36271	-2.63685	0.525496	9.49822	-0.158836	0.309759	1.47752	9.15683	-1.50409	1.30791	2.32673	9.49945	0.67589	0.25797	3.3095	9.43257	0.00503105	-0.992843	4.30337	9.49281	2.06623	-0.215042	5.42617	9.49384	0.382153	0.0949705	6.44077	9.5	2.05847	2.12502e-05	7.40298	9.28754	3.25559	-0.346462	8.45805	9.49887	0.0139998	0.257087	9.49145	9.18057	1.09048	0.647189	-44.9024
1.85	0.510015	0.526572	-0.659154	0.653967	1.42945	0.925902	-0.427751	1.23362	2.52862	0.509628	0.423063	-1.31971	3.4942	0.615363	-0.312919	0.883577	4.5941	0.544633	1.69129	-0.537241	5.6127	0.516869	1.34916	-1.72066	6.64339	0.528876	-1.43998	0.780646	7.69174	0.623324	1.20906	0.181999	8.67331	0.956929	0.607763	-1.72318	9.48585	0.509464	0.0943168	-0.0148514	0.507612	1.46758	1.60217	-1.02032	2.30879	1.45176	-1.61129	0.336254	3.25863	1.78381	-1.1031	0.554655	4.13939	1.36857	-0.282509	0.191443	5.10283	1.62508	0.653143	-0.959393	6.11787	1.50535	-0.159757	0.0287594	7.05928	1.46229	-0.351709	-0.741474	8.02928	1.63836	-0.415315	-0.346788	8.49425	2.47341	1.60984	1.43231	9.49387	1.75698	-0.456216	1.2964	0.535951	2.45019	-0.534556	-1.8899	1.39518	1.90122	0.314797	0.433689	2.32557	2.42188	-0.738703	-1.2318	3.2965	2.90773	0.24917	0.879684	4.44959	2.28619	-0.504295	0.57184	5.49019	2.54375	0.0286279	1.19758	6.51356	2.42465	-0.728656	-0.65054	7.52409	2.4844	-1.13494	-0.417102	8.21864	3.48616	0.896464	0.901076	9.49363	2.7793	-1.02681	0.200245	0.563953	3.42731	-1.49151	0.593599	1.48403	2.934	-0.567014	-0.588752	2.46068	3.33574	1.47267	2.46431	3.28985	3.92078	-0.375324	0.37679	4.25462	3.29085	1.01251	0.178379	5.14951	3.66739	0.117673	-1.72166	6.09299	3.36409	1.69644	-1.44801	7.1817	3.35127	0.14538	0.206955	8.5898	4.34406	0.556246	-1.38021	9.5	3.82326	-7.88882e-05	-0.490365	0.660759	4.41642	0.310099	0.95496	1.6114	3.94139	0.125961	0.867757	2.4823	4.4539	-0.692573	0.764105	3.34002	4.87994	-1.35554	-1.52786	4.20925	4.2887	-0.10129	0.145085	5.24294	4.73641	-0.368009	-0.252701	6.21619	4.42453	-0.415694	-2.29161	7.64562	4.29156	-0.305551	0.547198	8.60252	5.39983	1.19728	-1.49779	9.49004	4.93408	-0.244923	-1.38252	0.527178	5.45585	1.68706	-1.74525	1.42249	4.95267	1.31533	-0.466892	2.32544	5.44242	-0.108478	-1.19341	3.10273	5.92573	-0.0547651	-1.17733	4.22132	5.40681	-1.3179	-1.54946	5.1745	5.78255	1.12935	2.01174	6.12894	5.5361	1.16233	0.424327	7.08304	5.01964	-1.56711	-0.0787348	7.70606	5.78043	-0.978793	0.38076	9.49454	5.89986	0.817356	0.13012	0.519838	6.53376	-0.538426	-1.38235	1.38743	5.90848	0.955899	1.7453	2.28448	6.41211	1.23413	-0.735667	3.19166	6.9157	0.645211	-0.0228058	3.99537	6.31525	-1.84811	0.141031	4.91848	6.70665	-0.207041	1.76469	5.93223	6.46195	-1.66558	-0.0296684	6.87336	6.35482	-1.16572	-0.676941	7.76635	6.9219	0.0198252	0.145083	8.66564	6.3812	1.05353	0.572947	0.53164	7.50234	-0.64269	1.13173	1.41031	7.00976	-0.232669	0.498689	2.2638	7.45027	-0.207013	1.00218	3.17931	7.90409	-2.03897	-0.138232	4.07911	7.38035	0.0746343	0.604849	4.94813	7.67308	1.23486	-0.57066	5.9107	7.56203	-0.890491	-0.0400818	6.89317	7.33947	-0.919732	0.376822	8.58294	7.41949	-1.2352	0.168075	9.5	6.96403	-0.000333487	0.0940237	0.532768	8.51464	-1.12048	1.64004	1.4932	8.0874	0.494208	1.0601	2.39209	8.5048	0.0376787	1.64247	3.96757	8.40089	-0.555191	1.36144	4.92764	8.6578	0.0609672	-1.02256	5.92386	8.53973	1.62363	-0.107325	6.91433	8.46698	1.91654	0.211034	7.74858	7.98851	2.6263	-0.597134	8.55106	8.54442	-1.47105	-0.881479	9.43212	7.90968	0.859559	-0.689302	0.513415	9.49719	0.516401	0.0680382	1.37868	9.17945	-1.09796	-0.255804	2.37785	9.4986	0.493913	-0.00522621	3.34128	9.37091	1.53493	-1.49831	4.40348	9.49516	1.69437	-0.373514	5.46157	9.4992	1.07859	-0.649822	6.53281	9.5	1.73747	2.13785e-05	7.57668	9.26799	2.69284	-0.631338	8.46957	9.49904	1.1458	-0.28655	9.45752	9.21008	-0.827224	0.487844	-32.849
1.9	0.519817	0.52474	0.103151	0.724802	1.42254	0.930793	0.0492388	-0.964553	2.5107	0.527595	-0.908068	-0.511863	3.50174	0.638799	0.443914	-0.0418165	4.67929	0.520275	1.32169	1.45925	5.66098	0.566583	0.0894316	1.49537	6.60049	0.546224	0.346385	-0.135122	7.73625	0.610238	0.208919	-0.80908	8.65638	0.893965	-1.34639	-0.517973	9.49728	0.505008	-1.39405	-0.475903	0.545657	1.44783	-0.0243274	0.0471479	2.24688	1.43488	-0.577705	-0.891096	3.1955	1.83096	-1.21658	1.13037	4.12366	1.39041	-0.0531214	0.649737	5.14764	1.53065	-0.126593	-2.10268	6.06884	1.48621	-0.566935	-0.656414	7.06942	1.44034	0.184218	-0.17404	8.01821	1.62244	0.541738	-0.10983	8.58447	2.54236	0.936089	0.445906	9.46555	1.79479	-0.676337	0.177754	0.512209	2.39522	1.05989	0.181725	1.41762	1.95879	0.219562	1.37141	2.32252	2.38613	0.701146	0.834231	3.35182	2.88742	1.22686	-1.44682	4.39996	2.35916	-0.9787	1.1962	5.46859	2.60117	-0.957225	0.843449	6.49046	2.39245	-0.253738	-0.887282	7.4771	2.43408	-0.608287	-0.904584	8.245	3.43565	0.138378	-1.75339	9.47661	2.80915	1.02931	1.0876	0.516834	3.45377	1.64017	0.167356	1.43809	2.92825	-1.10046	0.629773	2.45717	3.4889	-1.4537	2.09807	3.31564	3.89166	1.68614	-0.80288	4.25957	3.29039	-0.676975	0.500354	5.191	3.60972	1.56942	-0.563329	6.1937	3.31885	1.83149	-0.318111	7.15831	3.41583	-0.575784	1.64844	8.68031	4.35205	1.71757	0.560096	9.5	3.80126	-7.87708e-05	-0.472501	0.616611	4.43015	-1.49573	-0.385815	1.58359	3.95761	-1.70895	-0.602701	2.39936	4.45002	-1.49266	-1.0926	3.30748	4.88497	-0.458437	0.863603	4.23814	4.32075	1.09222	0.706197	5.21228	4.72912	-0.711416	-0.0368271	6.20305	4.31001	-0.184453	-2.06577	7.62309	4.28706	-0.334314	-0.108214	8.63334	5.31702	-0.182152	-1.09848	9.49228	4.82721	0.0118847	-2.22294	0.568012	5.38523	0.273553	-0.585638	1.51272	4.93029	0.368608	-0.718724	2.29015	5.38072	0.373358	0.70942	3.1669	5.84075	1.39554	-2.06428	4.18231	5.29775	-0.0548	-1.81748	5.1884	5.8155	-0.66045	-0.789821	6.1962	5.50786	0.0135437	-0.387646	6.96346	5.05401	-1.55428	0.367884	7.6822	5.81458	0.303042	0.589065	9.49533	5.90542	-0.790125	-0.263371	0.518571	6.4408	0.485588	-1.90128	1.4365	6.02475	0.630329	1.97337	2.31014	6.43345	0.377077	1.13139	3.17771	6.91725	-1.3446	0.00998993	3.97365	6.35684	1.41872	0.950093	4.89036	6.77235	-1.1575	0.504499	5.83941	6.54032	-1.1096	2.48304	6.83993	6.30622	-0.694998	-0.805105	7.73997	6.87729	-1.08529	-1.57673	8.64833	6.4259	-1.6173	0.669155	0.513968	7.57019	0.930605	1.11309	1.38371	7.01818	-0.728301	0.185014	2.27014	7.48836	-0.504844	0.15182	3.09865	7.90609	0.0144293	0.740958	4.03815	7.39802	-0.956581	0.587503	5.00541	7.71079	0.0478787	1.4243	5.92065	7.5234	1.24384	-1.11442	6.84468	7.39045	-0.321147	1.24968	8.59396	7.43128	2.0389	-0.0334835	9.5	6.92374	-0.000333475	-1.03304	0.528609	8.55722	1.0944	-0.172352	1.47375	8.13746	-1.05416	0.695608	2.39335	8.57792	-0.111053	0.655802	3.95578	8.49538	-0.141997	1.66436	4.94875	8.62117	0.844649	0.389595	5.99635	8.56176	1.19904	0.721218	6.99012	8.48034	1.03886	0.13061	7.7905	7.92801	-1.64952	-1.64329	8.55292	8.51008	1.65415	-0.126158	9.49595	7.95596	1.55627	1.94708	0.520364	9.49791	0.117303	0.269733	1.42427	9.13374	2.30271	-1.205	2.37968	9.49911	-0.0698664	0.110154	3.43614	9.29204	1.68144	-1.26023	4.46662	9.4958	0.926335	-0.393368	5.52915	9.49271	1.53792	0.298686	6.6174	9.5	1.59738	2.14625e-05	7.62802	9.21665	0.307716	-1.05739	8.58493	9.49998	1.91849	-0.451489	9.45741	9.21765	1.64676	-0.459692	-33.8505
1.95	0.508519	0.527992	0.745661	0.816712	1.42767	0.854158	0.210365	-1.82433	2.46645	0.525466	-0.656924	-0.158631	3.52053	0.612116	0.281239	-0.916767	4.68813	0.566895	-1.32081	0.0507488	5.64771	0.601134	0.0827528	-0.339521	6.67026	0.511324	1.78964	-1.23969	7.68475	0.539366	-1.96235	-1.87829	8.61293	0.876713	-0.103191	-0.626048	9.48998	0.507917	-0.817688	-0.246483	0.52032	1.479	-0.849543	0.996461	2.25166	1.43316	0.452136	1.34386	3.15818	1.86542	-0.19216	-0.19017	4.11575	1.4319	-0.803825	0.731534	5.0758	1.45442	-1.50576	-0.510525	6.09958	1.46207	0.811231	-0.424993	7.0726	1.44164	0.36417	0.213876	8.0675	1.6445	0.88752	0.973396	8.58097	2.47187	-0.915704	-2.78243	9.4265	1.78349	-0.863109	-0.542194	0.525305	2.46599	-0.569352	2.05101	1.42455	1.98871	0.192024	-0.126686	2.36852	2.48302	0.765017	2.48084	3.3856	2.79746	0.304766	-1.55143	4.36595	2.37166	-0.380362	-0.081961	5.4092	2.61373	-1.28106	-0.414308	6.47509	2.3375	-0.342619	-0.944996	7.46635	2.42873	0.150906	0.708703	8.22597	3.3993	-0.80966	-0.0147291	9.46523	2.84989	-0.0607566	-0.0241691	0.573166	3.43557	0.0102823	-0.625141	1.40679	2.9787	0.354865	0.299377	2.38325	3.46836	-1.17632	-2.30652	3.40981	3.85786	1.21024	-0.6579	4.23402	3.36932	0.129066	1.62387	5.27336	3.61413	1.40514	0.800936	6.22308	3.28886	-0.574945	-1.26579	7.17048	3.47084	0.998453	0.40683	8.64633	4.30168	-2.61873	-2.05513	9.5	3.7842	-7.92678e-05	0.22414	0.528347	4.40024	-2.14742	-0.375531	1.43764	3.90386	-3.234	-0.444532	2.37117	4.44362	-0.238674	0.939114	3.26818	4.84878	-0.748896	-2.10908	4.3039	4.3148	1.39346	-0.597567	5.19271	4.73096	0.180313	0.0874973	6.1936	4.25502	-0.191326	0.0889851	7.63928	4.31229	1.19983	1.00353	8.59276	5.32176	-1.14185	0.797085	9.4905	4.78397	-0.246564	0.476609	0.568638	5.40053	-0.274916	0.695246	1.44662	4.90281	-1.7931	0.00631953	2.34541	5.482	0.59141	2.01312	3.24118	5.82287	1.92782	1.48047	4.21856	5.28893	1.06516	1.26246	5.12849	5.75264	-1.80732	-1.141	6.07015	5.54032	-3.23999	0.755775	6.99383	5.01803	1.06844	-0.69381	7.72528	5.81648	0.944232	-0.585413	9.48261	5.86722	0.118415	-1.1515	0.502588	6.37163	-1.12833	-0.554151	1.44874	6.04961	-0.0363792	-0.918536	2.31909	6.4813	-0.666516	0.40116	3.12919	6.92374	0.362275	0.630506	4.04037	6.37075	-0.00652044	-0.742166	4.8487	6.78665	0.564452	0.5006	5.81935	6.59872	-0.0601886	-0.665958	6.79022	6.28694	-1.12272	-0.154386	7.67049	6.81135	-1.62479	-0.83645	8.55703	6.41534	-1.41846	-1.00218	0.536569	7.58059	-0.312129	-0.847383	1.34484	7.04781	-0.793587	0.678914	2.21866	7.48626	-0.779635	0.214263	3.16779	7.96539	1.81992	1.19917	4.0038	7.44619	-0.357582	1.03586	4.97651	7.7391	-0.951294	0.380615	5.94105	7.54081	-0.254472	2.19375	6.90367	7.43415	1.32904	0.179153	8.6981	7.43631	1.26817	0.310307	9.5	6.8902	-0.000333457	-0.487625	0.554416	8.53716	-0.27444	-0.0366405	1.42686	8.11925	-0.503356	-1.48381	2.3772	8.5334	-0.509313	-2.03046	4.00142	8.49172	2.00598	-1.31516	5.01185	8.71884	1.77668	2.09463	6.03742	8.59009	0.325225	0.299109	6.99155	8.47795	-0.723791	-0.0933507	7.72406	7.83684	0.456063	-1.62564	8.63355	8.49947	0.62282	-0.188811	9.45922	8.06404	0.571605	2.0679	0.503344	9.49738	-0.549454	-0.199488	1.52847	9.10199	1.19805	-0.00270804	2.40384	9.4992	1.33221	-0.179011	3.44933	9.31463	-0.897364	1.82551	4.49592	9.49448	-0.00744332	0.0848233	5.60945	9.49569	1.70743	0.48678	6.68626	9.5	1.1349	2.14144e-05	7.67205	9.19053	1.3319	-0.113672	8.58975	9.49856	-1.79974	0.132714	9.44948	9.15223	0.193231	-2.20032	-46.8116
2	0.502575	0.500071	0.90763	1.41177	1.46891	0.775473	1.22969	-1.25158	2.44723	0.528089	-0.0683392	0.938455	3.52813	0.553574	-0.066692	-1.42813	4.5754	0.520838	-2.58894	-1.4808	5.66039	0.536669	0.00733199	-2.1224	6.69757	0.54094	-1.39622	0.541096	7.63329	0.556684	0.666069	1.77651	8.5976	0.829834	-0.639511	-1.17849	9.48789	0.510193	-0.671712	0.0327276	0.524733	1.54162	0.638414	0.869162	2.26807	1.51927	0.0348574	1.21979	3.17011	1.80406	0.526314	-1.63056	4.03192	1.43912	-1.67822	-0.520446	5.05501	1.48194	0.269035	1.1359	6.09811	1.41697	-0.647105	-1.23641	7.11974	1.46196	0.964985	0.691087	8.05143	1.62239	-1.46116	-2.17312	8.57083	2.40797	0.888678	0.783158	9.3831	1.74139	-0.836175	-1.18025	0.523665	2.50729	0.856329	-0.700179	1.42007	1.96328	-0.504342	-0.868502	2.39529	2.50446	0.534415	-2.11697	3.40574	2.77605	0.456928	0.458877	4.36114	2.38429	0.0810299	0.209138	5.34857	2.57073	-1.00044	-1.09075	6.47174	2.31553	0.293539	-0.328766	7.48301	2.49355	0.512781	1.58729	8.17757	3.35492	-0.904	-2.00291	9.49197	2.80089	0.985841	-1.43266	0.511389	3.44129	2.64364	1.10874	1.46855	2.9287	1.39247	-1.12523	2.33841	3.45136	-0.603748	2.39217	3.39403	3.81799	-1.31652	-1.22234	4.29892	3.35163	2.09785	-1.62869	5.30999	3.68193	0.0322333	1.72031	6.18963	3.22379	-0.541474	-0.778872	7.20798	3.46813	0.0369494	-0.199921	8.58845	4.23746	1.71599	-0.331757	9.5	3.82556	-7.85e-05	0.903463	0.553161	4.41813	-0.195033	1.3082	1.35052	3.94885	0.433698	0.829562	2.32461	4.47752	-1.62644	0.32053	3.27082	4.7811	0.831522	-0.186827	4.35774	4.33658	0.500087	1.15381	5.24661	4.73876	1.92049	0.352592	6.18975	4.29339	0.134374	1.10318	7.68158	4.3624	-0.747277	1.02855	8.56561	5.33234	0.350953	-0.70549	9.49771	4.8309	-0.397192	1.00546	0.527891	5.41683	-1.52303	0.111093	1.38847	4.9311	-0.159307	1.24892	2.34769	5.52889	-0.227996	-0.267978	3.27437	5.86478	-1.35696	-0.423806	4.21448	5.34316	-2.20705	0.0888592	5.02605	5.75802	-1.22768	1.79064	5.96962	5.54326	-0.723419	-0.734016	6.99522	5.03397	-1.0712	1.22681	7.71168	5.76885	-1.75742	-1.06405	9.4997	5.81045	0.539142	-0.806206	0.522045	6.40919	-0.274674	1.8648	1.4299	5.96262	-0.700775	-2.24098	2.2658	6.50668	-0.97027	0.956807	3.18459	6.96811	1.03415	0.726713	4.06459	6.35756	2.06117	0.972972	4.91362	6.81023	1.27365	0.455239	5.82712	6.54489	0.365987	-0.9214	6.74718	6.26827	-0.376509	-0.769723	7.60812	6.77835	-0.558966	-0.590893	8.53683	6.36292	0.498649	-0.792836	0.525807	7.5171	0.812721	-1.2527	1.32712	7.03667	0.503154	-1.38273	2.23128	7.4978	1.26694	-0.263746	3.21986	8.02181	0.357188	1.17776	4.02327	7.45591	1.11524	-0.806051	4.92734	7.79879	-0.750263	1.71973	5.92288	7.65906	-0.647689	1.66634	6.8688	7.41071	-1.7671	-0.56147	8.71485	7.45529	0.0322573	0.105807	9.5	6.8562	-0.000333654	-0.877525	0.50946	8.53852	-1.30561	-0.377347	1.40671	8.03861	-0.665552	-1.19973	2.34349	8.44583	-0.848137	-0.732935	4.13394	8.45519	2.9746	0.0962993	5.10372	8.7451	1.1441	-0.453037	6.03122	8.59564	0.101921	0.103023	6.98537	8.46225	0.637767	-0.763438	7.84862	7.81028	2.65799	0.261551	8.57459	8.50202	-2.59026	0.280823	9.45469	8.11917	-0.924028	-0.406455	0.52287	9.49727	0.478504	0.138645	1.53389	9.11266	-0.634928	0.309013	2.48802	9.49921	1.08261	-0.170205	3.41636	9.40632	0.317498	1.60696	4.45129	9.49587	-1.43332	-0.465371	5.70755	9.49669	2.1188	0.576857	6.73348	9.5	0.753949	2.15141e-05	7.67457	9.16035	-1.50174	-1.26549	8.5518	9.49868	1.18363	-0.192299	9.48449	9.05529	-1.63969	-0.822923	-52.6884
2.05	0.521292	0.54522	-0.127452	0.137635	1.51657	0.730999	0.490474	-0.568795	2.48051	0.542484	1.47189	-0.494382	3.49564	0.527686	-1.38709	1.56392	4.47732	0.547075	-0.784309	0.664836	5.61476	0.561152	-2.31336	0.74385	6.6065	0.540233	-1.37206	-0.622254	7.66201	0.616116	-0.708761	0.384536	8.58986	0.7582	0.883981	-1.69131	9.48714	0.506137	-0.37232	0.329137	0.511297	1.50962	-1.32873	-1.83928	2.2436	1.48943	-0.922464	-2.40784	3.16705	1.76313	-0.316095	-0.138979	4.04517	1.37329	1.65525	-1.47406	5.06563	1.53724	0.0332427	0.918881	6.06439	1.3789	-0.420778	0.449799	7.07144	1.49897	-2.40309	0.564514	8.04483	1.55282	1.11056	-0.103922	8.59837	2.43153	-0.211299	-0.721271	9.34302	1.66442	-0.791376	-1.85052	0.543338	2.48771	-0.0670162	0.326221	1.38998	1.91333	-0.536773	-0.880577	2.43167	2.43967	0.834194	0.201309	3.42154	2.79627	0.232273	-0.100005	4.3519	2.33287	-0.59845	-2.17137	5.33095	2.52401	0.394961	-0.602701	6.49801	2.28103	0.495973	-0.616887	7.51719	2.54187	0.635561	-0.0319863	8.16103	3.27353	0.138145	-0.308147	9.49043	2.74604	1.00237	-0.556719	0.594118	3.48946	0.74762	0.558211	1.52345	2.91085	0.821109	0.242843	2.33085	3.5624	0.493233	0.971943	3.3259	3.7535	-1.19689	-0.755956	4.40434	3.31404	1.88363	0.167783	5.29275	3.76765	-0.463028	1.61669	6.16234	3.22812	-0.62635	0.669907	7.15565	3.48133	-1.85101	0.805775	8.67966	4.24872	0.287633	0.784934	9.5	3.82691	-7.96897e-05	-1.23699	0.531601	4.493	1.96498	1.00967	1.45452	3.96659	2.41659	0.286386	2.25448	4.50597	-0.497577	1.17123	3.30858	4.79624	-0.0921127	-0.00497518	4.35925	4.37568	-0.195019	0.264972	5.33731	4.77642	0.977498	1.00252	6.22132	4.34159	1.22999	0.587283	7.62883	4.40701	-0.843003	0.791753	8.587	5.27139	0.0355246	-1.35195	9.49827	4.84563	0.670255	-0.453907	0.543433	5.4536	0.288545	1.59634	1.41729	4.97939	0.858169	-0.41806	2.31593	5.4762	-1.06854	-1.3839	3.20764	5.85167	-0.877759	0.380758	4.06328	5.33133	-2.3412	0.362702	4.99599	5.87507	-0.342884	2.03914	5.97649	5.48224	0.769004	-1.1194	6.886	5.11036	-3.08953	1.35411	7.62021	5.72384	-0.955664	-0.654408	9.48577	5.81939	0.0117002	1.01382	0.515844	6.50429	0.56525	1.36756	1.38762	5.90133	-0.613132	0.956675	2.24124	6.52219	0.423747	-1.17447	3.19992	6.97501	-0.293623	-0.457781	4.13634	6.39916	0.178293	0.207757	4.97406	6.87611	1.26157	2.24713	5.85514	6.52081	0.836421	-0.149901	6.76463	6.20456	0.868015	-1.61596	7.61695	6.76317	0.779534	0.0419396	8.57508	6.33496	0.735807	-0.459601	0.509328	7.47294	1.37181	-0.514671	1.39965	6.93327	1.49254	-1.84684	2.31831	7.47473	1.92971	0.126697	3.24303	8.08172	0.654803	1.1732	4.08234	7.39707	0.904401	-1.12204	4.9331	7.83641	0.881746	-0.203564	5.86065	7.66075	-1.53838	-1.29351	6.79444	7.37949	-1.01414	-0.905513	8.74925	7.40501	0.445062	-1.81599	9.5	6.8088	-0.000332991	-0.957021	0.543562	8.49717	0.465934	-0.9138	1.37732	8.00209	-0.0691559	-0.666204	2.29433	8.48083	-1.00227	1.60853	4.21631	8.4911	-0.409164	1.11142	5.12608	8.77689	0.611118	1.96755	6.10443	8.61157	2.31235	0.133881	7.02371	8.37523	0.793748	-2.69889	7.8427	7.81969	-2.47407	-0.59036	8.45936	8.54202	-1.23436	1.19974	9.46928	8.04221	1.31737	-1.74599	0.540603	9.49663	0.115253	0.0835759	1.48927	9.12738	-1.0378	0.249396	2.4699	9.49843	-1.18635	0.0762796	3.48126	9.47217	0.898741	1.08514	4.40527	9.49865	0.393202	0.634499	5.78602	9.49807	0.6827	-0.757512	6.75638	9.5	0.259615	2.13417e-05	7.64248	9.11292	0.729243	-0.313051	8.61618	9.49882	0.443821	0.193909	9.44257	9.07024	0.480795	0.473536	-40.8313
2.1	0.503197	0.521778	0.710018	1.71584	1.51315	0.699224	-0.702107	-0.955623	2.53655	0.525664	-0.237956	0.796987	3.44617	0.591765	0.68261	1.13746	4.51637	0.525016	1.33291	2.25592	5.4549	0.546091	-3.02945	-0.776594	6.55875	0.513588	-0.945011	1.20234	7.576	0.609251	-2.12784	-0.46189	8.58682	0.681475	-1.81296	-1.2776	9.4999	0.505463	1.5502	0.468542	0.531153	1.44492	-0.203602	-0.457489	2.20902	1.38162	-0.267133	-0.852689	3.17427	1.75206	0.364736	-0.430893	4.08639	1.36354	-0.186005	-0.178725	5.06322	1.55811	-0.0751957	-0.124909	6.03414	1.43589	-1.09121	1.0783	7.01186	1.47884	0.310517	-1.21271	8.09121	1.56912	0.220742	-0.264036	8.56916	2.35687	-0.537205	-1.14699	9.30274	1.56525	-0.821107	-2.02322	0.522484	2.50895	-0.702218	0.262057	1.37522	1.89417	0.245432	0.302662	2.45833	2.4796	0.17961	0.93601	3.44059	2.75775	0.549808	-1.03916	4.31696	2.25179	-0.436917	0.00412485	5.37462	2.52136	1.13832	0.448601	6.49129	2.32513	-0.619269	2.30109	7.53006	2.49998	-0.0375212	-1.22378	8.17914	3.33511	0.472695	2.05747	9.48014	2.73242	0.299631	-0.281741	0.606476	3.50613	-0.196134	0.141884	1.5464	2.93177	0.0168685	0.436064	2.39099	3.52361	1.24028	-2.09318	3.30565	3.76468	0.855039	0.855799	4.46306	3.31409	0.378459	-0.458149	5.29012	3.84322	0.422959	1.31056	6.11735	3.26514	-1.2654	0.726707	7.06699	3.53348	-1.34925	1.1494	8.61497	4.27539	-2.04519	-0.291774	9.5	3.72265	-7.93424e-05	-2.25688	0.587662	4.50831	-0.0642328	-0.223649	1.49765	3.96397	-0.259313	-0.408282	2.33166	4.52791	2.66933	-1.15511	3.23396	4.75061	-1.61382	-0.926577	4.34444	4.37439	-0.48449	-0.153654	5.30878	4.81252	-1.81016	0.592858	6.28782	4.32782	1.02912	-1.23218	7.59445	4.4517	-0.611534	0.995557	8.55941	5.23706	-0.926253	0.258273	9.49515	4.80907	-0.489001	-0.935114	0.512248	5.54152	1.7534	1.3738	1.423	4.95449	-0.359423	0.282382	2.26971	5.47006	-0.649754	1.15192	3.1695	5.9039	-0.57371	1.28441	4.04655	5.39814	0.929345	1.45723	5.00014	5.9329	0.501979	0.356072	5.96137	5.51558	-1.99885	2.51012	6.82011	5.13166	1.35009	-0.480896	7.65939	5.68349	2.23717	-1.04935	9.49688	5.83646	-0.559857	-0.885276	0.501616	6.51085	1.09693	-0.659239	1.39277	5.99348	0.507223	1.15349	2.33247	6.40971	2.44035	-2.08249	3.18957	6.92909	0.157903	-1.17807	4.09936	6.38373	-1.28284	-0.485273	5.02927	6.94863	0.759867	0.320496	5.90882	6.52193	1.14436	0.257511	6.79882	6.14426	0.564739	-0.569963	7.6698	6.76902	1.15302	-0.240886	8.58962	6.30467	-0.192287	-0.85514	0.545784	7.4837	0.0750314	0.724392	1.4442	6.92662	0.772333	1.87422	2.39432	7.51593	0.952031	1.1955	3.26875	8.13339	0.0379556	0.768847	4.0933	7.3764	-0.40752	0.368474	4.93007	7.91167	-1.02378	3.26596	5.84272	7.56713	0.580697	-2.05563	6.76603	7.30004	-0.0421188	-2.36268	8.69438	7.32886	-2.5007	-1.10045	9.5	6.78961	-0.000334013	0.575017	0.527945	8.47405	-0.85466	0.0273545	1.42389	7.96002	1.71709	-0.803439	2.25883	8.55024	-0.31166	0.722231	4.14218	8.54182	-1.77428	1.03658	5.15852	8.84402	0.315859	-0.373863	6.18404	8.59157	0.219916	-0.64049	7.04518	8.27683	-0.193919	-0.481269	7.77001	7.72	0.757584	-3.35979	8.45763	8.53498	1.02311	-1.90351	9.45275	7.97379	-1.21908	-1.00173	0.520123	9.49855	-1.05295	-0.337921	1.43705	9.13508	-1.00817	0.0325956	2.41079	9.49904	-1.04664	-0.116133	3.45543	9.47831	-1.18528	-1.03261	4.49122	9.49414	1.85918	-0.128978	5.79706	9.49583	0.484332	0.338448	6.7799	9.5	0.656614	2.1477e-05	7.68304	9.12668	0.312962	0.665035	8.59447	9.49932	-0.665009	0.319812	9.47019	9.06696	-1.97837	-0.444722	-54.0912
2.15	0.507054	0.513073	-0.752639	1.8753	1.47045	0.640734	-0.551062	-1.1256	2.49561	0.53155	-0.78753	1.10305	3.51679	0.613976	0.64916	-0.818384	4.48731	0.545637	-1.61194	-1.4615	5.46119	0.500866	2.62841	1.08118	6.48472	0.555905	-2.02657	0.460487	7.48292	0.561814	-1.57665	-1.66053	8.46113	0.609005	-2.28263	-1.9338	9.49802	0.503981	0.820327	-0.557797	0.514997	1.50648	1.04263	1.98815	2.20662	1.44239	0.314316	2.27235	3.17178	1.72706	-0.745753	-0.384701	4.05066	1.38339	-0.436614	2.07602	5.03523	1.54021	-1.20165	-0.463505	5.99694	1.47908	-0.00244486	0.8038	7.04691	1.44145	0.530155	0.0825785	8.04989	1.49235	-1.33766	-1.85042	8.57365	2.37146	0.132184	0.978155	9.25734	1.47692	-1.06723	-1.32217	0.518147	2.50586	0.727298	-0.26417	1.3977	1.94155	0.269668	1.50452	2.45606	2.48476	-0.230115	-1.37238	3.45865	2.7306	-0.115865	0.110073	4.33489	2.3224	1.26748	1.72022	5.42155	2.54711	0.479887	0.28994	6.47011	2.43584	-0.00778229	1.60847	7.52101	2.44398	-0.263236	-0.961062	8.18408	3.40214	-0.634882	-0.264868	9.48652	2.67688	-0.367745	-1.98565	0.573408	3.49936	-1.08757	-0.404507	1.51923	2.94334	-1.04979	0.012432	2.43315	3.41779	0.776329	-1.29896	3.40638	3.79201	2.6578	0.0790456	4.4585	3.28095	-0.336323	-0.416429	5.30628	3.88816	-0.260582	0.756612	6.04956	3.30367	-1.04996	0.784086	7.03595	3.58266	0.173579	0.573978	8.53991	4.2532	-0.390893	0.37154	9.49925	3.65655	-0.060405	-0.278057	0.525795	4.49286	-1.99136	-0.164139	1.48466	3.94589	-0.293585	-0.181707	2.35015	4.41264	-0.997589	-2.70891	3.29018	4.79025	2.8217	2.19963	4.30421	4.3634	-1.08868	-0.339542	5.19757	4.8718	-2.41521	1.83279	6.31565	4.25569	0.119877	-0.990298	7.57876	4.48715	0.288577	0.0591608	8.56792	5.24858	2.13059	-0.622935	9.49027	4.74643	0.183062	-1.63546	0.5571	5.53459	0.0167977	-1.48412	1.41899	4.98989	-0.184404	0.510162	2.25685	5.451	0.626055	-1.6177	3.20523	5.89875	1.55667	-1.68733	4.10954	5.41353	1.57609	-0.867381	5.00713	5.93619	-0.856549	0.152219	5.88993	5.61511	-0.0184171	0.537497	6.8874	5.11947	0.329876	0.361777	7.7422	5.65633	-0.00897754	0.251398	9.48633	5.76277	0.155294	-1.53746	0.527833	6.5173	0.0678831	0.934318	1.43489	6.02001	1.08722	0.551381	2.37297	6.44464	-0.976474	2.74303	3.21948	6.90669	0.847378	0.628657	4.05287	6.39557	-0.0745835	1.02993	5.02453	6.95559	-0.992586	0.0484247	5.95682	6.56445	0.778759	1.36951	6.85015	6.13121	1.34321	-0.188012	7.70794	6.66494	0.22248	-3.41458	8.57869	6.2515	0.238632	-1.17682	0.526253	7.51043	-0.698134	0.310401	1.49653	7.04025	1.17433	1.22909	2.42674	7.56341	0.498296	0.307592	3.22192	8.14688	-1.56672	-0.103589	4.06203	7.42372	-0.814604	1.36147	4.86101	7.96353	-1.75707	-2.0545	5.856	7.51433	0.0111151	0.393093	6.80375	7.16212	1.38426	-2.76309	8.61457	7.26052	0.605439	-2.06716	9.5	6.84492	-0.000332802	1.18776	0.519781	8.49727	0.950187	0.785977	1.50008	7.96349	0.763391	1.60936	2.2679	8.54248	0.732293	-0.600117	4.07884	8.61705	-0.803467	1.81261	5.20043	8.82139	1.34622	0.561411	6.12103	8.55482	-1.66893	-1.21236	7.07619	8.2727	0.940712	0.254867	7.78457	7.64647	-1.63689	0.844285	8.52276	8.39999	1.20957	-2.90245	9.41104	7.93252	-0.394555	-0.794461	0.528153	9.49873	-0.0287293	0.399336	1.39953	9.12422	-0.075682	-0.652177	2.36809	9.49898	-0.707884	-0.0782659	3.40163	9.42216	-0.912755	-1.16429	4.53179	9.49439	-0.089101	-0.257288	5.83933	9.4991	0.92112	-0.856203	6.80556	9.5	0.269024	2.14867e-05	7.68537	9.13622	0.000899983	-0.613514	8.56561	9.49936	-0.31465	-0.289841	9.41851	9.02236	-0.0793014	-1.3306	-62.1197
2.2	0.501674	0.570526	-0.949502	0.460951	1.47942	0.596108	0.855376	-0.67694	2.47413	0.540906	-0.137361	-0.439042	3.4752	0.542901	-1.76075	-1.55839	4.46871	0.554666	0.766761	1.87134	5.52652	0.550202	-1.48423	0.855131	6.44033	0.565904	1.36757	0.0220224	7.39885	0.544967	-1.57308	2.00639	8.40246	0.52007	-0.241208	2.86164	9.47488	0.501356	-0.199674	-0.674276	0.529288	1.56249	-0.459539	-0.0647569	2.2119	1.51174	-0.933721	-1.05181	3.12461	1.71746	-0.208177	-0.183612	4.04735	1.48661	-0.498348	1.20499	4.99276	1.51118	0.217902	-0.748714	6.01686	1.53016	0.465537	1.26149	7.03083	1.47561	-1.22477	1.09801	8.00942	1.43169	-0.0104656	-0.689727	8.53325	2.40354	-1.60102	0.17225	9.18904	1.44894	-1.70568	0.285612	0.532126	2.51626	-0.339769	0.857143	1.40276	2.01965	0.0240148	1.06607	2.43046	2.39291	-0.75048	-0.347876	3.43187	2.75456	-0.704978	0.569231	4.42658	2.36655	2.0509	0.355103	5.41519	2.53506	-0.464725	-0.691657	6.49699	2.47092	0.941898	-0.0801893	7.50998	2.40614	-0.137487	-0.525289	8.12156	3.32814	-1.57076	-1.83028	9.48524	2.56844	-0.417815	-2.16528	0.50393	3.48008	-1.68806	-0.133383	1.46581	2.95843	-0.816009	1.02133	2.48355	3.38142	1.24474	-0.892906	3.51929	3.77816	1.18422	-0.754889	4.44309	3.32711	-0.264649	2.12296	5.24511	3.94968	-1.77534	1.64487	6.02907	3.33089	-0.0494784	0.369148	7.08014	3.5751	1.28256	-0.77937	8.57609	4.27381	1.30134	-0.757644	9.49255	3.65776	-0.199092	-0.152554	0.567485	4.48419	1.23466	-0.523741	1.43788	3.93937	-1.5049	-0.0730009	2.34275	4.33365	0.734341	-0.182215	3.39314	4.88071	0.77792	0.426216	4.26595	4.34475	0.117538	-0.109357	5.08197	4.97192	-1.78816	1.77426	6.30502	4.27252	-0.40942	1.51526	7.60868	4.46467	0.488267	-0.55562	8.69207	5.20746	1.70186	-0.46333	9.49521	4.64968	0.342907	-2.01905	0.52344	5.468	-1.30081	-0.629278	1.40037	4.98295	0.0725679	-0.426244	2.34349	5.37776	2.2947	-1.25091	3.25706	5.81036	0.636186	-0.830038	4.21221	5.36047	2.19636	-0.764892	4.9471	5.96015	-0.467634	0.803052	5.9447	5.58427	1.44093	-1.21778	6.84086	5.14453	-1.64253	-0.0485703	7.73183	5.61632	0.394801	-2.54298	9.49292	5.70765	0.385578	-0.553893	0.522676	6.54947	-0.194479	0.0400444	1.47414	6.04464	0.325312	0.0640996	2.32232	6.56281	-0.146933	1.19932	3.22938	6.95375	-0.802698	0.482023	4.09828	6.44983	1.18297	0.901118	4.96031	6.93948	-1.11118	-0.702332	5.97913	6.60907	-0.0498522	0.309909	6.86871	6.10526	-0.952618	-0.864073	7.72189	6.57716	0.910679	0.357567	8.6382	6.1869	1.72214	-1.25229	0.512299	7.53249	0.777588	0.679587	1.52529	7.05506	-0.710107	0.482881	2.42464	7.52741	-0.770095	-1.13187	3.18995	8.14699	0.75709	0.0303169	3.98066	7.48994	-2.09742	1.51287	4.83727	7.89091	1.0073	-0.0385805	5.85092	7.59175	-0.397696	1.43252	6.87645	7.07523	1.2186	-0.295329	8.62182	7.18428	-1.28855	-0.539924	9.5	6.86752	-0.00033442	-0.56954	0.559045	8.52852	0.450201	0.279441	1.46813	8.08484	-1.70727	2.24752	2.33219	8.54223	1.41453	0.526216	4.04772	8.66498	-0.442505	-0.39371	5.18378	8.80797	-1.68809	-1.08054	6.10615	8.46781	0.786018	-1.16156	7.05246	8.34295	-1.66677	2.17693	7.72954	7.64906	-0.201622	-0.996033	8.5454	8.28156	-0.392286	-1.7064	9.43941	7.88364	1.61877	-1.1415	0.519485	9.49862	1.06963	-0.379111	1.43063	9.0748	0.92592	-0.955933	2.33795	9.49917	-0.465131	-0.13352	3.35622	9.37326	-1.02522	-0.66522	4.50831	9.49467	-0.640951	-0.237976	5.87843	9.49762	0.198905	-0.574408	6.82547	9.5	0.881818	2.19874e-05	7.69759	9.06484	0.746322	-1.91989	8.57924	9.49809	0.820821	-0.103722	9.44589	8.94417	0.983977	-1.68534	-41.1088
2.25	0.512414	0.55338	-0.373468	-1.20362	1.51685	0.568429	0.209385	-0.555303	2.47471	0.513189	0.171726	1.1889	3.41875	0.533272	0.0804931	1.5806	4.49622	0.623393	-0.599774	0.716074	5.42543	0.581703	-0.97334	0.110049	6.45781	0.558891	-1.39949	-0.28656	7.41927	0.613132	2.34391	0.833165	8.43524	0.600931	1.60544	0.112322	9.47929	0.510437	0.358872	-0.124882	0.51379	1.53568	0.904032	-0.589626	2.12512	1.3711	-2.00069	-2.80716	3.10882	1.70943	-1.37891	-0.026867	4.02543	1.49903	0.298076	-0.409564	5.04503	1.4782	1.16055	-0.127171	6.01371	1.59083	-0.793143	1.00724	6.9661	1.54449	-0.748744	1.25582	8.01273	1.46171	-0.26022	2.07233	8.4646	2.37626	-0.447081	-1.21157	9.0909	1.48997	-2.11239	1.10937	0.514066	2.54441	1.03804	-0.122882	1.39441	2.03323	-0.344573	-0.221692	2.37717	2.4267	-1.50274	0.0595321	3.40446	2.76018	-0.292975	-0.627396	4.48755	2.39449	-0.0811433	0.652016	5.43335	2.49689	1.64208	-0.694999	6.53642	2.45878	0.310094	0.0164514	7.50399	2.39177	-0.214137	-0.0356563	8.04785	3.26638	-1.00672	-0.527246	9.49875	2.46556	-0.747469	-1.92086	0.548977	3.49832	0.0063911	0.542184	1.45242	3.0229	0.357571	0.773424	2.5503	3.35143	1.29205	0.411314	3.49649	3.73613	-1.60757	-0.318147	4.43692	3.40707	0.0320679	0.478005	5.19603	4.0335	0.475471	1.30443	6.02434	3.35262	-0.158132	0.516891	7.12367	3.52177	0.00232466	-1.16438	8.61582	4.15672	0.0314618	-3.45378	9.48388	3.59793	-0.0633488	-2.34596	0.561967	4.4543	-1.47558	0.068981	1.40016	3.96667	0.684613	1.51639	2.39477	4.35438	1.15416	0.401912	3.37562	4.80791	-1.23508	-2.52496	4.30294	4.37686	0.455668	1.39154	5.12367	4.99839	2.84689	-0.261806	6.26514	4.34583	-1.63795	0.578517	7.62188	4.44547	0.161708	-0.350809	8.68747	5.1696	-1.4579	-1.47114	9.49463	4.58615	0.152181	-0.329199	0.545594	5.47535	1.11642	0.686085	1.45281	4.97839	1.77113	0.177073	2.4425	5.32929	1.54452	-0.461342	3.29161	5.85878	0.766847	2.05442	4.20139	5.37826	-2.05257	1.44455	5.01265	5.9965	2.54009	0.165647	5.95712	5.53396	-1.11062	-0.586507	6.81177	5.08887	1.24273	-1.44338	7.76744	5.46828	0.570635	-2.72077	9.49829	5.70176	1.03106	-0.0699361	0.509455	6.5261	-0.36092	-0.772413	1.46942	6.02006	-0.43502	-0.840425	2.33594	6.51534	-0.23737	-2.64172	3.18121	6.93105	-0.246745	-0.707592	4.09076	6.47859	-1.28981	0.236619	4.95343	6.94458	0.760741	1.12557	5.95116	6.60326	-0.930245	-0.665792	6.81793	6.08073	-0.533316	-0.000343448	7.7864	6.60086	0.933916	-0.176285	8.68414	6.16965	-0.334818	0.694496	0.542028	7.55988	0.152438	0.158993	1.42471	7.10381	-2.48243	0.857897	2.36221	7.53866	-1.58219	1.27927	3.23013	8.14123	-0.578769	0.0534321	3.95036	7.57404	1.29158	0.769656	4.88551	7.88936	0.333151	-0.728383	5.80731	7.56344	-0.762851	-1.43027	6.89198	7.11344	-0.811199	1.23165	8.54983	7.18484	-0.365516	0.304672	9.5	6.79782	-0.000333492	-1.90856	0.52995	8.53716	-1.77305	0.269548	1.40604	8.11321	-0.31175	-1.1322	2.37074	8.55008	0.088375	-0.415422	4.05681	8.59686	1.16592	-1.60606	5.11929	8.77869	-0.56384	0.724932	6.091	8.53334	-1.95625	2.63612	7.02382	8.40721	0.761916	0.170275	7.70642	7.62071	-1.02516	0.451706	8.51594	8.22567	-0.50219	-0.538424	9.45944	7.82903	-2.00907	-1.07938	0.549777	9.49737	0.181825	0.0918625	1.4676	9.07932	0.267471	1.12876	2.32619	9.49916	0.0822543	0.0101398	3.30706	9.35157	-0.676188	-0.37579	4.4677	9.49472	-1.09258	-0.357616	5.85008	9.49808	-1.02904	0.622056	6.89048	9.5	1.45702	2.19117e-05	7.78636	8.98013	2.75142	-1.30651	8.63964	9.4979	1.58783	0.0972788	9.49647	8.8625	-1.2358	-1.50564	-55.4106
2.3	0.511805	0.532029	-0.10367	1.51641	1.47716	0.510939	-1.21503	-1.80815	2.51464	0.525139	1.08271	0.8573	3.48013	0.617497	1.57138	1.73452	4.41859	0.606817	-1.1379	-1.48804	5.44384	0.545596	0.462951	-1.23381	6.39248	0.54512	-0.43484	-0.218209	7.52864	0.636705	1.63027	0.112322	8.53268	0.578819	1.83525	-0.682464	9.48974	0.500496	-0.371878	0.265479	0.53667	1.49977	-0.0422273	-0.863193	2.02019	1.34637	-1.69466	0.899004	3.01344	1.70035	-1.9239	-0.539851	4.03826	1.49611	-0.320323	0.685525	5.04161	1.50993	-1.48089	0.963654	5.98437	1.61599	0.292064	-0.254628	6.96683	1.55943	0.440646	-0.642149	7.9803	1.54735	-1.07106	0.52444	8.50293	2.3437	1.49738	0.773621	8.99759	1.5207	-1.3237	-0.420862	0.533482	2.51747	-0.314898	-0.650446	1.38021	2.02004	-0.536228	0.0288276	2.29203	2.39309	-1.55307	-0.811869	3.40443	2.69296	0.19187	-1.73077	4.45145	2.4191	-0.88354	0.221597	5.53068	2.47514	1.39021	0.034918	6.51496	2.49696	-0.815011	1.31747	7.49158	2.415	-0.194416	1.06249	8.04162	3.24865	0.147518	-0.686921	9.48696	2.38752	0.548086	-1.08607	0.512977	3.51168	-1.05393	0.151754	1.49334	3.0345	1.0139	0.130937	2.57151	3.38818	-0.94179	0.0801093	3.43901	3.75709	0.0791379	0.64921	4.43873	3.40253	-0.00306804	-0.0831687	5.26882	4.02919	1.1814	-1.61478	6.01539	3.37199	-0.162016	0.0506274	7.05861	3.47203	-2.21117	-0.841228	8.60436	3.98608	0.141971	-2.63309	9.49213	3.45259	0.385722	-3.1654	0.540585	4.51184	2.10381	1.7765	1.47579	4.05463	1.6589	1.12428	2.43606	4.34719	0.0756692	-0.48637	3.31005	4.69881	-0.773251	-1.06158	4.29643	4.45968	-0.255548	1.53489	5.21116	4.98194	-0.061892	-0.661921	6.15069	4.34358	-1.89971	0.33521	7.63973	4.39471	0.696694	-1.93114	8.64107	5.06547	-0.115722	-2.51829	9.49744	4.5837	0.52654	-0.164723	0.581219	5.50769	0.152794	0.30411	1.54655	5.00079	1.81841	0.921208	2.50205	5.35137	0.843855	1.10295	3.28404	5.94823	-1.48144	1.22178	4.12206	5.46103	-0.780589	1.50509	5.11528	5.98739	0.718685	-0.39893	5.96461	5.53465	2.58565	0.542275	6.89765	5.04539	0.713496	-0.763168	7.75334	5.40189	-0.658661	0.485353	9.48979	5.67541	-0.308324	-0.985933	0.509603	6.4923	0.122027	-0.377812	1.43109	5.98082	-1.04271	-0.494659	2.31068	6.37031	-0.206945	-2.61694	3.18141	6.93657	-0.370434	1.10622	4.07129	6.49878	1.11322	0.751352	4.98649	6.95413	0.271148	-0.922921	5.90989	6.53691	-0.348862	-1.54341	6.82299	6.08967	0.670692	0.247354	7.75632	6.56614	-2.1377	-0.644113	8.6364	6.19633	-0.988422	-0.214544	0.512733	7.55357	1.87676	-0.276332	1.34605	7.08083	-0.43679	-1.9359	2.2831	7.57057	-1.35138	-0.542696	3.18111	8.13258	-0.288051	-0.665017	4.0279	7.53204	0.737337	-2.14195	4.8967	7.9088	0.877413	1.8046	5.82089	7.53161	1.27896	0.226855	6.79754	7.16307	-2.60793	0.752031	8.59313	7.21347	1.12442	0.539051	9.5	6.70493	-0.00033352	-1.62323	0.56273	8.54197	1.3155	-0.191593	1.42256	8.06315	0.685661	-0.451083	2.31582	8.54137	-2.26231	0.414628	4.13795	8.53631	1.34335	-0.870127	5.09203	8.84819	-0.940344	1.53016	6.02131	8.59814	-0.013796	-0.908996	7.04332	8.39656	-0.410034	0.0551498	7.6587	7.67519	-0.401115	0.902809	8.50851	8.2188	0.485026	-0.116183	9.38723	7.7646	-0.497759	-1.42898	0.534024	9.4978	-0.959286	-0.216628	1.44335	9.12867	-0.948089	0.632239	2.34912	9.49956	0.650034	0.236344	3.3112	9.32278	0.923592	-0.836743	4.38686	9.49979	-2.2368	-0.851616	5.79551	9.49618	-0.972781	-0.399273	6.96016	9.49996	1.31315	-0.00675743	7.92045	8.9425	1.79387	0.0717674	8.73723	9.49826	2.23942	0.0247624	9.44307	8.79397	-0.765539	-1.33677	-50.2201
2.35	0.505447	0.529938	-0.772307	-1.65886	1.45676	0.562953	0.512479	0.807492	2.54943	0.528186	-0.0107342	-0.5944	3.48773	0.7015	-0.607344	1.51551	4.46289	0.500535	1.87429	-2.43264	5.42039	0.518724	-0.666975	1.31973	6.44103	0.538707	1.90675	-0.0693439	7.57316	0.615562	0.0745656	-1.02959	8.55538	0.535261	-1.16506	-1.19791	9.49364	0.508704	0.791932	0.0482018	0.509789	1.49495	-1.09447	0.616518	1.99014	1.364	0.219799	0.0705509	2.94206	1.64695	-0.79442	-1.53561	3.98029	1.5476	-1.9318	1.08276	4.96286	1.54975	-1.06039	0.519344	6.01314	1.56149	0.248325	-1.58269	6.9831	1.50728	0.0722503	-1.23428	7.94663	1.54378	0.214548	-0.11735	8.553	2.42699	0.250983	1.59888	8.96686	1.44961	-0.0712321	-1.80796	0.516724	2.50627	0.638981	0.608267	1.30993	2.05846	-1.33977	0.956727	2.25381	2.36889	0.0232468	-0.290053	3.4102	2.6105	-0.079674	-1.49575	4.42241	2.42279	-0.165157	0.182139	5.51678	2.4925	-1.78827	0.300976	6.51027	2.54192	0.521178	-0.0603602	7.47095	2.45849	-0.868869	-0.162797	8.01068	3.20614	-0.959847	0.401985	9.49608	2.33728	1.13835	-1.40949	0.54055	3.52775	1.05404	0.515283	1.52627	3.05667	0.0684755	0.642415	2.4906	3.33864	-1.607	-1.5203	3.48715	3.74146	1.13665	-1.01954	4.43035	3.41605	-0.608494	0.288731	5.22602	3.91168	-2.01318	-2.07509	6.00871	3.36401	-0.36426	0.026	6.96048	3.44224	-1.10924	-0.151922	8.67295	3.93082	2.18348	-0.218385	9.48715	3.30638	-0.285603	-2.38096	0.636003	4.57155	1.76001	0.0697276	1.51773	4.04509	-0.382508	-1.16003	2.41278	4.3399	-0.0730842	0.33891	3.32043	4.74773	0.836784	2.37272	4.29407	4.50926	0.0829169	0.343723	5.18309	4.95211	-0.430011	-0.605157	6.13027	4.41198	-0.0547986	1.56626	7.68427	4.27777	0.905926	-2.42576	8.62174	4.94789	-1.09258	-1.88131	9.49447	4.54668	-0.0415542	-1.36123	0.538712	5.507	-1.86333	0.137606	1.62143	5.05343	0.8428	0.635151	2.51954	5.36533	0.0363537	-1.04781	3.22423	6.00943	0.128087	1.4706	4.11556	5.51781	0.255359	0.703889	5.07858	5.93048	-1.50188	-1.59175	6.1108	5.5238	1.67508	-0.998495	6.87433	4.98245	0.112499	-1.61992	7.75902	5.49306	0.490896	2.50335	9.49842	5.60667	0.47999	-1.67393	0.508113	6.49749	0.09568	0.528903	1.38585	5.99482	-0.699575	0.755724	2.31199	6.30652	-0.263488	0.521735	3.1354	7.02294	-1.25915	1.94216	4.14378	6.5063	1.0331	-1.15746	4.99971	6.93688	0.758388	0.527476	5.9324	6.50587	0.818195	0.202629	6.86881	6.0972	0.515835	-0.263166	7.64128	6.57	-1.16069	1.27449	8.58768	6.14774	-1.05705	-1.5194	0.541623	7.53548	-0.380991	-0.634855	1.38882	6.94816	1.84832	-2.52643	2.25417	7.4886	0.132349	-2.2879	3.1854	8.09015	0.111744	-0.878318	4.04582	7.44032	0.400471	-0.534654	4.98304	7.961	2.08552	-0.0305407	5.87132	7.56525	-0.232135	0.805827	6.70502	7.18444	-0.00431997	-0.180885	8.59052	7.1915	-1.03108	-1.37735	9.5	6.64155	-0.000333719	-0.962548	0.585633	8.52385	-0.489736	-0.389051	1.432	8.04402	-0.622405	-0.808467	2.22139	8.55792	-0.769605	-0.0501345	4.13453	8.49745	-1.3396	-0.887197	5.04433	8.92266	-0.89269	1.41666	6.0477	8.49311	0.182443	-2.05641	6.99557	8.43501	-0.715889	1.12513	7.66903	7.67302	0.44781	-0.676068	8.56351	8.20166	1.25447	-0.25477	9.45212	7.7056	2.81188	-1.1003	0.531067	9.49969	0.545923	0.523814	1.40695	9.15237	-0.113432	0.355612	2.38095	9.49953	0.680263	0.211154	3.36934	9.26384	0.433388	-1.66353	4.2583	9.49612	-2.10756	0.549761	5.79148	9.49447	1.1402	0.127965	7.01998	9.4998	1.02649	0.00284738	7.94084	8.99625	-0.484377	1.6335	8.84658	9.49942	1.97677	-0.269591	9.43699	8.71724	0.663281	-1.70147	-49.2231
2.4	0.503847	0.556149	-0.740749	0.912429	1.4981	0.555883	0.838873	-1.08172	2.50891	0.521919	-1.2375	0.815361	3.47519	0.736072	0.0270401	-0.46754	4.48498	0.618773	-0.859752	2.30236	5.46823	0.586367	2.39592	1.27145	6.54064	0.529292	1.70126	-0.438123	7.52334	0.546083	-1.98946	-1.59789	8.4767	0.535484	-1.37897	1.05067	9.4941	0.502013	0.678092	-0.428612	0.527998	1.51784	0.0405752	0.554893	2.00069	1.38301	-0.029052	0.42935	2.93475	1.5673	0.207925	-1.39541	3.88796	1.61505	-1.10586	1.73379	4.93868	1.55588	-0.119205	-0.231404	5.98538	1.48294	-1.19605	-1.42098	6.9837	1.44766	0.11477	-1.00943	7.99702	1.54233	1.4075	-0.123199	8.53531	2.4751	-0.823546	0.58707	8.98148	1.37381	0.64808	-1.10124	0.526662	2.59819	0.383867	2.26536	1.33664	2.06727	1.54375	-0.186472	2.27866	2.34241	0.992759	-0.725878	3.39043	2.54573	-0.704359	-1.03959	4.43039	2.44155	0.217051	0.206227	5.40703	2.49683	-2.04402	-0.00621492	6.49109	2.48803	-1.58833	-1.69376	7.45096	2.39799	0.544516	-1.56489	7.96263	3.30044	-0.817263	1.61826	9.494	2.21796	-0.916295	-3.03391	0.581292	3.56144	0.319341	0.855644	1.48575	3.05073	-1.46514	-1.23674	2.4579	3.29873	0.327079	0.171774	3.48559	3.70373	-1.85228	-0.144619	4.35434	3.38333	-1.58483	-1.35248	5.16876	3.88961	-0.544245	0.967139	5.97084	3.37396	-0.691392	0.0414385	6.96675	3.46329	0.79481	0.750237	8.76434	3.9006	0.850594	-1.33798	9.48605	3.22671	0.338616	-1.13449	0.704895	4.54232	0.530031	-0.482531	1.47975	3.99929	-0.134236	-0.307521	2.44671	4.34963	1.093	-0.322387	3.3782	4.86672	1.4121	1.92472	4.29355	4.48794	-0.113046	-1.2339	5.19159	4.90773	0.596339	-1.02795	6.07087	4.43872	-1.62934	-0.274484	7.72265	4.17763	0.509136	-0.752886	8.53586	4.8913	-2.07838	-0.470494	9.49541	4.47474	-0.244096	-1.00679	0.554981	5.5231	0.65118	-0.0969801	1.59998	5.03678	-1.28246	-1.32952	2.54341	5.32969	0.543947	0.448309	3.2724	6.07636	0.983578	0.981329	4.12388	5.49203	0.00237428	-1.9545	5.02292	5.88359	-0.315163	-0.10778	6.08184	5.45978	-2.03514	-1.54552	6.99817	4.90502	3.65235	-1.43503	7.76015	5.60032	-0.942278	1.35502	9.48074	5.51851	-0.352325	-1.76477	0.510022	6.53288	-0.0138296	0.55191	1.35963	5.96478	0.256133	-1.31934	2.28854	6.38112	-0.15714	1.64807	3.11979	7.08117	1.27719	-0.0316771	4.17394	6.44457	0.575796	-0.170959	5.05375	6.97193	0.77296	0.346717	5.95923	6.51981	0.273071	0.0339472	6.86504	6.05888	0.00662772	-0.801978	7.6705	6.69054	1.28381	2.28022	8.5605	6.07274	0.630055	-1.06737	0.500378	7.49003	1.25661	-0.804561	1.47541	6.92183	0.496118	0.96101	2.24644	7.41146	-0.430207	0.0394364	3.17004	8.05793	-0.871259	-0.281319	4.07715	7.46443	0.841086	0.73263	5.01933	7.97595	-0.948632	1.11055	5.85348	7.51264	0.734993	-2.63554	6.78692	7.15658	2.34795	-0.609993	8.54135	7.10791	-0.59394	-1.73295	9.5	6.5974	-0.000153453	-0.929735	0.520774	8.50886	-1.86411	-0.28316	1.38407	7.97241	-0.928567	-1.67963	2.24344	8.5219	1.22401	-1.4272	4.06682	8.45094	-0.876412	-0.6106	5.01321	8.97397	0.119937	0.521377	6.0103	8.487	-1.35879	1.30557	7.01906	8.48277	1.29025	0.64959	7.68191	7.64945	0.0934818	0.311492	8.60109	8.19746	-0.058075	0.141759	9.40476	7.63082	-2.26435	-1.93512	0.511486	9.49717	1.4822	-0.113472	1.44518	9.15824	1.11711	-0.0527208	2.41059	9.49929	0.175863	-0.11428	3.29159	9.13837	-2.36736	-3.19973	4.22923	9.49424	-0.244819	0.246527	5.8975	9.49423	2.73827	0.308097	7.04765	9.49995	-0.150853	-0.0632926	7.92384	9.07087	0.21926	1.1765	8.93231	9.49851	1.49957	0.134564	9.48797	8.64426	-1.96308	-1.08352	-63.0426
2.45	0.514885	0.551105	-0.219345	-0.790048	1.50699	0.526749	-0.629415	1.58559	2.4788	0.52422	0.377584	-0.823284	3.47927	0.663776	-0.0930724	-2.12736	4.44584	0.712816	-0.375822	1.21555	5.57003	0.602434	0.852996	-1.251	6.53013	0.512179	-2.30254	0.8786	7.46958	0.538281	0.419785	1.53075	8.42579	0.545911	-0.630074	-0.684008	9.48789	0.503701	0.37683	0.342757	0.502758	1.57406	-1.03819	1.4233	1.98557	1.3635	-0.510523	-1.12908	2.93384	1.51175	-0.0510314	-0.98993	3.88808	1.671	0.436877	-0.456079	4.94026	1.54184	0.245867	-0.0832687	5.94332	1.46087	0.0168582	1.12171	6.99475	1.4208	0.20704	-0.00485803	8.05706	1.52025	0.81494	-0.729009	8.50448	2.49073	0.120379	-0.31561	9.0151	1.32423	0.283461	-1.16975	0.502326	2.65201	1.42472	-0.291144	1.36127	2.06208	-0.72352	-0.24805	2.35602	2.32638	1.69842	0.143527	3.34217	2.52195	-1.09461	0.218762	4.41459	2.41424	-0.586737	-0.59881	5.36717	2.50343	0.519689	0.29617	6.39444	2.39405	-1.83961	-1.96153	7.48393	2.34019	0.294637	-0.698535	7.94919	3.25181	-0.397441	-2.10887	9.4936	2.10809	-1.01853	-0.655883	0.558471	3.61739	-1.06458	1.09123	1.43237	2.99122	-0.32586	-0.20515	2.48192	3.32736	-0.0380062	0.392749	3.3367	3.72844	-2.87144	1.02936	4.29993	3.35929	-1.05768	0.560867	5.13076	3.93154	-0.698381	-0.0816473	5.95908	3.3564	0.0710952	-0.66094	6.98286	3.49967	-0.238749	0.730272	8.7424	3.80969	-1.20009	-1.74519	9.48569	3.1599	-0.285808	-1.6322	0.662106	4.55362	-1.89427	0.600498	1.54193	3.98343	2.03339	-0.722725	2.50987	4.32335	1.33914	-0.239802	3.38959	4.88892	-1.31145	-1.03509	4.28095	4.38971	-0.712119	-2.33937	5.18267	4.89025	-1.41464	0.493277	6.04556	4.38834	0.788562	-1.64338	7.754	4.23392	1.82093	0.35289	8.44152	4.88826	-1.25958	0.488817	9.49961	4.45739	-0.546942	-0.188064	0.503192	5.49016	2.11581	-0.459706	1.55845	4.9483	-0.0888567	-1.50896	2.53225	5.40174	-1.00476	1.94297	3.29344	6.08225	0.120388	-0.98763	4.17992	5.42085	2.52298	-0.35968	5.05313	5.90274	1.36926	0.73271	5.98811	5.40568	-1.1277	-0.310628	7.11822	4.86257	-0.209371	0.596903	7.70483	5.63428	-0.141706	0.343702	9.46765	5.44031	-0.0993275	-1.2188	0.507375	6.50662	0.190242	-1.59815	1.43884	5.94596	2.07158	0.000162387	2.3166	6.4375	1.06601	0.929856	3.22103	7.04399	2.1835	-0.91697	4.21077	6.47788	0.524522	0.837539	5.04434	6.96166	-0.549098	-0.327373	5.97062	6.46802	0.0645912	-2.06723	6.85098	6.0333	-0.999411	-0.167369	7.69748	6.68485	-0.0219196	-2.23343	8.64302	6.03363	1.85056	-0.890592	0.518974	7.48339	-0.89901	0.27668	1.39269	6.95067	-2.41294	0.183757	2.28084	7.49144	1.31391	1.81966	3.1257	8.03586	-0.0469083	-1.44835	4.1245	7.47466	0.946758	-0.198932	4.96529	8.0256	-0.6614	0.438084	5.93356	7.44694	1.84956	0.349739	6.86671	7.13647	0.538949	-0.0950422	8.57135	7.04792	1.22046	-0.799047	9.5	6.53885	-0.000152956	-1.43062	0.566641	8.4935	1.31151	-0.126352	1.37025	7.92855	0.793997	0.274372	2.28825	8.45045	-0.165535	-0.615097	4.05815	8.46444	0.397509	0.988707	5.06381	9.00044	1.42034	1.04955	5.94271	8.52939	-1.0801	-0.1048	7.08096	8.49515	0.891923	0.0232187	7.69471	7.73666	0.440894	2.26935	8.53631	8.21111	-2.05682	0.353171	9.35417	7.5397	0.554713	-1.04163	0.554833	9.49767	0.298674	-0.236528	1.49397	9.1386	0.565633	-0.877176	2.38365	9.49915	-0.737305	0.0419729	3.21293	8.97183	-0.957738	-2.6615	4.17385	9.49521	-1.71848	0.367888	6.03724	9.49834	2.522	-0.6017	7.00819	9.49991	-0.90919	0.0181878	7.97268	9.11426	1.47844	0.704454	8.99503	9.49821	0.999292	-0.00537403	9.44656	8.60398	0.3123	-0.710285	-45.1754
2.5	0.509582	0.502549	-0.387005	-1.07305	1.44327	0.538902	-1.2089	-1.05053	2.51466	0.5294	0.403938	0.361477	3.47043	0.539725	0.164945	-2.76719	4.44892	0.723656	0.46515	-0.77324	5.49218	0.504426	-3.63416	-2.16898	6.46327	0.535463	-0.0151758	0.197525	7.47681	0.588176	-0.420225	0.406088	8.44109	0.526291	1.0508	1.20867	9.49284	0.504256	0.694633	-0.0315297	0.501474	1.60889	1.37427	-0.51249	1.9742	1.34205	0.0890729	0.416274	2.93961	1.45942	0.167802	-0.991406	3.89357	1.5593	0.287639	-2.92948	4.97009	1.56407	0.758407	0.877788	5.95446	1.51149	-0.202827	-0.563275	6.99134	1.44948	-0.438433	0.955058	8.06206	1.48169	-0.758537	-0.678138	8.56326	2.42526	1.60476	-1.83096	9.00347	1.29105	-0.379817	0.763816	0.517834	2.60994	-0.752815	-0.872238	1.3378	2.04517	0.468887	0.0923925	2.38373	2.32804	-0.81388	-0.44854	3.32708	2.56178	0.782991	1.25161	4.40385	2.43385	-0.168529	0.620037	5.40117	2.51852	0.234447	0.182845	6.36031	2.33639	1.15023	0.516307	7.46504	2.31365	-0.959533	-0.544867	7.88466	3.17535	-1.66662	-1.11876	9.49466	2.13479	-0.908784	0.632752	0.507075	3.62075	1.42597	-1.08412	1.45305	3.02459	0.640966	0.384043	2.40928	3.30503	-1.99452	-0.762363	3.3058	3.78863	1.21372	0.838884	4.23028	3.38032	-1.64121	-0.355768	5.13264	3.87687	0.549209	-1.5909	5.97099	3.3141	0.462795	-0.95599	6.95445	3.54306	-0.819206	1.06208	8.70069	3.74789	-0.0359584	-1.01437	9.48984	3.08289	0.338476	-0.888576	0.557586	4.56922	-2.12221	-0.00417266	1.63469	3.93126	1.4278	-0.518613	2.52467	4.3599	-1.39928	1.46323	3.33183	4.84081	-0.318492	-0.171842	4.19978	4.31845	-2.12944	0.0445286	5.08025	4.91663	-1.75251	-0.0106073	6.11442	4.31264	1.67666	-1.1399	7.83396	4.16408	0.49043	-1.72418	8.45161	4.96069	1.4683	1.81151	9.48754	4.41378	-0.0267315	-1.58131	0.592816	5.51266	1.64525	0.598404	1.57687	4.91722	0.49274	-0.00779529	2.45126	5.4834	-2.03152	1.06593	3.31328	5.98277	0.740119	-2.73434	4.28876	5.40986	0.975073	-0.0248979	5.1296	5.95237	0.913649	0.92771	5.98552	5.39974	0.738364	-0.549468	7.01278	4.92079	-2.91537	1.07459	7.7511	5.63336	1.18749	-0.999023	9.48462	5.4034	0.92341	-0.40367	0.50734	6.42264	-0.084161	-0.790141	1.53348	5.93543	1.66586	-0.280709	2.37872	6.50248	1.34659	1.57585	3.30891	6.98623	1.2304	-1.98696	4.19553	6.47544	-0.777036	-0.927419	5.06698	6.97473	1.331	0.806495	5.93969	6.39675	-0.963223	0.131159	6.80829	6.01823	0.0129062	-0.679435	7.70469	6.55727	0.205479	-1.78705	8.68255	5.96983	-0.461149	-1.51956	0.527814	7.49662	-0.0816266	0.285496	1.3276	6.95041	0.176948	-0.17344	2.32435	7.4871	0.259891	-1.54875	3.19654	7.92108	2.45531	-1.76769	4.16247	7.47965	0.578533	0.513176	4.97937	8.02807	1.26391	-0.0358084	5.98645	7.50135	0.102019	1.33569	6.88117	7.13765	0.483989	-0.130531	8.59039	7.00683	-0.0667497	-0.552326	9.5	6.47372	-0.000153882	-0.898285	0.598571	8.50677	-0.0367145	0.506016	1.44204	7.97544	1.51269	1.11038	2.24762	8.5003	-0.353122	1.73354	4.09565	8.51488	0.977806	0.729857	5.11061	9.09367	0.373176	2.42664	5.92249	8.47652	0.23659	-1.4508	7.08089	8.51737	-0.903187	0.833942	7.68511	7.7601	-0.848649	-1.50777	8.50376	8.25875	1.05003	1.50785	9.45925	7.54594	2.95672	0.684855	0.548087	9.49918	-0.534795	0.393741	1.47305	9.07181	-1.41033	-1.42109	2.37711	9.49926	0.244791	0.0684214	3.17293	8.92354	-0.5663	0.126585	4.08183	9.49669	-1.85786	0.517763	6.07869	9.49536	-0.883094	-0.362726	7.04571	9.49993	2.47994	0.0294111	8.04489	9.15486	1.24824	1.01881	9.03772	9.49955	0.805252	-0.19014	9.49266	8.56325	1.37009	-0.781974	-56.9278
2.55	0.508561	0.545431	0.635883	0.631855	1.46115	0.531872	1.69726	1.14471	2.49544	0.505637	-0.833973	1.41575	3.50454	0.590957	0.569795	1.83283	4.46032	0.646308	-1.33092	-2.19068	5.3445	0.594382	-0.25722	1.52282	6.45453	0.5345	-0.630504	-0.324306	7.45431	0.578963	-0.270299	-0.718969	8.48181	0.512645	0.446345	-1.3004	9.48985	0.503511	0.495404	0.380853	0.513513	1.52982	-0.435077	-2.05436	1.97749	1.34949	0.0583186	-0.449342	2.95183	1.43085	0.321873	-0.00261247	3.93447	1.45091	1.28117	-0.83636	4.97934	1.60424	-0.544906	0.442077	5.94552	1.43178	0.143376	-1.76793	6.9414	1.47166	-1.576	-0.524707	7.98832	1.46066	-1.79298	-0.308484	8.57862	2.35368	-1.35525	-0.835096	8.99628	1.38169	-0.741102	1.16037	0.524025	2.5726	0.0877903	-0.938881	1.37325	2.074	0.220308	0.165851	2.32683	2.28223	-0.771178	-0.975487	3.38277	2.63246	0.983308	1.45526	4.38741	2.41507	-0.448581	-1.49653	5.3882	2.51213	-0.404321	-0.344933	6.46826	2.40603	2.15022	1.51268	7.41437	2.28908	-0.52278	-0.262269	7.83432	3.13395	-0.202579	-0.332416	9.49629	2.12499	1.34316	0.171177	0.579068	3.5456	1.39894	-1.3685	1.44006	2.98997	-0.825702	-0.497761	2.38785	3.28604	1.14191	0.0133738	3.32819	3.80885	-1.06495	0.213614	4.16699	3.34284	-0.567978	-0.58654	5.14967	3.80215	-0.0123458	-1.35727	6.00339	3.2739	0.599353	-0.546615	6.91862	3.60563	-0.240218	1.30304	8.73111	3.68632	0.455737	-1.25778	9.49194	3.1084	0.0787062	1.35825	0.549361	4.5475	2.04376	-1.16332	1.6324	3.96043	-1.92153	0.607089	2.44309	4.4438	-0.660721	1.96396	3.33792	4.88906	-0.200823	1.51165	4.14181	4.37464	0.362229	1.50645	5.07675	4.85664	1.01281	-1.88128	6.18759	4.27476	0.830618	-0.484286	7.80702	4.13795	-1.1063	0.621236	8.5711	4.96953	2.95446	-1.88472	9.49882	4.32202	0.580602	-1.83306	0.68179	5.4888	1.77015	-0.636735	1.57434	4.92729	-0.888316	0.550732	2.3939	5.49543	0.425715	-0.669869	3.34968	5.82919	0.389313	-2.74389	4.23463	5.43868	-2.12196	0.439107	5.09448	5.95449	-1.32286	-0.532391	6.01845	5.34827	-0.0671865	-0.987468	6.88172	4.96148	-1.63815	0.411628	7.74478	5.51749	-1.41855	-3.05726	9.47372	5.38188	-0.0651654	-0.527825	0.507431	6.47617	-0.217034	1.99929	1.57048	5.95329	-0.595799	1.27746	2.44191	6.51926	0.955928	-1.49275	3.34255	6.86015	0.238891	-2.21673	4.1927	6.4174	0.943719	-1.02619	5.12575	7.0228	0.527522	0.843929	5.96206	6.48776	1.55435	2.52244	6.84306	5.97951	0.979852	-0.602028	7.71266	6.53958	0.211592	0.289226	8.64154	5.93915	-0.95239	0.792956	0.51331	7.51053	1.0238	0.160098	1.39683	6.94435	2.18736	0.138913	2.32823	7.45896	0.113459	1.06764	3.31195	7.89496	1.63242	0.28363	4.1959	7.5005	1.01762	-0.0370132	5.06638	8.03821	1.79583	0.489236	5.97355	7.51351	-0.173464	-0.911078	6.88968	7.10543	-0.608928	-1.23576	8.59278	7.00382	0.0145706	0.260087	9.5	6.45311	-0.000153613	-0.0120366	0.559425	8.51358	-1.62968	-0.454841	1.47332	8.00155	-0.256087	-0.0534867	2.29663	8.54633	1.64271	-0.279342	4.15209	8.52567	1.33141	-0.224774	5.09796	9.21218	-1.03035	2.12423	5.95583	8.47299	1.1167	1.62162	7.01614	8.5326	-1.49398	-0.487026	7.67091	7.66798	0.63867	-1.53975	8.55923	8.31288	0.263749	0.36375	9.39477	7.56135	-2.60519	-0.0900411	0.501329	9.49979	1.46626	-0.466274	1.38659	9.03473	-1.34439	-0.0364049	2.37155	9.49973	-0.578015	0.239282	3.18343	8.93273	1.1092	0.104368	3.99479	9.49453	-1.48975	-0.242184	6.03728	9.49626	-0.215124	0.471133	7.17491	9.49998	2.1222	0.0470223	8.0988	9.21652	1.17031	1.31621	9.08358	9.49819	1.06774	-0.0756212	9.47017	8.55194	0.620115	0.53008	-53.84
2.6	0.504903	0.510003	0.6187	-2.20936	1.51459	0.519309	-0.221109	-1.74859	2.48767	0.513455	0.692962	-1.16093	3.44366	0.602671	-2.56043	-0.904646	4.39943	0.504311	0.0801523	3.58618	5.42206	0.628087	1.32286	-0.700829	6.41044	0.511057	-0.814498	1.14829	7.4484	0.519517	-0.105989	-1.64629	8.47803	0.534081	-0.863612	-0.199842	9.48636	0.50594	0.142081	-0.249669	0.512582	1.47442	0.29425	-0.106588	1.99265	1.34901	0.649781	0.564691	2.9746	1.47205	0.688305	1.6024	4.00065	1.48509	0.569878	0.72583	4.95353	1.57621	0.168151	-1.64677	5.94285	1.39587	-0.429074	1.04115	6.87906	1.41461	-0.222306	-1.26679	7.91025	1.43193	-1.23402	-1.07803	8.46365	2.33709	-2.57258	-0.0421291	8.9134	1.3644	-1.54107	-0.272137	0.518453	2.50334	0.644331	-1.48281	1.33278	2.01689	-1.36378	-1.58303	2.33768	2.26814	0.913947	0.572687	3.39705	2.69657	-0.507694	1.03627	4.35448	2.3412	-0.721263	-0.345124	5.37949	2.49881	0.00168857	-0.205984	6.50778	2.45918	-0.254329	0.349016	7.45601	2.27183	1.62151	-0.416918	7.85278	3.15647	0.519793	1.10448	9.4834	2.19566	-0.509682	1.55785	0.616578	3.50633	-0.433638	-0.509795	1.4359	3.01243	0.994274	0.143826	2.45871	3.2973	0.999671	0.153867	3.24196	3.8313	-1.43538	0.810636	4.1742	3.34145	0.644639	0.509414	5.13029	3.73783	-0.727098	-1.23984	6.01066	3.27122	-0.286074	0.587309	6.95079	3.64857	1.16201	0.310272	8.6741	3.65458	-2.51713	0.161406	9.49739	3.16361	-0.707399	0.97428	0.636896	4.46588	1.24995	-1.44386	1.50536	3.96985	-2.29191	0.362292	2.43467	4.50393	-0.695637	-0.413858	3.30526	4.85852	-0.401406	-2.00772	4.2061	4.41919	1.65324	-0.08884	5.13809	4.76839	1.3454	-1.5825	6.1593	4.26363	-1.87294	0.0941165	7.75927	4.21013	-0.598828	2.21274	8.68248	4.82339	1.1449	-3.47452	9.49998	4.24368	0.722893	-1.36866	0.720799	5.49223	-0.90232	0.653355	1.51467	4.97504	-0.682933	1.00004	2.43802	5.44771	0.504639	-0.806707	3.315	5.85631	-1.18173	2.80573	4.19606	5.39148	0.457451	-1.75581	5.08088	5.91458	1.02747	-1.16002	5.94477	5.33873	-2.08688	0.51864	6.87873	4.93762	0.333774	-1.46778	7.7031	5.36102	0.679661	-2.79798	9.48221	5.36905	-0.966028	0.171352	0.512101	6.5526	0.317449	0.662033	1.52734	6.02434	-0.609044	1.06729	2.45104	6.42045	-0.471409	-1.66057	3.35807	6.80899	0.418509	0.471449	4.25944	6.41188	1.21102	0.733665	5.10553	7.02868	-0.659561	-0.73021	6.04128	6.55379	0.857638	-0.5483	6.87593	5.97229	0.279331	0.12362	7.72323	6.53665	-0.0699354	-0.536276	8.58045	5.99235	-1.3385	0.688588	0.551825	7.5111	0.47466	-0.0771704	1.51162	6.98093	2.14307	1.4469	2.35887	7.52624	1.20977	0.829931	3.34493	7.91817	-0.00988778	0.384176	4.26144	7.46935	1.03999	-0.839111	5.13957	8.07835	1.16191	1.02378	5.99021	7.51545	0.611976	1.65465	6.84816	7.03472	-0.100722	-1.12051	8.56081	7.00626	-1.18274	-0.174339	9.5	6.46524	-0.000153707	0.437692	0.545836	8.4797	1.87865	-0.488869	1.43616	7.99559	-0.904165	0.0160012	2.35898	8.4795	0.790157	-1.64181	4.22895	8.50987	1.60761	-0.276181	5.01531	9.30438	-1.95433	1.63239	6.01331	8.56493	0.616414	1.21684	6.95997	8.47923	-0.23012	-1.49999	7.73125	7.61423	1.33148	-0.73269	8.52198	8.2994	-1.48107	-0.753823	9.32269	7.57527	-0.0809483	0.880221	0.529377	9.49764	-0.492148	-0.226573	1.38313	9.03919	1.28619	-0.0358532	2.32989	9.49973	-0.922315	-0.172064	3.23811	8.92119	0.401697	-0.745758	3.96947	9.4964	0.846473	-0.516989	6.06297	9.49534	1.0235	-0.31456	7.22397	9.49997	-0.0644199	-0.011232	8.18594	9.27442	2.096	1.01297	9.14775	9.49867	1.53282	0.0835322	9.46384	8.59423	-0.642907	0.703919	-54.0828
2.65	0.503119	0.544092	-0.874558	-0.757792	1.47383	0.56096	-1.14052	0.997547	2.46286	0.52608	-1.80333	-0.438416	3.40992	0.540869	1.58246	-1.41969	4.43274	0.654774	1.07677	1.77446	5.42515	0.533807	-0.739021	-2.48376	6.40189	0.520246	0.383413	-0.595539	7.42398	0.539514	-1.15141	-0.354259	8.41466	0.529922	-1.07355	1.01018	9.48827	0.510492	-0.521713	0.279567	0.51136	1.48413	0.373177	0.614117	2.04261	1.3639	1.34854	0.515312	3.02204	1.56587	0.858737	1.90213	3.95551	1.46071	-1.57121	-0.440639	4.97802	1.47889	-0.0708696	-1.74591	5.92056	1.52464	0.158774	3.26284	6.91453	1.3793	0.76125	0.123065	7.88236	1.3563	0.459757	-0.951334	8.40937	2.33737	0.895735	0.0966095	8.88237	1.40214	0.165026	1.32985	0.518686	2.47288	0.861618	0.253294	1.32043	1.96354	1.04699	-0.338703	2.38123	2.32934	0.571962	1.37323	3.34531	2.73784	-1.27556	0.664643	4.3459	2.40453	0.228912	1.75283	5.38077	2.48394	0.0531877	-0.393699	6.48959	2.4353	-0.508222	-1.02972	7.46373	2.26751	-1.72874	0.00272019	7.81302	3.18996	-1.94339	-0.1001	9.47554	2.23341	0.116305	0.0991312	0.5363	3.45127	-2.21989	-1.37405	1.51651	2.96846	1.59392	-1.4862	2.44968	3.28796	-0.917406	0.0555688	3.24236	3.87226	1.16314	0.0913217	4.19284	3.3765	-0.471692	0.546116	5.09108	3.68239	-0.486732	-0.911229	5.99636	3.31223	-0.0140488	0.541894	6.98109	3.65237	-0.326906	0.190079	8.59516	3.72087	-0.27437	2.01567	9.49667	3.22671	0.413089	1.1036	0.626673	4.46642	-1.76324	1.33969	1.46834	3.98833	0.541234	-0.198586	2.34656	4.39562	-2.02977	-3.08301	3.3276	4.81094	0.835319	0.539122	4.27287	4.34514	0.844793	-2.33895	5.19393	4.69534	0.496873	-1.08654	6.03967	4.28228	-2.32728	0.521571	7.74682	4.33448	-0.214753	1.82624	8.67521	4.66596	-1.05844	-2.0202	9.49388	4.17591	0.114081	-1.00712	0.59661	5.5338	-3.38029	0.657026	1.51963	5.01872	0.24864	0.865899	2.43313	5.41083	-0.326373	-0.903719	3.30427	5.93469	0.781164	0.367438	4.22761	5.34518	0.699189	-0.0885175	5.13692	5.86717	0.0588362	-0.144569	5.91359	5.37539	1.7115	0.386302	6.85624	4.83892	-0.730455	-1.95358	7.81095	5.26439	2.75933	-0.737307	9.46386	5.39539	-0.0716434	0.660408	0.52495	6.52843	0.202455	-1.29503	1.49766	6.04841	-0.874939	0.00895128	2.41713	6.40738	-0.640084	1.10365	3.37282	6.93364	0.0738685	3.68153	4.29433	6.4409	0.0932407	0.0583464	5.13806	6.96402	1.79822	-1.37128	6.00938	6.468	-1.45038	-2.14946	6.88045	5.9508	-0.162373	-1.24414	7.69077	6.48687	-0.740923	-1.29732	8.53558	5.98204	-0.209372	-1.01157	0.55091	7.50495	-0.490682	-0.171189	1.5894	7.05515	0.704101	0.898983	2.44953	7.48364	2.4224	-2.14611	3.34448	7.91684	0.197521	-0.24772	4.25962	7.45924	-0.647072	0.428618	5.17353	8.11872	-0.0760582	0.282961	6.03037	7.61277	1.18194	1.2232	6.89462	7.02683	0.961705	0.679167	8.54081	7.01001	0.644259	0.218736	9.5	6.4929	-8.9504e-05	0.642591	0.585897	8.49571	-0.325927	1.10646	1.43451	8.00863	0.989622	0.56837	2.3675	8.46108	-0.53969	0.611291	4.2879	8.50293	0.477697	0.0554745	4.95078	9.37668	0.204253	1.18468	6.00762	8.56317	-0.145304	-0.591464	7.01004	8.38853	1.81453	-2.02767	7.75812	7.58921	-0.65704	-0.396506	8.44459	8.26187	-1.14955	-0.373723	9.35493	7.62175	1.05152	0.559739	0.519544	9.49721	1.03372	0.211181	1.47207	9.03736	1.51524	-0.113266	2.30301	9.49967	0.251102	0.185895	3.23597	8.89258	0.0155212	0.100487	4.03186	9.49547	0.478735	0.402143	6.12558	9.49455	1.41431	0.142511	7.19984	9.49985	-0.663377	-0.0131611	8.26659	9.32081	0.96026	0.839404	9.24069	9.4991	2.19467	0.211007	9.47942	8.5824	1.05787	-1.1194	-55.5088
2.7	0.508578	0.537081	0.262235	1.26096	1.43266	0.600632	-0.0270623	0.834926	2.41583	0.524459	0.342198	-0.235029	3.4985	0.533691	1.28455	1.40179	4.46031	0.625825	-0.447473	-2.5668	5.41074	0.583547	0.785056	1.81404	6.40738	0.520593	-0.62712	0.696913	7.36128	0.540712	-0.578154	1.34653	8.40294	0.511371	0.455977	-1.49363	9.4687	0.522027	-0.255555	0.187371	0.514437	1.50006	0.525107	0.0366717	2.12034	1.40389	1.25113	0.766793	3.01138	1.6582	-0.4434	1.70558	3.93894	1.48542	1.1073	1.02419	4.96273	1.4616	-0.199754	1.39808	5.94752	1.65453	-0.0649117	0.737646	6.91221	1.41421	-0.703604	0.856026	7.92882	1.38871	0.920459	1.76568	8.47802	2.3589	1.23775	0.910126	8.9212	1.45567	1.23052	0.320439	0.516176	2.48625	-0.694111	-0.148158	1.39143	1.97759	0.859286	0.431712	2.3811	2.36462	-0.666038	0.465437	3.29634	2.76494	-0.607914	0.358385	4.36309	2.44451	0.4704	-0.500981	5.38196	2.46954	-0.130786	0.0221537	6.44546	2.40762	-0.820103	0.923151	7.38454	2.25728	-0.573189	-0.232542	7.75088	3.16584	-0.587061	-0.589693	9.4944	2.23139	-0.953719	-0.0623375	0.574971	3.43769	2.07422	1.08301	1.54475	2.90203	-0.50705	-0.570826	2.42243	3.35392	-0.0913065	1.84362	3.30937	3.84057	0.973684	-0.570158	4.11281	3.35048	-1.94991	-1.48118	5.09495	3.64058	0.26133	-0.830118	6.01629	3.29738	0.568092	-1.13426	6.90486	3.694	-2.21195	1.33102	8.58078	3.71348	-0.385634	-1.8325	9.48641	3.21259	-0.166087	-1.24127	0.513824	4.54055	-2.45274	1.18186	1.42875	3.93114	-2.26003	-1.73589	2.33352	4.28264	1.46285	-0.699632	3.3624	4.88638	0.475257	1.78426	4.28069	4.28781	-0.655837	0.280493	5.13264	4.72053	-2.17817	2.03773	6.00368	4.27866	0.298486	-0.576619	7.70503	4.31066	-1.02327	-1.97935	8.64693	4.71437	0.209424	2.95193	9.49577	4.20387	-0.510373	1.83272	0.57747	5.5237	3.32262	-1.08474	1.49675	5.04269	-1.09766	-0.200066	2.43884	5.37126	0.577639	-0.535962	3.36207	5.94118	1.20264	0.066977	4.26374	5.35049	0.65018	0.0964963	5.09976	5.87427	-0.738531	-0.0622719	6.05377	5.36483	2.40798	-0.820869	6.83633	4.76642	0.185081	-0.898051	7.90487	5.31398	-0.0400705	1.58012	9.4649	5.42221	0.204369	0.359573	0.529197	6.48692	-0.132832	0.0518385	1.44223	6.0404	-0.993535	-0.152155	2.4057	6.46391	0.131329	0.239151	3.38662	7.01296	1.21926	-1.22033	4.26896	6.42965	-0.951088	-0.192067	5.21238	6.93753	0.649176	0.51808	5.97711	6.36132	0.586481	-2.03848	6.86058	5.8554	-0.0509447	-2.1322	7.68992	6.42368	0.521305	-1.1092	8.58476	5.93854	2.5725	0.0289019	0.517996	7.50015	-0.705355	0.0436257	1.57647	7.05705	-1.04998	-0.498223	2.54482	7.3996	0.385688	-0.202119	3.36846	7.98435	0.647041	2.93234	4.26179	7.49096	0.932847	0.66712	5.14377	8.08836	-0.590255	-1.34415	6.09998	7.59027	1.10983	-1.49145	6.89095	7.06667	-0.965581	0.197204	8.593	7.01509	0.957665	-0.0109909	9.5	6.52519	-8.88757e-05	0.558567	0.539957	8.5418	-1.28465	0.197351	1.48728	8.04502	0.493044	0.427601	2.33868	8.47822	0.0492134	-0.0237187	4.26372	8.52478	-1.24973	0.826017	5.04654	9.42222	2.80261	0.714301	6.03381	8.57315	0.869293	0.371788	7.10034	8.29582	1.37458	-1.27331	7.70025	7.55909	-0.533255	-0.913808	8.42201	8.27315	0.0235221	0.610209	9.41323	7.58759	1.3388	-1.9953	0.563256	9.49839	0.709687	0.349655	1.48986	9.02875	-0.605045	0.164765	2.37588	9.49982	2.29009	0.196627	3.24157	8.93103	-0.217235	1.25237	4.00025	9.49634	-0.697301	-0.485985	6.19171	9.49461	1.0416	-0.0890626	7.17811	9.4963	0.0486416	-0.150566	8.29288	9.36012	0.275045	0.758838	9.35891	9.49942	2.41756	-0.270751	9.46252	8.53975	-0.906855	-0.317985	-49.5522
2.75	0.505916	0.528066	-0.597812	-1.47196	1.48208	0.649508	1.5351	0.999275	2.48806	0.527158	2.29539	0.212394	3.48622	0.596919	-1.50983	1.25097	4.46282	0.526875	0.805101	3.19526	5.45489	0.655238	-0.162278	1.27584	6.37141	0.537953	0.255829	-0.089975	7.38671	0.566475	1.23049	-0.0801389	8.43255	0.553772	0.571607	0.828559	9.46868	0.52573	0.367267	-0.153218	0.517759	1.50903	-0.514636	0.0495978	2.1354	1.40329	0.0268376	-0.383103	3.07683	1.73063	2.13663	1.29897	4.00766	1.5215	0.904109	-0.359147	4.94585	1.55918	-0.217594	1.80395	5.90134	1.58707	-1.02955	-2.18836	6.86351	1.44458	-0.915162	0.313392	7.96947	1.48178	0.782206	1.58314	8.51126	2.42714	0.154775	1.67958	8.97863	1.4117	0.970545	-1.70546	0.522779	2.4845	0.376083	0.403323	1.37533	1.96879	-1.10686	-0.469983	2.32106	2.41087	-1.45744	0.762411	3.26522	2.7576	-0.719799	-0.641822	4.39415	2.36857	0.66995	-1.54862	5.36747	2.49321	-0.213852	0.763293	6.45553	2.47459	1.2971	-0.192045	7.40873	2.26119	1.06897	0.295251	7.71819	3.15673	-0.865512	0.448651	9.49091	2.2244	-0.850166	-0.43138	0.568068	3.47511	-2.8393	-0.0256999	1.48614	2.94778	-1.73568	1.76275	2.42098	3.36903	-0.151195	-0.400184	3.29581	3.86979	-1.10799	1.42745	4.09239	3.28187	0.998378	-0.837021	5.08754	3.60662	-0.721069	-0.408892	5.99313	3.26077	-1.89674	0.708058	6.82508	3.7536	-0.723979	0.682336	8.57911	3.63131	0.454598	-1.23059	9.4885	3.18298	0.293419	0.417854	0.593271	4.53714	1.43644	-1.57957	1.41238	3.92006	2.34795	1.72724	2.40907	4.37105	1.2906	3.27179	3.3731	4.94478	-0.0745166	0.299865	4.20911	4.31197	-1.74182	0.419002	5.07826	4.84655	0.216563	2.31061	5.97864	4.25576	-1.47391	-0.106464	7.70719	4.20278	1.29931	-2.08764	8.67318	4.85085	0.311532	2.45672	9.49566	4.29797	-0.454546	1.65762	0.667312	5.49127	-0.36996	0.417834	1.47732	4.98079	1.12624	-2.17004	2.4653	5.36199	0.234953	0.316833	3.39536	5.93789	-0.0773821	-0.336933	4.26647	5.35538	-0.799681	0.374986	5.10303	5.86973	0.91247	0.159084	6.05336	5.27537	-1.87116	-2.26141	6.88968	4.74745	1.68412	0.162434	7.80711	5.38567	-2.63409	1.1237	9.48839	5.4215	-1.27117	-0.517364	0.502916	6.51175	-0.849416	0.556001	1.44792	6.05039	1.35414	0.429266	2.42119	6.41554	0.493723	-1.48944	3.45575	6.92609	0.421035	-1.02842	4.24841	6.43007	0.965642	-0.056385	5.21771	6.98606	-0.171349	0.924688	6.03729	6.29482	1.47773	-0.553704	6.93825	5.78432	2.21048	-0.851145	7.72913	6.38488	1.14098	-0.248611	8.72873	5.98029	1.79608	1.06817	0.516084	7.51128	0.653087	0.324692	1.50481	7.02928	-1.5883	-0.458566	2.51541	7.46684	-0.969962	1.91273	3.38997	8.06529	-0.0020703	-0.186111	4.31987	7.51355	0.801676	0.0893972	5.13838	8.01931	0.529685	-0.954467	6.07492	7.54777	-1.79987	-0.267934	6.86954	6.98902	0.306025	-2.9778	8.60758	7.01074	-0.225437	-0.129958	9.5	6.53058	-8.77996e-05	-0.526689	0.530662	8.50709	1.32921	-1.2084	1.46368	8.03089	-1.05927	-0.658689	2.38199	8.46788	1.08654	-0.366699	4.21724	8.56783	-0.0645075	0.588747	5.18846	9.45081	2.691	0.433255	6.06976	8.54036	0.536408	-1.46166	7.12473	8.28852	-0.0849605	0.614269	7.75161	7.48404	1.83603	-1.7667	8.42502	8.30614	-0.0637894	0.636852	9.49699	7.48651	-2.21969	-1.31181	0.582194	9.49769	-0.157965	-0.235915	1.45889	9.06554	-0.174355	0.989398	2.46136	9.49986	-0.102425	0.270712	3.20762	9.00955	0.0735366	1.25663	4.0255	9.49569	1.6729	-0.362129	6.21822	9.49412	0.15616	-0.265378	7.22172	9.48395	1.58952	-0.343273	8.30582	9.39798	0.31375	0.757484	9.4775	9.4994	2.33419	-0.24624	9.42801	8.51495	-0.470895	-0.89542	-65.1201
2.8	0.518973	0.544563	0.13753	0.40574	1.53512	0.674751	0.481106	-0.0903066	2.55713	0.518854	-0.661207	0.945394	3.46314	0.661537	1.41263	1.11867	4.48662	0.659856	-0.152024	1.25986	5.41371	0.686403	-0.347881	-0.557297	6.43175	0.508791	1.45641	-0.995664	7.45599	0.552247	1.33663	-0.38851	8.44862	0.555452	0.0986617	-0.922601	9.48667	0.509428	-0.945056	0.84349	0.516972	1.48488	-0.151626	-0.542658	2.17191	1.41729	1.48097	0.789884	3.1279	1.7856	-0.32095	0.692669	4.00471	1.42848	-0.504888	-1.66293	4.9667	1.59403	0.480808	-0.204955	5.89944	1.50897	1.29792	-0.568278	6.85543	1.45028	0.862694	-0.094087	8.02616	1.51207	1.52677	-0.433784	8.50202	2.51889	-0.349516	1.90311	9.02221	1.34015	0.878423	-0.65599	0.502668	2.51523	-1.25213	0.476549	1.33897	1.95818	-0.0111536	0.157014	2.24527	2.40132	-1.45628	-0.64553	3.24316	2.73779	-0.0903691	0.34292	4.39211	2.37083	-1.00853	0.853733	5.37627	2.52456	0.439012	0.234324	6.5082	2.42903	0.198147	-0.892367	7.46083	2.27666	1.02473	0.295639	7.6673	3.20619	-1.09152	0.988396	9.49877	2.19868	-0.968558	-0.355171	0.586832	3.493	2.46964	0.766134	1.39122	3.02112	-1.37966	0.842932	2.40185	3.39427	-0.640742	1.15659	3.24717	3.92503	-0.596985	0.335493	4.13616	3.28087	-0.141113	0.78038	5.0071	3.6191	-1.99517	1.09293	5.92347	3.30448	-0.170127	0.449597	6.81622	3.75431	0.101147	-0.342371	8.61927	3.58968	0.814545	-0.445864	9.49295	3.23295	0.348268	1.09955	0.618728	4.43994	-0.152144	-1.40385	1.56065	4.00195	3.17543	0.205222	2.45375	4.4883	0.531833	0.881761	3.34704	4.91642	-0.910611	-0.990754	4.15575	4.3301	-0.117929	0.333332	5.099	4.9007	-0.668494	-0.272228	5.87996	4.26312	-2.10869	0.016105	7.80663	4.14029	2.23156	0.245203	8.63229	4.94603	-1.58223	0.976375	9.49628	4.35811	0.322754	0.710872	0.599751	5.52336	-1.72259	0.369642	1.56969	4.91381	1.72341	0.83823	2.45656	5.4372	-0.512067	2.44758	3.36668	5.91931	-0.773068	-0.125124	4.215	5.39983	-0.696496	1.16038	5.17456	5.90054	1.82016	0.907927	5.9748	5.20873	-0.13315	0.297062	6.96957	4.7718	1.29815	0.523988	7.79577	5.35967	1.51473	-1.57525	9.48132	5.38184	-0.944375	-0.554728	0.531549	6.52593	0.441091	-0.0417601	1.53312	6.03377	1.55288	-1.30075	2.46011	6.37422	1.09529	0.556279	3.41529	6.93739	-1.44864	0.961237	4.34968	6.42139	2.01485	0.0477178	5.19858	6.98775	-0.657552	-0.949024	6.10148	6.28671	0.497407	0.132713	6.91528	5.79926	-2.3435	1.13445	7.80352	6.40535	1.3476	0.640612	8.67984	5.99684	-2.93171	-0.864092	0.534306	7.51025	-0.127953	-0.47643	1.43613	7.02272	-0.976494	0.0404894	2.46027	7.51329	-1.28206	-0.468151	3.37373	7.99902	-0.41738	-1.95789	4.31009	7.49726	-0.945568	-0.578629	5.18346	8.02742	0.717911	1.18569	6.01752	7.50628	0.136229	-1.64087	6.8907	6.83821	0.62232	-2.50551	8.61447	6.98225	0.66299	-1.07834	9.5	6.49204	-9.01913e-05	-0.840815	0.57372	8.47705	0.212413	0.421834	1.43212	8.00833	0.209192	-0.113033	2.41137	8.47246	0.130607	0.928013	4.26285	8.54394	1.56975	-1.60075	5.28591	9.4651	0.879743	0.131242	6.09307	8.48296	0.491444	-0.456454	7.12209	8.32479	0.114656	0.745218	7.78617	7.43609	-0.901717	0.16295	8.40419	8.33343	-0.792914	0.452948	9.42107	7.48859	-0.563513	1.09702	0.537827	9.49972	-1.45032	0.37197	1.48221	9.10295	0.571609	0.354273	2.35232	9.49942	-2.67467	-0.0683146	3.2878	9.02862	1.91655	0.0469948	4.1491	9.49496	3.19401	0.212831	6.24926	9.49139	1.5168	-0.177867	7.3106	9.46276	1.72464	-0.494569	8.33149	9.4354	0.778144	0.730826	9.40563	9.49941	-2.3338	0.18417	9.42075	8.46447	0.209813	-0.781475	-41.3002
2.85	0.510633	0.515401	-0.458049	1.90758	1.52985	0.659439	-0.767451	-0.309118	2.49831	0.504676	-0.871024	-1.45262	3.50378	0.630616	-0.162897	-1.8632	4.48462	0.59426	0.00217383	-2.65859	5.46571	0.607087	2.04936	-2.16443	6.48933	0.533494	0.800071	0.476656	7.49826	0.530937	0.27335	-0.498238	8.46701	0.525046	0.930265	1.66269	9.49673	0.514541	1.25354	0.675868	0.518477	1.49294	0.24767	0.447399	2.22974	1.44461	0.0538695	-0.173789	3.0835	1.80258	-0.781955	0.49566	3.99189	1.51429	0.164184	3.03064	4.97369	1.57509	0.140196	-0.615291	5.98301	1.51523	1.46396	0.438338	6.96497	1.43427	3.30617	-0.444105	8.09622	1.46468	0.844873	-1.13639	8.48891	2.6031	-0.103827	1.28394	9.05155	1.36298	0.425722	0.981835	0.517743	2.52185	-0.546004	-0.068672	1.35694	1.96549	0.483276	-0.171861	2.20896	2.41822	0.485028	1.42582	3.24255	2.79867	-0.253687	1.57399	4.32382	2.39177	-1.33144	0.536065	5.38775	2.50406	-0.072244	-0.934374	6.48087	2.40311	-0.878982	-0.179376	7.51015	2.27569	0.851245	-0.395043	7.62801	3.2369	-0.205978	0.56177	9.48258	2.21338	0.375228	1.1732	0.601033	3.52507	-1.24196	0.0849378	1.43554	2.98878	2.2296	-1.51129	2.38898	3.41947	0.905232	-0.828493	3.25346	3.88489	0.647449	-1.45065	4.03912	3.34286	-2.57732	1.4706	4.96822	3.71064	0.117937	2.04099	5.95271	3.29962	0.892756	-0.613795	6.81706	3.75573	-0.170506	0.671864	8.62002	3.59501	-0.88621	0.752006	9.4927	3.26024	-0.038161	-0.0706306	0.606304	4.4782	-0.221058	2.82768	1.65571	3.97398	-0.557823	0.0650674	2.45964	4.49323	-0.300469	-0.242271	3.32191	4.90439	0.249939	0.618811	4.185	4.35109	0.708545	0.535833	5.0069	4.86034	-1.99941	-0.774461	5.79473	4.26409	-1.03771	0.395421	7.89864	4.23882	1.1038	3.04367	8.63644	4.88628	1.42407	-2.82681	9.4893	4.36425	-0.0845149	-0.499501	0.514972	5.51139	-1.63789	-0.82594	1.59451	5.03171	-0.846915	2.0143	2.43598	5.51187	0.244352	0.723531	3.34305	5.9341	-0.108338	0.704838	4.20806	5.44701	0.249348	0.650108	5.24238	5.91389	-0.236658	-0.97671	6.03347	5.27752	1.58993	1.53226	7.0015	4.77957	-0.322367	-0.48303	7.76192	5.34632	-2.11621	0.893986	9.49914	5.39168	1.35915	0.819748	0.537051	6.50223	-0.203297	-0.839122	1.57631	5.96031	-0.0100606	-0.570114	2.50768	6.51514	0.288428	3.77388	3.34436	6.97414	-0.997313	0.12868	4.37739	6.43372	-1.17842	0.13328	5.18096	6.94006	0.383603	-0.311511	6.04284	6.34553	-1.30059	2.58399	6.87171	5.79616	0.418633	-1.04459	7.79021	6.43512	-1.32898	0.416938	8.58612	5.89383	-0.330455	-2.75104	0.501653	7.49485	1.13222	0.125967	1.42236	7.00758	0.369352	-0.664156	2.3845	7.45411	-1.70098	-1.04688	3.35084	7.92501	-0.61214	-0.376671	4.26133	7.4601	-0.760949	-0.984745	5.20621	8.09005	0.718471	0.812993	6.07867	7.40536	1.89136	-2.02159	6.93552	6.78871	0.43252	0.639887	8.64298	6.94538	0.212271	-0.259502	9.5	6.43823	-8.93037e-05	-1.29383	0.555983	8.52456	-0.772831	0.845392	1.47975	8.02394	1.31274	0.632669	2.41162	8.52833	0.0342897	0.750875	4.33127	8.45509	0.601657	-1.32863	5.29635	9.46435	0.212932	-0.163203	6.12381	8.48538	0.736107	0.345302	7.14192	8.36207	0.676017	0.781706	7.70712	7.47998	-1.75609	1.30527	8.35313	8.35363	-1.14185	0.387854	9.43886	7.52572	1.09027	-0.0451917	0.539796	9.49749	1.28353	0.155976	1.43219	9.07478	-2.24033	-1.37524	2.30745	9.49996	0.741802	0.232319	3.36679	9.0295	1.37962	0.00520813	4.32464	9.49637	3.35772	0.354973	6.35918	9.49902	2.44172	0.430113	7.38083	9.43512	1.07426	-0.608285	8.37267	9.47001	0.369876	0.639202	9.3104	9.49912	-0.899269	-0.176457	9.44293	8.48417	0.583753	1.6949	-64.9974
2.90005	0.510213	0.550767	-0.242271	-0.540327	1.46908	0.649976	-1.20242	-0.100994	2.48704	0.516107	0.233656	-0.986383	3.47784	0.537682	-0.561189	-1.76287	4.49747	0.542382	0.550309	2.74991	5.5598	0.504582	1.21816	2.23516	6.52258	0.541924	0.769755	-0.0386431	7.5096	0.509595	0.564458	0.855621	8.52602	0.554271	0.964526	-0.544273	9.48765	0.503419	0.988449	1.05008	0.510393	1.52527	0.77777	0.829044	2.16474	1.41873	-1.77182	-0.403067	3.07235	1.85123	0.0246277	0.910353	3.98875	1.54835	-0.0547256	-1.22585	4.99492	1.52043	0.610858	-1.60368	6.03897	1.51843	0.842404	-0.519194	7.12325	1.404	2.22011	-0.827978	8.08824	1.43231	-0.630807	-0.106962	8.49807	2.63777	0.472668	0.199813	9.08876	1.4244	0.97976	1.30981	0.523003	2.51953	0.595216	0.0704962	1.38425	1.94621	0.432804	-0.248955	2.31911	2.44255	2.84876	-1.09277	3.20941	2.83455	-0.12346	-0.14137	4.29734	2.49671	0.254205	2.49045	5.37238	2.45156	-0.455125	-0.998355	6.45936	2.40751	0.269444	0.268792	7.54552	2.26831	0.578725	0.548786	7.64328	3.27116	0.504904	0.768116	9.48218	2.30244	-0.372384	1.90645	0.530275	3.52967	-1.45919	0.373205	1.47759	2.96158	-0.51084	0.414906	2.43405	3.38046	-0.376551	0.422599	3.22689	3.89449	-1.24382	1.93487	4.04879	3.3836	2.42945	0.545017	4.9739	3.77252	0.11728	0.389081	5.9771	3.26459	-0.108514	-0.468523	6.80134	3.81052	-0.42815	0.755448	8.56895	3.66005	-0.793204	1.76397	9.4895	3.25259	0.102486	0.279058	0.6006	4.59029	-0.121311	-0.0711707	1.53514	3.998	-3.32344	0.458156	2.43887	4.48333	-0.647133	-0.0751718	3.35405	4.95032	0.574296	1.03272	4.15023	4.36587	-1.96106	0.105019	4.98627	4.85684	1.15409	0.377186	5.80661	4.30882	1.58002	1.17053	7.8589	4.36837	-2.76107	1.74707	8.71414	4.77822	1.22823	-0.941687	9.49444	4.30027	0.57015	-2.26889	0.563673	5.49546	1.41983	1.40303	1.51351	5.02022	-1.78914	-1.32311	2.47753	5.53553	0.677635	0.111245	3.35268	5.98684	0.45631	1.20133	4.21818	5.46424	-0.0108739	-0.0315781	5.16193	5.82469	-1.97759	-1.67344	6.06991	5.31774	-0.475093	0.0872752	6.93066	4.72915	-2.13333	-0.515504	7.72522	5.38238	0.811282	-0.100662	9.48281	5.42106	1.01007	-0.224299	0.516532	6.46322	-0.59436	-0.412503	1.53765	6.04193	-1.14112	2.21348	2.45239	6.55123	-2.08781	-1.60706	3.36376	6.96655	1.15827	-0.0758278	4.27347	6.43825	-2.30859	0.149791	5.20191	6.96362	-0.153701	1.08276	6.0249	6.45259	-0.170181	0.00826111	6.89014	5.7989	-0.122212	1.69732	7.77794	6.41536	0.474137	-0.918012	8.59721	5.78758	0.346767	-1.13208	0.547493	7.5153	0.753262	0.43795	1.45025	6.97352	0.475385	-0.140402	2.3011	7.52997	-0.931827	3.10152	3.31033	7.97474	-0.895658	1.84281	4.24326	7.41171	0.105727	-0.494085	5.27217	8.09245	1.42481	-0.569787	6.16325	7.38162	0.584513	2.52375	6.90716	6.86356	0.0968427	1.29874	8.63092	6.94757	-0.523627	0.322392	9.5	6.38621	8.89469e-05	-0.374874	0.509133	8.5168	1.67625	-1.09437	1.52644	8.05034	-0.022417	0.299143	2.42523	8.52482	0.56251	-0.650575	4.3045	8.43266	-1.19291	0.143885	5.38772	9.44647	3.42264	-0.550677	6.16785	8.50701	1.04956	0.487331	7.18217	8.41171	0.79836	1.29593	7.63942	7.54351	-0.764613	0.974378	8.29807	8.376	-0.995539	0.545327	9.48565	7.50652	-1.66408	-0.475413	0.549945	9.49749	-0.969712	0.073441	1.37821	9.00049	0.490814	-1.21763	2.3606	9.49985	1.1484	0.177108	3.43208	9.0319	1.16995	0.150462	4.4127	9.48926	0.184278	-0.0800485	6.45983	9.49104	1.31193	0.127817	7.41807	9.40258	0.319079	-0.666881	8.35166	9.49873	-0.298399	-0.663977	9.34739	9.49999	1.79323	0.403721	9.47525	8.56999	0.746603	0.860538	-53.9545
2.95005	0.501817	0.513337	-0.922653	1.56161	1.4497	0.646689	0.514739	-0.0587584	2.4919	0.523567	0.0410322	-0.493379	3.47631	0.548184	0.58052	1.70343	4.52608	0.655646	0.334965	0.912384	5.5718	0.608597	-0.436475	1.59452	6.57373	0.528557	1.06416	-0.613606	7.57358	0.50813	1.6682	1.03265	8.5373	0.503521	-0.490198	1.51593	9.4947	0.529774	1.29917	0.0395181	0.501708	1.53549	-1.04066	-0.565215	2.13321	1.38744	0.313098	-0.343242	3.12262	1.81536	1.64789	-2.04229	4.00424	1.4658	0.726943	-1.63936	5.03491	1.44033	1.18323	-0.794429	6.07692	1.47524	0.785977	-0.843823	7.12033	1.38872	-1.79569	0.408607	8.11844	1.44123	1.59477	0.428219	8.52853	2.6432	0.670527	0.16896	9.12736	1.46997	0.49894	0.427646	0.528975	2.54052	-0.463278	0.728968	1.37983	1.98494	-0.463499	1.60322	2.34016	2.39376	-1.60033	-0.235675	3.2834	2.84777	2.32915	0.769994	4.34016	2.50023	1.07646	-1.66017	5.35306	2.40899	-0.161096	-0.7347	6.50743	2.41653	1.42657	0.08083	7.55923	2.32472	-0.0628279	1.22503	7.659	3.31202	0.185858	0.875064	9.49771	2.35614	-1.10736	0.252198	0.537691	3.5516	0.789512	-0.0385569	1.44172	2.99283	-0.739128	0.670189	2.34393	3.44418	-2.37493	1.58484	3.21195	3.98842	0.138483	1.2156	4.12083	3.46402	0.145711	1.34881	5.01991	3.78597	2.05098	0.431888	5.93534	3.26429	-1.50817	0.264855	6.78069	3.77861	-0.210969	-1.32426	8.55188	3.76042	-0.00846133	2.03098	9.49264	3.29895	-0.376613	-0.0484849	0.557263	4.51307	-1.91213	-1.44944	1.37934	3.99945	-2.16383	-0.411237	2.36745	4.49888	-2.17785	0.601424	3.33229	5.00877	-1.64863	1.20006	4.08602	4.39893	0.049685	1.72481	5.05333	4.83207	1.16901	-1.35617	5.9245	4.3437	2.66643	-0.105849	7.71089	4.39792	-2.70479	-0.893718	8.69789	4.76851	-1.67262	0.0480717	9.49126	4.18034	-0.362986	-0.436416	0.624401	5.56798	0.785109	0.198741	1.45965	4.98715	-0.352014	0.147488	2.47523	5.51019	-0.811668	-1.01611	3.35267	6.01503	-0.885025	-0.183222	4.20242	5.43505	-0.439851	-1.04941	5.09873	5.82136	-0.465138	1.6027	6.00328	5.32634	-2.01448	0.833635	6.80843	4.79956	-2.39172	2.58438	7.75926	5.3492	0.0654767	-0.616115	9.48447	5.35906	1.00127	-1.90067	0.516806	6.51425	0.437361	2.56861	1.4753	6.04596	-1.26787	-1.37919	2.36027	6.49569	-1.28183	-0.254316	3.37234	7.00049	-0.994423	1.57236	4.21179	6.44468	0.284983	0.205498	5.17219	7.02596	-0.578907	1.07688	6.00824	6.3918	-0.600388	-1.44514	6.87562	5.91358	-0.202665	2.01101	7.80307	6.36927	0.439761	-0.849113	8.62383	5.79537	0.649376	1.41621	0.573938	7.50613	0.0661855	-0.962194	1.46109	7.0559	0.162527	2.51628	2.34806	7.58482	2.09598	-1.02264	3.28673	8.05302	0.274751	0.921541	4.27634	7.44448	0.958869	1.63181	5.31134	8.05503	-0.208172	-0.498014	6.13946	7.58618	-0.39979	3.77526	6.95333	6.89244	0.524655	0.466199	8.59208	6.96977	-1.07522	0.495748	9.5	6.40764	8.90257e-05	0.897894	0.55713	8.46433	0.162018	-0.330611	1.44084	8.04271	-2.35425	-0.771769	2.45217	8.53708	0.103635	1.49566	4.25655	8.44472	-0.452873	0.280846	5.55685	9.41133	2.40997	-0.867057	6.22062	8.53849	0.85643	0.994909	7.21191	8.47177	0.353001	0.574556	7.64348	7.57262	0.969908	0.361666	8.26054	8.4094	-0.42546	0.777249	9.42463	7.49381	-0.654169	0.0218828	0.522816	9.49707	1.54445	-0.175613	1.44902	9.01599	1.98401	1.85705	2.41831	9.49988	1.17557	-0.193294	3.4691	9.05829	0.141124	1.06526	4.41082	9.49593	0.0903104	0.362503	6.48367	9.49332	0.21312	0.127171	7.4294	9.39052	0.674958	0.662755	8.402	9.47356	2.0872	-0.349301	9.44537	9.49892	2.08909	-0.156806	9.48157	8.52605	-0.905197	-2.2397	-67.0704
3.00005	0.503808	0.547998	0.692865	-0.464068	1.50096	0.637808	1.19174	-0.315234	2.50669	0.527506	0.696672	0.084792	3.51309	0.620225	0.589314	1.00753	4.5415	0.57365	0.597166	-3.48297	5.55958	0.612556	0.104868	-1.40134	6.60933	0.519804	0.244854	0.850066	7.60228	0.53595	-0.786403	0.265874	8.5458	0.555479	0.926853	0.512849	9.49584	0.508761	1.43299	-0.94401	0.525437	1.50706	0.0274461	-0.124798	2.15778	1.4192	0.444879	1.52621	3.14796	1.72666	-0.642375	-1.33618	4.07222	1.43478	2.03917	0.457058	5.09393	1.4848	0.610344	1.56125	6.10807	1.4624	-0.064141	0.339784	7.04542	1.43793	-0.328749	1.38733	8.17242	1.4886	0.175786	1.55782	8.54844	2.66264	0.0506646	0.606984	9.14911	1.45067	0.471699	-1.35903	0.52003	2.55898	0.654645	-0.594061	1.35675	2.05011	-0.411833	0.523753	2.27078	2.41296	-0.658754	1.0737	3.37823	2.87672	1.05973	0.036685	4.37298	2.40471	0.175267	-1.86685	5.37675	2.38608	1.25578	0.149648	6.57161	2.42445	0.819773	0.327785	7.55403	2.36021	0.117459	0.159392	7.68118	3.34711	0.866025	0.123826	9.49992	2.31949	1.2792	-1.78111	0.505862	3.49484	2.00917	-1.10421	1.40559	3.01792	-0.703405	0.371144	2.25061	3.52052	-1.02865	1.24554	3.20126	4.012	-0.447877	-0.0891016	4.12015	3.48111	0.501691	0.0744898	5.1204	3.80994	0.899048	0.525889	5.86537	3.25931	-0.487608	-0.895345	6.78074	3.7153	0.0516438	-1.42092	8.55585	3.82776	0.266476	0.404704	9.47818	3.25366	-0.245667	0.274469	0.562999	4.51337	1.7501	1.04398	1.37598	4.0002	1.38946	0.420428	2.26267	4.50798	-1.46477	-0.465423	3.23137	5.0292	-1.7671	-0.583255	4.13716	4.49817	1.28607	0.718661	5.09739	4.7769	0.652345	-0.407888	6.01323	4.30081	0.719047	-1.10034	7.58732	4.30942	-2.19228	-1.744	8.57866	4.79377	-2.86372	1.1585	9.49203	4.29415	-0.496949	3.0222	0.586963	5.53077	-2.31376	-1.18169	1.44913	5.01199	-0.408374	0.721261	2.3782	5.48216	-3.04799	0.329227	3.28589	6.01894	-1.41543	0.688816	4.19667	5.41185	0.179326	1.14962	5.07871	5.93314	-0.819302	2.47712	5.87837	5.39689	-2.40473	1.17591	6.76504	4.94068	0.532188	2.98228	7.74185	5.33378	-0.638476	-0.193562	9.46985	5.26207	-0.0230789	-1.60478	0.52409	6.58189	-0.0575088	-1.13088	1.452	6.00184	0.273745	-0.0467131	2.32495	6.5108	-0.157475	0.520411	3.30377	7.08453	-1.08115	1.16185	4.2593	6.46743	0.898337	0.782646	5.17483	7.04588	0.680884	-0.22961	5.95944	6.36124	-0.954429	0.634661	6.87853	5.94766	0.150305	-0.430018	7.80104	6.34238	-0.67913	-0.100227	8.67084	5.88505	1.12555	1.78263	0.525667	7.50759	-1.84145	2.04602	1.49096	7.09874	0.895372	-1.03327	2.45404	7.50906	1.66706	-1.27247	3.33103	8.07661	1.20283	0.441185	4.30156	7.52663	-0.0606175	1.14466	5.22848	8.07998	-2.40603	1.28067	6.17721	7.65142	1.40047	-0.619105	6.93703	6.94687	-0.930918	1.63327	8.53614	6.99935	-0.887794	0.682729	9.5	6.45383	8.93231e-05	0.890121	0.510951	8.50225	-1.88826	1.54127	1.3883	8.05046	0.256056	1.58055	2.42779	8.5728	-0.846754	-1.05239	4.26505	8.48398	0.639097	1.62771	5.55715	9.36017	-1.8032	-0.981485	6.23542	8.62596	-0.441389	1.59326	7.223	8.46529	0.168221	-0.399177	7.72327	7.58298	1.91534	0.0154204	8.26216	8.45318	0.506415	0.974739	9.41855	7.48334	0.311956	-0.973631	0.58833	9.49685	1.07196	0.0547074	1.55191	9.125	1.84254	2.17975	2.48423	9.49993	1.57428	-0.232695	3.44578	9.13582	-0.870765	1.82914	4.43202	9.4908	0.755079	0.0470896	6.55463	9.49513	2.11122	-0.217015	7.51201	9.4702	2.64764	2.07507	8.52386	9.46297	2.11768	-0.0818653	9.4503	9.49876	-1.32672	0.116023	9.43312	8.42476	-1.03106	-0.993268	-66.974
3.05005	0.515066	0.520869	-0.121298	1.5606	1.54823	0.620255	0.663653	-0.330485	2.55549	0.50654	1.02873	0.989289	3.53571	0.652085	0.464217	0.352727	4.57407	0.606979	0.754405	2.88805	5.57704	0.515704	0.513591	-2.19573	6.58478	0.542444	-1.19436	0.215241	7.5584	0.544222	-0.557557	0.0938638	8.5472	0.562942	-1.38825	-0.218269	9.4851	0.500597	-0.545675	1.68814	0.501397	1.51074	-1.00288	-0.247571	2.16516	1.48955	-0.146524	0.761915	3.11568	1.67562	-0.101231	-0.717898	4.15704	1.44775	0.273539	-0.222594	5.09702	1.50742	0.0176533	-0.471851	6.06593	1.49471	-0.871674	0.79452	7.09586	1.50777	1.52503	1.05357	8.15079	1.57563	-0.515598	1.50061	8.54593	2.69853	0.0979313	0.721016	9.15845	1.35411	-0.388007	-1.28072	0.51416	2.48449	1.13264	-1.43355	1.35933	2.02084	0.548788	-1.31552	2.28414	2.50333	1.03746	2.26059	3.38156	2.84312	-0.624928	-1.14	4.37885	2.36073	0.318259	0.682656	5.45508	2.41606	1.15221	-0.0375692	6.57611	2.45166	-0.410217	0.636501	7.58069	2.35286	0.689754	-0.146377	7.74199	3.30214	1.26456	-1.30539	9.49048	2.25963	0.673944	-0.321148	0.549954	3.51079	-0.382058	1.28665	1.39491	3.02544	0.327668	-0.293351	2.27045	3.52004	1.73923	-1.36062	3.18286	3.98218	-0.115301	-1.12267	4.17972	3.48791	1.31147	-0.306127	5.09268	3.82013	-1.13123	-0.345848	5.9109	3.20541	1.82597	0.00541309	6.77512	3.61044	-0.000984243	-2.66936	8.58571	3.82184	0.818391	-0.255317	9.47102	3.31015	0.0530013	1.33928	0.579066	4.54658	-1.10608	-0.343732	1.42604	4.02771	0.0654272	0.591268	2.26192	4.50017	1.40143	0.709495	3.16475	4.98968	-0.950938	-0.557327	4.1754	4.46572	0.174993	-0.891757	5.1112	4.80241	-0.371687	1.0645	6.02692	4.27876	0.0486772	0.186163	7.50565	4.28893	-1.02909	0.683677	8.47183	4.84997	-0.674224	0.528393	9.4831	4.33334	0.052602	-1.34625	0.555098	5.50111	2.56379	0.327449	1.40734	5.05191	-0.992969	0.562901	2.24504	5.52482	-1.30008	0.912539	3.22599	6.06417	-0.834394	0.691704	4.19479	5.52769	-0.542143	2.32281	5.0372	6.0335	-0.1453	1.33209	5.8201	5.42058	0.333788	0.409886	6.78475	5.02728	-0.430458	-0.381265	7.68561	5.34818	-1.64414	1.17311	9.49375	5.30143	0.826165	3.0927	0.517613	6.49379	-0.269411	-1.53218	1.44224	6.04158	-1.10586	1.63138	2.35067	6.52026	1.12328	-0.0693418	3.34299	7.07054	2.11463	-1.18374	4.23752	6.5495	-1.95661	2.56446	5.21263	7.04349	0.404324	0.662064	5.96255	6.44809	1.24964	2.17126	6.86569	5.95829	-0.843695	1.67764	7.75308	6.36371	-0.876041	0.981704	8.70703	5.9495	-0.10461	0.660174	0.5672	7.60991	1.60412	1.2549	1.50867	7.037	-0.388328	-0.794074	2.44591	7.51433	-1.45125	0.970127	3.38891	8.11834	0.949563	1.0792	4.27961	7.55177	-0.636563	0.235343	5.14138	8.14982	-0.647681	1.23977	6.21392	7.61893	-0.603098	0.0189971	6.90784	7.0075	0.479281	0.195247	8.53739	7.01205	1.10612	-0.462949	9.5	6.48247	8.92351e-05	-0.167731	0.56093	8.5843	0.641021	1.20495	1.44642	8.14565	1.97288	1.74358	2.38295	8.46645	-0.753704	-2.09308	4.28803	8.59039	-0.169455	1.8604	5.44029	9.32777	-2.39157	-0.409636	6.17701	8.62441	-1.63732	-1.14086	7.2261	8.4525	-0.125062	-0.124344	7.78665	7.59424	0.265664	0.67936	8.30334	8.50013	0.978527	0.716599	9.45334	7.41724	1.09804	-0.585101	0.632012	9.49845	0.690911	-0.288733	1.6149	9.22547	0.682765	1.7923	2.55501	9.49965	0.563764	-0.0643496	3.43323	9.21557	1.17477	1.08568	4.47796	9.49794	0.892597	0.776567	6.65663	9.49494	1.85745	-0.449785	7.6481	9.42478	1.35386	-2.12685	8.54123	9.467	0.506458	0.466881	9.4763	9.49911	-2.76344	0.114084	9.37757	8.43678	-1.16937	0.949242	-49.6488
3.10005	0.501323	0.539884	0.472297	-1.14811	1.5662	0.605326	0.0424936	-0.283436	2.59251	0.543103	0.396498	0.427537	3.56882	0.648133	0.893326	-0.664731	4.62668	0.636282	0.62644	-1.35511	5.58848	0.587304	-0.197676	1.73404	6.53186	0.551315	-0.397161	0.128065	7.5199	0.545261	-1.44203	-0.0822924	8.46289	0.535584	-1.06132	-0.764991	9.47521	0.516126	-0.253167	0.0389873	0.523437	1.48526	-0.0720785	-0.319193	2.18009	1.47569	1.12813	-1.29165	3.14404	1.65646	0.691604	0.0130599	4.07303	1.4904	-2.21836	1.85069	5.10047	1.47874	-0.333158	-0.364044	6.0757	1.53281	1.34278	0.685766	7.13619	1.51178	-0.0191124	-0.843785	8.16619	1.59698	0.828327	-0.508118	8.58641	2.71724	1.387	0.0146103	9.09871	1.394	-1.59363	1.90325	0.513609	2.47613	-0.913872	0.954642	1.38532	1.96837	0.0743999	-0.358147	2.35685	2.55224	1.59746	-1.311	3.34069	2.78043	-0.796599	-1.29545	4.40695	2.45011	0.764479	2.22519	5.47767	2.37443	0.121552	-0.819558	6.56334	2.46533	-0.0587214	-0.105119	7.58663	2.3781	-0.477478	0.890209	7.78242	3.29854	0.620184	1.4219	9.4819	2.27729	0.104344	1.02581	0.509268	3.55765	1.53986	-0.0318002	1.41533	3.00206	0.355006	-0.438483	2.36475	3.47925	1.42561	0.679415	3.21282	3.91552	1.56952	-1.22343	4.18724	3.41464	-1.02739	-2.21645	5.08559	3.80299	0.76305	-0.0893881	5.92953	3.26124	-1.44931	1.53446	6.85702	3.50323	2.96692	-1.43287	8.61214	3.81969	0.161833	0.203756	9.49602	3.33106	0.995864	-0.827439	0.526942	4.5091	2.40669	-0.240089	1.421	4.04424	0.0658389	-0.0992111	2.33288	4.53741	0.708415	0.167483	3.16207	4.99452	1.28144	0.819147	4.15238	4.45046	-1.05711	0.0829835	5.06544	4.85905	-1.0506	1.32169	6.02232	4.29571	-0.421531	0.184571	7.4836	4.32826	0.215148	0.683267	8.49137	4.85432	0.92749	-0.0418799	9.49748	4.29938	-0.68147	0.622369	0.585089	5.53882	-1.37143	0.311547	1.41178	5.0312	1.04819	-1.12522	2.25588	5.55785	1.18735	0.503674	3.22768	6.04772	0.892853	-1.29944	4.13991	5.6069	-1.36803	0.848022	5.05794	6.08657	0.740225	0.897401	5.88984	5.46764	1.73701	1.39703	6.71715	4.95675	-1.50101	-1.53846	7.62085	5.4335	-0.803054	1.73507	9.48019	5.45252	0.0957075	2.30349	0.510999	6.48741	0.0322426	1.76058	1.3864	6.11267	-0.216647	0.455746	2.39099	6.5398	0.163389	0.820229	3.37148	7.06486	-2.24498	1.61496	4.18063	6.62436	1.10191	-0.512927	5.1999	7.12285	-0.731816	2.17214	6.04011	6.55698	0.734067	2.62181	6.80428	6.03962	-0.86968	0.364603	7.74129	6.43695	0.51715	1.70932	8.63104	5.95033	-2.86755	-0.510302	0.63432	7.61506	1.01759	-1.1034	1.466	7.06014	-1.04062	1.85595	2.3807	7.49936	-1.01447	-1.09673	3.40171	8.16352	-0.811158	0.511166	4.26282	7.60043	0.090457	1.77543	5.16252	8.1939	1.09558	0.583272	6.13184	7.62548	-2.04601	-0.478838	6.96968	7.00405	1.2234	0.672891	8.61152	6.97493	1.45342	-0.65819	9.5	6.43343	8.85175e-05	-1.09913	0.556856	8.56586	-0.751225	-1.51519	1.50367	8.19985	-0.126688	0.387577	2.41552	8.48427	2.3641	2.57742	4.24789	8.59013	-0.658407	-1.79744	5.39678	9.29826	0.967672	-0.81031	6.09595	8.58315	-1.30631	-0.0231164	7.19893	8.44658	-1.15278	-0.335266	7.77965	7.63063	-0.0930997	0.494004	8.34145	8.51426	0.308283	-0.166654	9.47504	7.4619	-1.34894	1.80005	0.655408	9.49794	0.104673	0.0778455	1.61797	9.29706	-0.547756	1.00973	2.55809	9.49991	0.389712	0.142736	3.54259	9.25604	1.9726	0.917129	4.476	9.4966	-1.00479	0.524412	6.70529	9.49023	-0.520837	0.217661	7.62194	9.31522	-0.806984	-2.07231	8.55285	9.48041	-0.772657	-0.958838	9.48965	9.49885	-3.52879	0.00277461	9.32778	8.48772	-0.612258	0.980278	-57.6097
3.15005	0.516728	0.544485	0.120515	0.84501	1.55546	0.590597	-0.388199	-0.319711	2.60903	0.528692	0.488962	-1.30723	3.62094	0.593852	0.943101	-1.22935	4.59411	0.527752	-1.39828	-2.65823	5.57758	0.645562	-0.211993	0.584715	6.52808	0.550111	-0.488625	-0.218989	7.45473	0.525396	-0.140445	-0.881969	8.45269	0.506495	0.360839	0.872824	9.4954	0.512084	0.862506	0.619605	0.505664	1.4895	0.849854	0.765315	2.2218	1.4039	-0.43508	-1.23139	3.11033	1.68654	-1.19133	1.07055	4.07253	1.58079	1.624	1.4797	5.05442	1.47927	-1.31158	0.286313	6.1542	1.55301	1.11049	0.0230397	7.11924	1.46041	-0.318587	-0.848824	8.13052	1.56933	-2.23657	-0.537584	8.62851	2.71497	-0.350697	0.000327519	9.08902	1.45726	1.20504	0.379848	0.52878	2.53986	0.302116	1.07416	1.38535	1.97102	0.225181	0.121645	2.40218	2.42327	-0.0830818	-3.01605	3.33026	2.72085	0.516705	-1.01338	4.47043	2.49381	1.91605	-0.744071	5.48719	2.36923	0.363514	0.516712	6.55656	2.4635	-0.286107	0.222687	7.55873	2.41453	-0.438181	0.676061	7.86551	3.37784	1.80899	0.887902	9.48725	2.33304	0.424119	0.521946	0.559336	3.50777	0.404117	-1.18681	1.44527	2.9849	1.07409	-0.291824	2.38621	3.52524	-0.222874	0.417996	3.32797	3.87765	1.93696	-0.333632	4.11257	3.37166	-1.41704	0.758335	5.07923	3.8269	-1.73482	1.13497	5.87977	3.30653	0.0579148	-0.230721	6.9101	3.45424	-0.899569	-0.616414	8.63679	3.85321	1.59532	1.501	9.47325	3.27831	-0.0103348	-0.345452	0.596196	4.53908	0.325352	0.820715	1.45896	3.99767	1.33811	-1.54291	2.35054	4.51916	0.559833	-0.493059	3.26863	5.03516	2.27535	0.226997	4.0945	4.45894	-0.695898	0.362743	5.02477	4.93851	-0.593798	1.79543	5.96148	4.28215	-1.7245	-0.272194	7.52885	4.35876	1.53129	0.552073	8.53971	4.86091	0.894538	0.354664	9.48717	4.37571	0.328021	2.04864	0.519864	5.53113	2.3314	-0.0418477	1.47254	5.00995	1.22327	0.481647	2.33051	5.5707	1.64876	-0.208218	3.25715	6.00811	-0.191847	0.497804	4.1149	5.59347	0.947506	-1.45847	5.10929	6.11856	1.32612	0.352162	5.93755	5.5546	0.0479024	1.77933	6.70668	4.91463	0.867823	-0.204442	7.60433	5.48608	0.141467	0.107231	9.49745	5.47596	-0.578117	-1.29254	0.516596	6.62281	0.292813	2.32509	1.42237	6.09368	1.07889	-0.801348	2.38117	6.54828	-0.432411	-0.359044	3.23558	7.15982	-2.15178	1.51322	4.25106	6.59501	0.949433	-0.0782815	5.1437	7.22022	-1.48452	1.25229	6.01549	6.68691	-1.04606	1.15448	6.79799	6.00723	0.144798	-0.549022	7.77796	6.52208	0.213137	1.88928	8.49389	5.89469	-1.65333	-1.74087	0.61709	7.54202	-2.29217	-0.647806	1.45629	7.14469	1.21407	0.655536	2.34331	7.52987	-0.617921	2.53976	3.32237	8.15568	-1.1012	-0.870928	4.26801	7.61785	-0.314446	-1.82481	5.20581	8.21308	0.414394	0.335213	6.04932	7.5993	-0.92452	0.730198	6.97997	7.09232	-0.884513	2.35953	8.65708	6.95597	0.390495	-0.0443309	9.5	6.44628	8.92888e-05	1.58864	0.510573	8.50241	1.66478	-0.801296	1.49653	8.20974	0.0824311	0.201724	2.52031	8.603	0.625452	1.21415	4.26351	8.54752	0.701289	1.10006	5.45602	9.28847	0.800463	0.834129	6.1038	8.60095	1.94597	0.131556	7.09705	8.39218	-2.73551	-1.82789	7.80104	7.6382	0.974954	-0.181134	8.32098	8.47439	-0.87207	-1.1954	9.44338	7.56083	0.0731051	1.8838	0.622074	9.49959	-1.47509	0.368726	1.59332	9.32725	-0.139979	0.261184	2.6044	9.49983	1.00865	-0.124704	3.53972	9.29925	-1.59591	0.55037	4.4859	9.49496	1.60368	0.335514	6.60857	9.48952	-2.73028	-0.270133	7.59095	9.23924	-1.39209	-1.10074	8.48083	9.48187	-1.43131	1.0438	9.44399	9.49915	1.34789	0.00826177	9.32891	8.5316	0.509293	0.803953	-52.4611
3.20005	0.508273	0.525226	-0.495473	-1.11425	1.53369	0.566743	-0.523333	-0.803643	2.64272	0.54282	0.775147	0.51932	3.61434	0.54073	-1.21621	-0.947368	4.56728	0.60177	0.386787	2.33786	5.54215	0.652422	-1.1113	-0.309128	6.49553	0.525221	-0.207775	-0.803821	7.50678	0.529905	1.51857	0.7301	8.48561	0.550366	0.896014	0.860961	9.48006	0.521314	0.234572	-0.449535	0.519194	1.55801	-0.392062	1.22125	2.13555	1.34511	-2.22689	-0.921308	3.11589	1.71598	0.96923	-0.387443	4.09107	1.61607	-1.3845	-0.118576	5.03449	1.49819	0.993307	0.578624	6.14187	1.53744	-1.51049	-0.543009	7.10995	1.43487	-0.613549	-0.148751	8.04626	1.53647	-0.365569	-0.694944	8.56512	2.70653	-1.4902	-0.541203	9.13608	1.43679	0.274268	-1.10754	0.516219	2.53518	-0.648041	-0.929682	1.4093	1.97458	0.419489	0.11225	2.34838	2.31921	-1.72911	-0.760866	3.37366	2.68351	1.02121	-0.391476	4.56984	2.46797	1.67491	0.147127	5.5237	2.39168	1.16864	-0.0447541	6.53699	2.48297	-0.370325	0.269831	7.54576	2.4492	-0.172226	0.583177	7.88784	3.39479	-0.473047	0.529353	9.48925	2.321	0.689493	-0.266804	0.55872	3.51142	-0.282791	1.22757	1.51877	2.95999	1.52683	-0.770424	2.38734	3.49206	0.459649	-1.75359	3.28323	3.90334	-2.6334	1.16792	4.14003	3.37962	1.59625	-0.4804	4.94799	3.89036	-2.58097	1.35439	5.89279	3.27321	-0.0603786	-0.304654	6.85539	3.44429	-0.719008	0.35873	8.74353	3.93823	1.23437	0.852596	9.4951	3.3256	-1.0484	1.60442	0.585407	4.54842	-0.522063	-0.36292	1.51284	3.94626	0.5271	-0.0973759	2.40731	4.51057	1.56133	0.0215092	3.32793	5.02115	-0.0589163	-0.346125	4.13679	4.4842	2.09556	0.223687	5.01438	5.02672	0.638802	1.43412	5.88781	4.30523	-1.19939	1.05665	7.62733	4.38127	2.25467	0.352009	8.56913	4.88649	0.103287	0.52702	9.49777	4.48123	1.08693	1.77076	0.617622	5.5596	1.38906	0.996116	1.52412	5.04728	0.765324	0.569799	2.41097	5.52825	1.55263	-1.18962	3.25449	6.08764	0.563268	2.15414	4.20966	5.51648	2.00774	-0.919332	5.14977	6.13624	-0.422672	0.498832	5.92401	5.59801	0.00494615	-0.401682	6.74889	4.91721	0.520553	0.124931	7.60837	5.4359	-0.0659842	-1.80129	9.47204	5.40744	-0.347193	-0.399057	0.515227	6.6013	-0.145295	-2.25145	1.47362	6.0595	1.02589	-0.364777	2.35108	6.55782	-0.683589	0.774613	3.1829	7.16404	-0.295545	-1.47876	4.25993	6.58402	-0.52922	-0.872226	5.1069	7.22046	0.142472	-0.890003	5.97153	6.65358	-0.379452	-1.20728	6.81251	6.032	0.523507	1.3996	7.74118	6.60698	-1.4702	1.05277	8.49829	5.83651	1.44721	0.199652	0.527044	7.59343	3.01704	1.07668	1.50579	7.13558	0.207776	-0.695778	2.32249	7.695	-0.0405096	2.29107	3.34828	8.11326	1.48582	-0.0701232	4.1782	7.54436	-3.007	-0.364358	5.21186	8.2521	-0.157289	1.236	6.03771	7.6938	0.0745428	1.36658	6.9011	7.2106	-1.92103	2.19089	8.65688	6.98184	-0.38643	1.06298	9.5	6.52079	8.87881e-05	0.998313	0.567103	8.5191	0.596347	1.91177	1.51108	8.22539	0.179703	0.4608	2.45209	8.5691	-2.28718	-0.923969	4.2746	8.5971	-0.386726	0.0172134	5.5044	9.35648	1.39946	1.5539	6.16993	8.61334	-0.72599	1.08409	7.01987	8.25545	0.794088	-3.91055	7.85111	7.59672	0.726472	-1.45069	8.29373	8.44621	-0.0643505	0.294018	9.47149	7.61653	0.962657	0.185422	0.526837	9.49736	-2.13463	0.0918581	1.59505	9.33024	-0.0811031	-0.101846	2.58707	9.5	-1.66892	0.162646	3.5259	9.30175	1.25625	-0.376533	4.56117	9.49501	0.991688	0.208425	6.4774	9.49212	-2.08045	-0.341964	7.469	9.18612	-2.91884	-1.00186	8.46019	9.4594	0.0973585	-0.838622	9.4596	9.49961	-1.74406	-0.194046	9.35254	8.57211	0.260781	0.583873	-57.3563
3.25005	0.512417	0.534039	-0.0947233	1.0143	1.5001	0.506563	-0.617559	1.9787	2.63828	0.523038	-1.27872	-1.11031	3.5884	0.506889	0.579924	0.961076	4.55365	0.696001	-1.13046	1.43003	5.51904	0.605641	0.309088	-1.56037	6.51431	0.522143	0.834621	0.872783	7.56249	0.538519	0.541832	-0.229033	8.53786	0.583381	0.833986	0.24799	9.48537	0.518319	0.269288	-0.0399471	0.516636	1.54696	0.277178	-1.63462	2.0617	1.3107	-0.627928	-0.511669	3.10353	1.66131	-1.99936	-1.51698	4.04698	1.58676	0.441149	-0.823461	5.09464	1.54804	0.523343	1.00801	6.04773	1.49859	-1.51464	-1.16657	7.04439	1.44903	-1.48222	0.647071	8.08768	1.5115	1.34155	-0.206571	8.51834	2.65733	-0.460242	-1.20075	9.11916	1.38916	-0.756356	-0.104066	0.519542	2.532	0.54305	1.00363	1.37153	1.98201	-1.7607	0.0987331	2.30958	2.32297	0.580644	0.405398	3.41996	2.67763	0.650771	-0.111021	4.61401	2.48222	0.253001	0.0835983	5.59109	2.36103	1.20859	-0.467689	6.54061	2.47623	0.681379	-0.377684	7.53213	2.45997	-0.365944	-0.175722	7.84755	3.43729	-0.9599	0.543762	9.47729	2.33039	-0.122975	0.476221	0.538078	3.56854	-0.517842	0.587062	1.55273	2.93739	-0.613159	0.26587	2.41912	3.36995	0.866018	-2.75133	3.2124	3.96189	0.566487	0.679386	4.15505	3.34071	-0.802127	-0.561797	4.94412	3.94855	2.57657	0.335106	5.85636	3.31515	-1.28056	1.73041	6.85258	3.49252	0.296766	1.43544	8.69206	3.9259	-2.72999	-0.864012	9.4988	3.37776	1.17375	0.41513	0.55585	4.53924	-0.617501	0.369113	1.52063	3.98061	0.00470538	1.13527	2.4557	4.50339	-0.439931	-0.141427	3.32014	5.0128	0.360119	-0.00341486	4.19239	4.50774	-0.566294	1.21345	5.12614	5.05075	2.77187	-0.245911	5.84071	4.37018	-0.432302	1.39551	7.72951	4.39206	1.45972	0.0268834	8.5516	4.91247	-0.344982	0.843905	9.48885	4.49959	-0.0262044	-0.517378	0.647951	5.57753	-0.0140412	-0.889509	1.54859	5.04235	0.262808	-0.69728	2.47961	5.50043	0.945431	0.423583	3.30655	6.16722	1.12971	0.0311346	4.2389	5.53248	-0.484181	0.990049	5.0844	6.1443	-1.27758	-0.425015	5.95178	5.53795	1.08929	-1.31512	6.7464	4.90797	-0.492218	-0.609168	7.62749	5.36665	0.870032	-0.435666	9.47373	5.50405	0.545925	3.26376	0.503046	6.50933	-0.417738	-0.679353	1.5285	6.06271	0.976321	0.238694	2.33347	6.59896	0.179053	0.553622	3.18473	7.08361	0.41531	-0.601874	4.20089	6.52794	-1.68448	-0.72088	5.1123	7.17907	-0.184135	-0.577176	5.98927	6.61842	0.700158	-0.3128	6.84675	6.11123	0.538374	1.22953	7.6566	6.59889	-1.34704	-1.15783	8.57805	5.92635	1.298	2.98489	0.665772	7.59733	2.157	-0.31592	1.48037	7.09781	-1.03098	-0.855652	2.34098	7.60662	0.719332	-3.11326	3.36312	8.16743	-1.75676	2.07943	4.07371	7.53071	-0.502037	-0.787959	5.18868	8.31756	-0.72485	1.17853	6.00368	7.69331	-1.74972	-0.901878	6.8301	7.22569	-0.802564	-2.75116	8.64202	7.0318	0.121138	0.463061	9.5	6.54085	8.90239e-05	-0.0838709	0.570045	8.60869	-0.567115	-0.222196	1.478	8.24453	-1.06747	0.0188055	2.37825	8.63546	-1.04361	-0.215502	4.24632	8.54951	-0.332983	-1.45136	5.5252	9.44577	-0.735469	2.10719	6.11206	8.63813	-0.901109	-0.611966	7.09758	8.11085	1.66582	-0.227201	7.86507	7.55475	-0.145629	0.090954	8.29816	8.47112	0.0527458	0.275329	9.47303	7.58808	-0.872685	-1.18052	0.575609	9.49846	1.73387	0.0665939	1.55614	9.31796	-1.43695	-0.369787	2.53015	9.49997	0.0640668	0.0833034	3.58447	9.28845	0.590162	0.0199313	4.57916	9.49548	-0.353876	-0.424497	6.48115	9.49185	2.04463	-0.0916202	7.3411	9.13396	-1.64487	-1.30607	8.43542	9.44055	-1.2208	0.241062	9.423	9.49939	0.291175	0.0600587	9.35283	8.55086	-0.186572	-1.28467	-39.5083
3.30005	0.510646	0.531774	-0.0864683	-1.72457	1.47268	0.558894	-0.411057	0.0960568	2.56241	0.530959	-1.21876	0.186819	3.5968	0.547051	-0.89185	0.580258	4.53336	0.728324	0.896328	-0.498363	5.53553	0.506446	0.186349	-2.3189	6.56666	0.549637	1.06496	0.117355	7.56274	0.520466	-0.439582	-0.41941	8.53478	0.560197	-0.884106	-1.01821	9.49181	0.521679	1.0117	0.53219	0.514669	1.46759	0.550069	-0.718664	2.05539	1.33562	-0.150929	1.80523	2.99069	1.56838	-1.58541	-2.22338	4.06568	1.57442	-0.548043	0.662019	5.04522	1.56409	-1.54909	-0.11106	6.03233	1.41866	0.196036	-1.6792	7.00327	1.49355	0.115053	1.06592	8.12679	1.52228	-0.11944	0.59636	8.50983	2.6015	0.139254	-0.993123	9.09514	1.4424	0.0797567	1.73275	0.518528	2.59494	-0.705237	1.03592	1.31416	1.98557	-0.249387	0.16281	2.36012	2.3263	0.828924	-0.459097	3.42152	2.64514	-0.502868	-1.21241	4.61205	2.47451	-0.358507	-0.104468	5.62693	2.39292	0.171881	1.27745	6.58952	2.46383	0.768256	-0.00676506	7.53034	2.43173	0.623817	-1.05712	7.78259	3.38731	-1.55613	-2.40684	9.49917	2.3571	-1.03365	0.601614	0.510103	3.57019	-0.580151	-0.0794365	1.47136	2.9854	-2.01476	1.46142	2.48998	3.26652	1.84408	-0.902896	3.30677	3.95963	2.26257	-0.394138	4.11783	3.37114	-0.375015	1.5468	5.04961	3.93441	0.37365	-0.256631	5.79934	3.3991	-0.245543	0.960505	6.84014	3.5776	-1.12674	1.98023	8.59208	3.89629	-0.633546	-0.124281	9.46676	3.38829	-0.278046	0.105364	0.522933	4.57416	-0.768687	0.236075	1.51462	4.02591	-0.441266	0.313733	2.38809	4.49708	-1.13589	-0.303775	3.34388	5.02494	-0.142258	0.515743	4.16976	4.54854	0.482998	-0.0666942	5.15807	5.04426	-1.41733	0.198777	5.90634	4.41727	2.8215	0.361041	7.74029	4.39353	-0.99396	0.204925	8.58162	4.98461	1.46431	1.81479	9.48877	4.47172	-0.405898	-0.525822	0.63541	5.50044	-0.404314	-1.01562	1.55038	5.00888	-0.306505	-0.208463	2.48877	5.55935	-0.713294	1.32425	3.30791	6.05921	-0.844564	-3.17643	4.20704	5.55945	-0.575794	0.055455	5.06396	6.10015	0.365624	-1.14337	6.03742	5.52223	1.67966	0.560988	6.74837	4.8543	1.24025	-1.4193	7.66594	5.40705	0.468611	1.84105	9.47777	5.61663	-0.77972	0.372118	0.514973	6.53162	0.240423	0.998839	1.54519	6.0474	-0.379696	-1.06241	2.3756	6.56921	1.48469	-1.82402	3.23348	7.1121	1.36482	0.726368	4.15387	6.55511	-0.0855479	1.3432	5.07184	7.15503	-1.59634	-0.612696	5.98032	6.59925	-1.54298	-0.655894	6.81983	6.08913	-0.955777	-2.11656	7.69218	6.55029	2.41831	-0.847625	8.60181	6.08489	-0.420033	2.51346	0.679517	7.5884	-1.54322	-0.627526	1.45984	7.02779	0.340138	-1.74802	2.35739	7.5322	-0.327042	0.241576	3.22392	8.26769	-2.52318	1.54798	4.10183	7.50661	1.45907	0.426598	5.15854	8.35875	-0.169383	0.463299	5.91222	7.6245	-1.28293	-1.49938	6.82237	7.06875	0.599284	-2.10156	8.64775	7.01886	-0.284861	-0.357705	9.5	6.54811	8.9253e-05	0.891963	0.510088	8.50595	2.36083	-2.12893	1.44018	8.21901	-0.654149	-0.999151	2.33314	8.50638	-0.855675	-2.73414	4.22167	8.4855	-1.238	-0.881858	5.5138	9.44358	0.235725	-2.15304	6.10718	8.60622	0.757278	-0.606607	7.11249	8.16698	-1.34907	0.893321	7.86013	7.55939	-0.12939	-0.132275	8.29446	8.46447	-0.128754	-0.334916	9.47119	7.52136	0.974134	-1.11177	0.60209	9.4977	-1.09256	0.076364	1.52599	9.28774	0.883157	-0.938486	2.57705	9.5	1.21371	0.000422983	3.57171	9.30064	-1.05528	0.321701	4.52592	9.49843	-1.32011	0.448039	6.52471	9.49259	-0.119708	-0.614434	7.38979	9.03944	3.21483	-1.4256	8.35862	9.48802	-1.61909	1.49983	9.46187	9.49934	1.01125	-0.103675	9.34002	8.49004	-0.283645	-0.867684	-56.8927
3.35005	0.509106	0.54667	-0.35776	-0.197992	1.4824	0.54216	0.821156	-0.646475	2.51428	0.502447	-0.940217	1.14948	3.52815	0.571679	-1.34293	0.398022	4.58071	0.651998	0.214595	-2.17738	5.54251	0.577805	0.108407	0.453257	6.59143	0.529369	-0.425406	-0.849804	7.5363	0.500383	-0.362818	0.404307	8.49381	0.503013	-0.513326	-1.15641	9.4828	0.5293	0.457257	-0.109491	0.50479	1.48336	0.90005	1.78466	2.00699	1.4115	-1.15152	0.086813	3.00037	1.44829	1.40287	-2.41213	3.98157	1.62585	-2.23306	1.07104	5.01549	1.56504	0.126057	0.162193	6.03155	1.37913	0.223322	0.710682	7.04714	1.53614	1.10382	0.24907	8.08733	1.54715	-0.814544	-0.175323	8.53141	2.56358	0.633234	-0.441171	9.11408	1.51066	0.358169	0.678178	0.521065	2.59804	-0.0263984	-0.857591	1.32194	2.0342	-0.0311809	2.02394	2.37864	2.29667	0.192728	-0.150569	3.39595	2.57206	-0.331528	-1.57517	4.57553	2.49317	-1.04954	0.800374	5.6071	2.44208	-0.947342	0.422345	6.59775	2.48418	-0.17246	0.835602	7.58135	2.33691	0.82447	-2.28234	7.72406	3.28408	-0.832069	-1.09498	9.49504	2.40087	1.12778	1.1892	0.515883	3.58575	0.249345	0.284886	1.39509	3.05875	-0.739058	1.08845	2.58508	3.28596	1.77984	1.24732	3.36153	3.96355	-0.418011	0.807641	4.1477	3.42973	1.64171	0.290016	4.98888	3.96109	-1.28349	0.695055	5.85181	3.39141	1.28167	-0.673657	6.76129	3.69368	-1.25771	2.63984	8.5884	3.89998	-0.000260506	0.189623	9.46921	3.39435	0.369536	0.221153	0.522354	4.53034	0.874644	-0.992619	1.4671	4.01102	-1.19657	-0.299066	2.39017	4.47111	0.895319	-0.719124	3.2985	5.01496	-1.30166	-1.45813	4.2274	4.51558	0.93184	-0.712258	5.07328	5.045	-1.39327	-0.386801	5.99813	4.40697	0.640775	-0.509835	7.68215	4.40118	-0.0262972	-0.475569	8.65111	5.06799	0.736453	1.11447	9.48625	4.44911	0.326373	-0.361788	0.606012	5.53159	-0.995441	1.5776	1.51318	5.02272	-1.07713	0.0511476	2.38799	5.54496	-2.69775	-2.16752	3.30545	5.97124	0.563534	0.0269861	4.19556	5.55366	0.0994232	-0.300146	5.08885	6.04167	0.124145	-1.22162	6.02434	5.50833	-2.09144	-1.41022	6.88876	4.81483	2.79881	0.434566	7.68654	5.51215	0.740065	1.79959	9.47046	5.56009	0.793908	-1.7828	0.516823	6.56255	-0.235487	-0.514162	1.50164	5.97545	-1.22273	-1.06389	2.45753	6.50384	1.4652	-0.167114	3.28454	7.12896	0.652978	0.146297	4.1558	6.58083	-0.0891436	-0.41699	4.98869	7.10478	-0.724025	-1.45878	5.88314	6.55866	-1.37772	-0.715903	6.85702	5.99394	2.07734	-1.11415	7.77005	6.51655	-0.186723	-0.00386687	8.58993	6.07111	0.867367	-2.50325	0.56861	7.48284	-2.59147	-2.13111	1.48712	6.96667	0.578479	-0.640584	2.32651	7.52185	-0.601791	-0.919832	3.21021	8.30238	0.841455	-0.0827126	4.18397	7.57605	1.08754	1.69528	5.16109	8.36858	-0.0253204	-0.0777368	5.89088	7.56962	0.204537	-0.718212	6.87116	7.02296	1.00195	-0.149434	8.62856	7.08282	-0.326537	2.03014	9.5	6.57223	8.84499e-05	-0.659747	0.534044	8.50474	-1.34927	1.39725	1.40707	8.1177	-0.898388	-3.38647	2.25491	8.50169	-1.20582	2.32531	4.13903	8.50242	-1.32621	2.09554	5.51424	9.3495	-0.26272	-1.5384	6.16566	8.55826	0.911246	-0.991001	6.99297	8.13926	-2.36817	-1.43612	7.81362	7.56019	-2.02072	0.333641	8.30458	8.43921	0.794379	-0.981745	9.46688	7.52567	-0.433966	1.43716	0.512435	9.49842	-2.03077	-0.234952	1.5975	9.23517	1.29245	-0.949545	2.59934	9.5	-0.842981	0.000288153	3.51425	9.30977	-0.605462	0.026887	4.48555	9.49003	-0.228712	0.0556023	6.54189	9.49387	0.88743	-0.614661	7.53903	9.03615	0.518666	-0.103742	8.32391	9.46595	1.63907	0.652504	9.48704	9.49994	-1.02644	-0.143798	9.32713	8.47359	-0.204133	0.384221	-53.6402
3.40005	0.514102	0.509208	-0.0113525	1.41604	1.51484	0.510144	-0.017596	1.21623	2.47783	0.527375	-0.128912	-0.467158	3.50352	0.549719	0.527731	-1.65729	4.54103	0.538162	-1.46155	-2.26309	5.5516	0.547672	0.0901934	-1.08151	6.52698	0.521828	-1.61817	0.981656	7.52315	0.521981	-0.366362	0.391573	8.50291	0.553285	0.760313	0.898323	9.48121	0.516661	-0.248872	-0.402707	0.518239	1.58446	-0.305552	1.38092	1.97051	1.36346	-0.561865	-0.909027	3.01333	1.37075	-1.4322	-0.253411	3.92361	1.67623	0.375397	0.801229	5.01791	1.56539	-0.225748	-0.331955	6.06464	1.47841	0.706836	2.65504	7.05993	1.48066	-0.400616	-2.19829	8.10585	1.44977	1.06539	-2.89793	8.54582	2.56061	-0.329857	0.299071	9.12292	1.51151	0.119161	-0.447327	0.516062	2.55678	-0.376388	-0.183255	1.35136	2.14368	2.01395	1.14121	2.38952	2.31747	0.116922	0.68659	3.39177	2.50328	0.0590253	-0.905702	4.51931	2.5233	-1.01337	-0.0622223	5.54275	2.42729	-1.42242	-0.855175	6.58908	2.53898	-0.199447	1.24376	7.586	2.31244	-0.367115	0.659351	7.68795	3.27572	-0.619811	0.656456	9.49455	2.45021	-1.14018	0.483449	0.505411	3.55138	0.84022	-1.26117	1.40557	3.0718	1.10105	0.14224	2.64634	3.34563	0.386036	0.681656	3.32844	4.00462	-0.0934507	0.191267	4.20797	3.41984	0.273796	-0.0529057	5.03678	3.96105	2.64523	-0.377615	5.87361	3.35569	-0.0394655	-0.614122	6.77657	3.82867	1.75254	2.48321	8.59611	3.90091	1.03374	-0.596079	9.49922	3.42458	-0.861032	1.03223	0.551726	4.54951	-0.0118863	1.32385	1.42914	4.03789	-0.222295	0.722309	2.42312	4.41578	-0.154874	-1.64401	3.244	4.94159	-0.657106	-0.283046	4.18038	4.51245	-2.18524	0.150516	5.04908	4.99427	0.232942	-1.74618	5.98615	4.40346	-1.10603	0.46737	7.78359	4.32293	1.83579	-1.39362	8.62335	5.0218	-1.70162	-3.31785	9.48782	4.43816	-0.370531	-0.0494822	0.520069	5.56767	-2.32741	-1.34669	1.4363	4.97295	-1.95391	-1.1568	2.30252	5.42041	-0.565365	-2.09692	3.32211	6.00169	-0.0191756	0.506354	4.19276	5.5219	-0.50449	-0.99988	5.05425	5.98505	-1.08502	-0.714131	5.92387	5.42749	-1.37746	-1.44528	6.9136	4.91719	-0.493144	2.73203	7.77944	5.52971	2.41614	-0.90757	9.47248	5.47911	0.330389	-1.47572	0.505248	6.47177	0.47947	-1.04019	1.44003	5.98642	-1.02487	0.834473	2.49616	6.51077	-0.133676	0.0655366	3.30749	7.14257	0.316434	0.453034	4.13974	6.54207	-0.276404	-0.720652	5.01991	7.0255	1.24678	-1.33981	5.89028	6.53526	1.48648	-0.551592	6.89084	5.97014	-0.81735	-0.0532679	7.74402	6.55044	-0.107276	0.936531	8.65115	5.99243	0.96537	0.232809	0.559672	7.47191	1.85265	0.591802	1.49482	6.94994	-0.336705	-0.190608	2.31825	7.50178	0.375869	0.394156	3.20504	8.25922	-0.611591	-1.49954	4.20203	7.65194	0.0861233	1.35114	5.14119	8.34201	-0.844711	-1.07008	5.91633	7.5477	0.748267	-0.152879	6.88742	7.02903	-0.765381	0.109278	8.60423	7.14905	-0.532348	0.76856	9.5	6.52074	8.91673e-05	-0.930452	0.550956	8.55039	1.50831	-0.0308443	1.36054	7.92564	-0.169073	-3.34695	2.26447	8.57489	1.14274	-0.411694	4.1479	8.64621	1.33946	2.00804	5.49869	9.30122	-0.33683	-0.191995	6.12428	8.55665	-1.76633	0.600711	6.93947	8.03555	-1.36099	-1.61833	7.70779	7.57519	-0.643836	-0.27828	8.35501	8.37577	0.797532	-1.37949	9.4895	7.59223	-1.53011	0.750724	0.589338	9.49839	1.95938	0.231863	1.57098	9.2433	-2.64003	1.31173	2.51993	9.5	-1.56018	0.000287933	3.49663	9.33091	-0.831952	1.24675	4.50442	9.49642	1.10085	0.547651	6.59674	9.48512	1.01767	0.265468	7.46982	9.00657	-1.78	-0.831568	8.48032	9.45679	3.17427	-1.67955	9.4425	9.49961	-0.362936	0.162874	9.32641	8.54758	0.281711	2.22099	-63.4501
3.45005	0.509156	0.573955	0.229721	1.10199	1.46607	0.512358	-1.32593	-1.01113	2.50603	0.527154	0.826527	0.46274	3.53228	0.553238	0.0105148	2.03764	4.48151	0.574714	-0.439244	2.3205	5.50913	0.505265	-1.81724	1.03376	6.48167	0.560146	-0.249322	0.478952	7.50472	0.518764	-0.106718	-0.841816	8.5531	0.523908	0.853196	-2.23616	9.48678	0.510657	-0.446411	0.475162	0.506525	1.59338	0.549374	-0.742391	1.96011	1.36227	0.30606	0.00545351	2.93092	1.40745	-1.05502	1.65839	3.9779	1.6635	1.09794	-1.52449	4.98997	1.51602	-0.727238	-1.6436	6.07654	1.61087	-0.0795901	2.3678	7.05368	1.37717	0.188522	-1.37389	8.11635	1.38055	-0.779406	0.419834	8.5037	2.59149	-0.996406	0.913051	9.13909	1.48265	0.520443	-0.607924	0.531804	2.57576	0.679508	0.328062	1.45858	2.12574	0.943749	-0.609877	2.39572	2.35121	0.390868	0.610697	3.39173	2.49949	0.0360685	0.61138	4.48432	2.48817	-0.415141	-0.716436	5.48328	2.39117	-0.942976	-0.224173	6.57467	2.5999	-0.314532	1.09339	7.55254	2.31354	-0.996668	-0.66516	7.66761	3.32684	-0.100234	0.873107	9.49424	2.44868	-0.95328	-0.40701	0.520337	3.52377	-0.164146	0.526152	1.4967	3.10557	2.4026	0.155477	2.61151	3.32958	-1.57077	-1.15905	3.35122	3.96164	0.0850012	-1.58052	4.19247	3.45422	-0.420809	0.999407	5.13803	3.92538	0.486557	-1.41645	5.89284	3.33073	1.04361	-0.507028	6.87788	3.94057	1.57154	2.07162	8.67449	3.8301	0.203831	-1.59295	9.49469	3.45521	-1.39141	-0.522272	0.518388	4.54733	2.09712	-2.52668	1.43377	4.02619	0.0563935	-0.168262	2.37269	4.3181	-1.27662	-1.88485	3.22107	5.00437	-0.405128	1.76898	4.11401	4.5034	0.0589203	-0.441334	5.04438	4.89212	-0.632856	-1.70611	5.9429	4.42881	0.218773	0.350767	7.77366	4.31123	-1.60805	0.459334	8.5645	4.81973	-0.0107311	-3.80243	9.49723	4.44536	0.891148	0.165176	0.575269	5.46645	0.602275	-0.327627	1.37823	5.00261	0.254746	1.36287	2.30158	5.35788	0.231747	-0.419145	3.29651	6.00151	-0.955143	-0.22842	4.14645	5.46642	-1.0463	-0.85278	5.01981	5.97065	-0.209469	-0.162471	5.90743	5.40344	0.463118	0.678772	6.88815	5.02781	-0.454816	1.22376	7.83818	5.48231	-0.134108	-0.725442	9.46892	5.41053	-1.1029	-0.943159	0.510884	6.49552	-0.324298	0.672971	1.41388	5.98516	0.165862	-0.92946	2.44296	6.50674	-1.79584	-0.179087	3.31807	7.16521	0.143597	0.200469	4.14973	6.5324	0.55287	0.280313	5.07305	6.98859	0.901739	-0.126696	5.99041	6.4835	1.76991	-1.43249	6.83174	5.98421	-1.07139	0.793391	7.75957	6.5653	0.379973	-0.558197	8.66813	6.0382	-0.41042	1.00747	0.520083	7.46017	-2.31173	-0.282384	1.47802	6.927	-0.214779	-0.477499	2.36273	7.54006	1.47449	0.525582	3.209	8.17135	0.910722	-1.77966	4.21348	7.69281	0.372568	-0.231103	5.08937	8.26368	-0.838081	-1.97607	5.95121	7.55005	0.276631	0.0924297	6.80789	7.01188	-1.59184	-0.611207	8.59553	7.15598	0.574583	-0.682867	9.5	6.50343	8.89252e-05	0.345565	0.615317	8.50143	1.13408	-1.61083	1.46498	7.8946	2.87051	1.68864	2.28268	8.51343	-0.540918	-1.23454	4.18041	8.63465	-0.54454	-1.23161	5.48834	9.34215	0.52928	1.67553	6.06033	8.57896	-0.986845	0.380192	6.81908	8.01929	-1.91647	0.22792	7.74053	7.55329	0.0942917	0.152596	8.37712	8.30699	0.293473	-1.2422	9.45417	7.61474	0.14953	0.273831	0.593926	9.49912	-3.01271	-0.367842	1.487	9.28731	0.78827	-0.0317252	2.45255	9.5	-1.28576	0.00028699	3.44388	9.41829	-0.763228	1.88101	4.58066	9.49499	0.957294	-0.273193	6.61203	9.48654	-0.506524	-0.263764	7.42051	8.93997	-0.0694645	-1.92079	8.54474	9.36647	-0.544998	-1.94823	9.47386	9.49983	-2.5961	-0.240067	9.35058	8.59729	0.492076	-0.958543	-47.3695
3.50005	0.503838	0.599418	-0.810114	-0.393492	1.44864	0.527078	0.67204	-0.089866	2.53491	0.505663	0.232223	1.31556	3.49758	0.647057	-0.958916	1.64933	4.47904	0.667613	-0.701116	0.628764	5.42316	0.551023	-0.872222	0.548557	6.46196	0.558912	-0.660567	-0.482235	7.52655	0.523737	0.837298	-0.130299	8.52828	0.580273	-1.4766	1.41208	9.4855	0.513923	0.384374	-0.491235	0.533879	1.55841	0.524599	-0.25141	1.97979	1.31817	0.260574	-0.827465	2.94551	1.52543	1.48324	2.57953	3.9906	1.54847	-0.569261	-2.43537	4.98707	1.44637	1.10752	-0.120416	6.08671	1.68647	0.514578	0.625126	7.05978	1.375	-0.257062	1.1379	8.06851	1.44163	-0.860496	1.95112	8.46088	2.64752	-0.688133	1.21222	9.16053	1.4586	0.211839	-0.305351	0.550971	2.56999	-0.101579	-0.348351	1.41348	2.129	-1.79531	-0.165824	2.41885	2.34594	0.082702	-1.23689	3.41238	2.54435	0.812744	1.10476	4.46113	2.47746	-0.773024	0.0324707	5.43619	2.42175	-0.871731	1.34147	6.58009	2.6245	0.735822	-0.373764	7.49683	2.26756	-0.988472	-0.829039	7.6738	3.33093	-0.0651749	-0.559947	9.47586	2.40966	0.114738	-1.2859	0.504216	3.53367	0.705208	-1.73075	1.62125	3.0655	1.90345	-0.977093	2.5287	3.27925	-1.06066	-0.24336	3.29759	3.88722	-1.74402	-1.13872	4.19777	3.46985	0.339383	-0.629473	5.09708	3.82523	-1.28733	-2.10316	5.95801	3.32892	1.08813	0.905731	6.84493	4.00233	-2.68736	-0.0966562	8.56323	3.74269	-3.35097	-2.28011	9.47845	3.37618	-0.42096	-1.77127	0.565532	4.43685	-0.412468	0.638441	1.41544	4.04205	-0.36148	-0.329921	2.34789	4.26176	0.43526	-0.187062	3.2161	5.02933	0.30749	-1.02689	4.14375	4.46033	0.360885	-1.26294	5.01918	4.85936	0.148945	0.277505	5.99695	4.43299	1.00747	-0.0373278	7.71189	4.37583	-0.374175	2.15914	8.60291	4.72474	0.926967	0.16872	9.49606	4.41076	-0.974388	-1.6642	0.505808	5.51004	-2.47675	0.821658	1.44447	5.00069	1.12797	-1.3259	2.31695	5.37894	0.594987	1.29219	3.24042	6.02446	-1.14401	1.2386	4.11501	5.46518	-0.137132	0.718928	5.0265	5.95301	0.319614	-0.508004	5.93236	5.46373	0.387593	1.03005	6.87145	5.02815	-0.266176	-0.874902	7.80599	5.44653	-0.856268	-0.779193	9.4263	5.41387	-0.642197	0.910961	0.512678	6.48994	0.303751	-0.529661	1.45515	5.95718	1.13567	0.234236	2.34501	6.48957	-1.82816	-0.576597	3.33337	7.12607	0.619063	-1.96595	4.17493	6.55452	0.417981	0.404994	5.11158	7.0027	0.432083	0.458911	5.9637	6.4258	-2.58074	-0.366867	6.85221	6.01639	1.90961	0.173772	7.75596	6.51542	-0.680527	-0.990748	8.61981	6.06851	-1.03981	0.0458773	0.593265	7.48144	2.02996	0.60804	1.46408	6.94643	-0.407547	1.24619	2.45135	7.51218	1.37661	-1.19455	3.27175	8.11849	1.22762	-0.268842	4.2341	7.60108	0.399307	-2.82754	5.07506	8.15896	0.0412592	-2.02538	5.91812	7.54628	-1.14796	-0.111107	6.79316	7.00802	0.739049	0.497454	8.64085	7.09555	0.663289	-1.30758	9.5	6.54593	8.88992e-05	1.05164	0.663305	8.43569	0.599776	-0.385884	1.52743	7.98391	-0.535833	0.91377	2.28187	8.52404	1.44961	1.75805	4.1089	8.6175	-1.78059	0.211825	5.56994	9.46573	1.83311	3.41243	6.00124	8.59896	-1.20062	0.162195	6.81078	8.03045	0.939389	0.317091	7.68345	7.57352	-1.71376	0.202886	8.40007	8.25791	0.61655	-0.916036	9.49561	7.59088	-1.68167	-1.73636	0.596158	9.49674	3.37919	0.064119	1.51185	9.2554	-0.425908	-1.26908	2.42777	9.5	0.681746	0.000288538	3.43333	9.49183	0.303944	-1.74436	4.55224	9.49441	-1.33062	0.308639	6.57209	9.49447	-0.652021	0.418292	7.44424	8.82924	0.788666	-2.25944	8.43228	9.26286	-3.21678	-1.96154	9.43834	9.49956	0.389142	-0.090953	9.37752	8.51517	0.620559	-1.01649	-64.9206
3.55005	0.503115	0.535182	0.716974	-1.89982	1.49954	0.523175	1.05266	0.844395	2.52135	0.518762	-0.8671	-0.820194	3.45199	0.687953	-0.958209	-0.322892	4.41926	0.616506	-0.721697	-2.19956	5.43535	0.543915	0.752895	-0.628996	6.43176	0.526207	-0.318	-0.740754	7.53398	0.512967	-0.996696	0.828994	8.48178	0.620499	0.0193483	0.36321	9.47888	0.516645	-0.148227	0.061816	0.545337	1.55277	-0.3432	-0.647369	1.99589	1.34751	0.561766	1.73782	3.04747	1.61232	1.94088	0.866707	3.9733	1.4981	0.851686	0.74009	5.0744	1.5175	1.755	2.13169	6.09839	1.69368	-0.405507	-0.124281	7.02199	1.41594	-0.88504	0.0418185	8.06347	1.54034	0.920611	1.43476	8.44475	2.68576	0.104214	0.00181068	9.15085	1.43843	-0.729997	-0.62627	0.506644	2.52271	1.98055	-1.76469	1.359	2.07063	-0.214729	-1.73573	2.37366	2.2854	-1.85485	-0.487478	3.44755	2.60932	0.155898	1.4873	4.41148	2.45773	-0.75412	-1.17646	5.41645	2.50784	0.114643	2.03851	6.60417	2.59284	-0.467882	-0.364803	7.48655	2.28034	0.722278	1.50812	7.57711	3.27592	-3.86383	-1.51019	9.49919	2.32805	-0.888262	-1.56636	0.525962	3.45828	0.210959	0.0389872	1.60916	3.01663	-1.79862	-1.18393	2.54937	3.2827	0.705525	-0.527123	3.26413	3.86276	1.15718	0.462594	4.16181	3.39149	-1.79952	-2.049	5.07215	3.75192	0.161355	-0.783087	5.99325	3.40131	0.214053	1.27437	6.77921	3.91971	0.497163	-2.46332	8.46298	3.66672	-0.376283	-0.182382	9.47241	3.3156	-0.0121583	-0.870744	0.511624	4.54758	2.01182	2.241	1.40712	3.95762	-0.230551	-2.29616	2.37929	4.30657	0.366714	1.85851	3.24525	4.93537	0.703486	-2.27674	4.13722	4.40454	-0.257453	-0.803217	5.05721	4.89317	0.864388	0.826802	5.94882	4.46414	-2.45752	0.97664	7.68552	4.45951	-0.644603	0.48942	8.62836	4.7917	0.212412	2.02021	9.48922	4.30418	-0.625232	-2.17956	0.604424	5.50731	1.7767	-0.609879	1.4743	4.93987	0.487579	-0.835694	2.36626	5.46436	1.23488	1.62231	3.19804	6.07949	-0.406899	0.226123	4.11898	5.51041	0.0398998	0.775588	5.03029	5.92462	-0.214351	-0.613446	5.95496	5.46409	0.579514	-0.573649	6.84998	4.97655	-0.754484	-1.02607	7.77174	5.42007	-0.391818	0.0794759	9.41184	5.46649	0.231935	0.967965	0.515035	6.48829	-0.209328	0.467559	1.4816	5.97775	-0.44533	0.220052	2.28983	6.46575	-0.0839132	0.087552	3.36157	7.00842	0.0808666	-1.827	4.2045	6.53055	0.86371	-1.84081	5.08371	7.014	-1.44867	0.0725637	5.86	6.46292	-0.759834	1.40198	6.92563	6.00127	0.129406	-0.972598	7.71501	6.5036	-0.240159	0.73295	8.59325	6.03373	-0.165032	-1.31116	0.642857	7.48787	-0.566644	0.160281	1.45798	7.01492	0.610338	0.89245	2.46752	7.47024	-0.517367	-0.419722	3.28534	8.09234	-0.753261	-1.18558	4.24465	7.49138	-0.245661	-0.850075	5.06278	8.07825	-0.707526	-1.04801	5.90837	7.55262	0.911933	0.174591	6.82096	7.03136	-0.0507032	0.159638	8.60455	7.04357	-2.22981	-0.758455	9.5	6.55711	8.84614e-05	-1.20742	0.648064	8.49843	-1.13681	2.33096	1.51679	8.00338	0.650946	0.482191	2.39277	8.57938	2.4725	-0.594518	4.0698	8.63053	0.544292	-0.00623663	5.59216	9.4041	-1.43366	-0.496431	5.96604	8.56296	0.168899	-2.34393	6.81219	8.05969	-1.25958	0.63541	7.64707	7.55586	0.603767	-0.763206	8.43477	8.18858	0.828607	-1.84576	9.46612	7.50001	0.500846	-0.723072	0.645888	9.4976	-1.08003	0.156283	1.55142	9.14275	1.93014	-3.07204	2.48963	9.5	1.44524	0.000287638	3.46822	9.40748	0.919046	-1.45157	4.50043	9.49812	-0.487716	0.609839	6.58933	9.48457	1.3598	-0.376874	7.48427	8.73221	0.496886	-1.66264	8.29026	9.20367	-1.83427	-0.122895	9.46296	9.49991	0.493334	0.163603	9.41816	8.50827	1.02305	0.180971	-57.6762
3.60005	0.510984	0.552142	-0.343466	0.526977	1.51803	0.530908	-0.678839	-0.295159	2.46369	0.526443	-0.731408	0.05143	3.42429	0.646002	0.0157384	-0.97672	4.41959	0.512458	0.488644	2.72869	5.45311	0.510065	-0.127471	-0.62627	6.44493	0.512403	0.719434	0.757969	7.45564	0.534489	-1.50238	-0.0906681	8.49692	0.614136	0.038933	-0.829569	9.48933	0.513738	-0.79842	0.442419	0.509812	1.46535	1.47285	-1.71989	2.07411	1.38581	2.54611	-0.784888	3.08267	1.64995	-0.0077716	0.698332	4.09229	1.5345	2.65143	-0.773543	5.12339	1.61164	-0.21813	1.43439	6.05604	1.68585	-0.553172	-0.174877	7.00699	1.40786	0.205413	0.0795264	8.14167	1.57527	1.65711	0.189232	8.47229	2.65505	1.05509	-0.877391	9.09097	1.39487	-1.19873	-0.862537	0.538778	2.47248	-0.766946	0.0575629	1.35968	1.98715	-0.40507	-1.85469	2.29451	2.31329	-0.782525	1.5218	3.39787	2.67028	-2.13661	0.459875	4.42223	2.37619	1.27813	-0.736284	5.43475	2.6179	0.342657	2.05987	6.53683	2.59261	-1.69421	0.118314	7.53243	2.32499	0.684039	-1.03148	7.42093	3.22229	-0.989992	-0.77621	9.48249	2.28156	0.209451	-0.503222	0.507914	3.49738	-1.07964	0.978068	1.50844	2.93411	-2.10137	-1.75842	2.55195	3.23984	-0.322211	-0.392708	3.33569	3.90163	0.385804	0.305587	4.09178	3.31641	-0.11204	-0.828267	5.05545	3.73616	-1.19065	0.101833	5.96636	3.42197	-0.667281	-0.00846978	6.82379	3.88041	-0.442577	1.96809	8.46089	3.70397	0.0537962	1.26691	9.47209	3.25591	-0.0207113	-1.50784	0.577805	4.56244	0.559541	-1.66889	1.4102	3.89639	0.61836	0.00056293	2.37864	4.40683	-0.239563	1.73279	3.27488	4.85239	0.449863	-0.425305	4.16777	4.38372	1.88265	0.0106904	5.03845	4.93832	-1.77595	0.848989	5.86645	4.45315	-0.480439	-1.51198	7.67404	4.41366	0.330595	-1.74613	8.63149	4.89497	-0.0410699	1.87612	9.47475	4.23278	-0.129054	-0.494965	0.644131	5.52058	-0.628448	0.920144	1.52381	4.91481	1.40253	-0.0680926	2.41361	5.49648	0.224416	-0.514525	3.21645	6.00656	1.40681	-2.36393	4.0986	5.49394	-0.79542	-1.95897	5.04178	5.90298	1.00184	-0.0393735	5.97836	5.46696	0.0980811	0.733552	6.79952	4.92032	-0.951804	-1.34879	7.7571	5.453	-0.534515	0.752204	9.46692	5.49042	1.97567	-0.337639	0.504976	6.51497	0.458099	0.569525	1.44906	5.98904	0.102417	0.653733	2.32806	6.50322	1.40588	0.826926	3.34262	6.9949	-0.798151	0.52078	4.22807	6.43029	-0.346454	-1.00808	5.02774	7.01704	-0.521231	0.0286954	5.89309	6.51992	1.58924	0.633805	6.86735	5.9416	-1.85969	-0.942392	7.71328	6.54299	-0.782112	-0.0887879	8.58441	5.96528	-0.127211	-1.12136	0.560474	7.52808	-2.11983	1.30776	1.50114	7.03036	0.410625	0.100177	2.4204	7.4685	-1.18192	0.42336	3.27604	8.00135	1.32278	-2.4793	4.17536	7.51491	-2.25645	1.26952	5.01867	8.05794	-0.769798	0.112246	5.95146	7.51565	0.0807897	-1.76734	6.7921	7.01476	-0.608675	-0.842725	8.51204	7.03027	-0.176662	0.253744	9.5	6.45569	8.88974e-05	-1.88016	0.578801	8.5743	-1.46602	-0.111865	1.56151	8.04876	0.711781	0.793331	2.49525	8.49229	1.08628	-1.70181	4.13715	8.56865	1.75098	-2.28249	5.49085	9.4296	-1.89891	0.886979	5.94169	8.48957	-1.85525	0.51725	6.7703	8.04001	0.346369	-1.64209	7.68899	7.53384	0.235616	0.220613	8.49383	8.10066	1.63694	-1.39524	9.49274	7.50744	-0.912206	0.309989	0.575492	9.49822	-1.46938	0.187348	1.62446	8.99647	0.845077	-2.19198	2.54405	9.5	0.490746	0.000287614	3.5087	9.35935	0.778313	-0.623066	4.51102	9.49387	0.629409	-0.307972	6.67085	9.46168	1.68532	-0.570105	7.48469	8.65086	0.172144	-1.28554	8.27991	9.25422	0.923391	1.74131	9.48543	9.4997	0.397605	0.122094	9.47515	8.50889	1.22201	-0.138338	-48.9164
3.65005	0.505534	0.541243	-0.654806	2.00729	1.45129	0.510828	-1.00652	-0.388136	2.48423	0.519228	1.18897	-0.688793	3.44739	0.602159	0.944201	-0.776274	4.46683	0.604887	1.73027	-0.487698	5.44066	0.520207	-0.0926828	0.645351	6.45936	0.545597	-0.440245	0.590332	7.43215	0.503609	0.637755	1.22137	8.45843	0.532204	-1.24983	-2.17139	9.4958	0.512042	-0.995877	0.576619	0.53362	1.46382	-1.25645	0.705546	2.18197	1.37327	1.1022	1.1324	3.10114	1.67719	1.07582	0.297892	4.14641	1.4368	-1.04814	-0.576186	5.08329	1.64965	-0.394047	0.0185102	6.06852	1.66927	0.545023	-0.583377	7.02706	1.43321	0.420619	0.330261	8.17525	1.56002	-0.181018	-1.13179	8.5385	2.61775	1.29772	-0.585661	9.09743	1.37646	1.45855	-0.290099	0.531139	2.4967	0.937267	0.54775	1.35187	1.8789	0.99876	-1.84297	2.28108	2.35884	-0.0772267	0.133933	3.28319	2.65572	-1.87901	-0.560233	4.4979	2.42299	0.874789	1.34787	5.4214	2.66603	-0.606867	-0.0884241	6.47582	2.59096	-0.55317	-0.175369	7.52911	2.22438	-0.900792	-1.17025	7.43227	3.21915	0.697575	0.616859	9.48908	2.23775	-0.343281	-1.18807	0.530754	3.52458	0.20386	-0.335799	1.39963	2.88795	-1.87758	-0.0646972	2.51496	3.30514	-1.43138	2.84175	3.30468	3.87728	-0.923293	-0.791602	4.13315	3.29805	0.724372	0.077641	4.98045	3.75107	-0.8699	0.257189	5.96955	3.44981	0.499607	0.672935	6.74921	3.99717	-1.29316	0.317653	8.47826	3.75968	0.94391	0.643383	9.46831	3.20606	-0.126702	-0.208434	0.584543	4.47104	-0.139928	-1.08767	1.47558	3.91835	1.95065	0.563659	2.3876	4.44315	0.757196	-0.487123	3.28456	4.88927	-0.43584	0.956041	4.25715	4.3722	0.229029	-1.07907	4.96817	4.95913	0.258088	0.460316	5.84935	4.38292	-0.820576	-0.375175	7.71205	4.3382	0.743259	-0.951925	8.61942	4.95184	-0.901707	-0.0571178	9.4696	4.2413	-0.0839065	0.647183	0.559033	5.53775	-2.17961	-0.203198	1.55179	4.94904	-0.806569	1.33556	2.39123	5.44719	-0.557502	-0.792418	3.30592	5.91151	1.39213	-1.25135	4.09227	5.35727	1.17023	-2.44889	5.10065	5.94675	0.685433	1.78517	5.9426	5.48589	-1.43361	-0.609648	6.77308	4.8959	-0.0828466	1.88629	7.69757	5.46406	-1.64369	-0.379742	9.4414	5.41266	-0.667238	-2.27791	0.520716	6.55542	0.185121	1.0195	1.49777	6.0333	1.24439	0.689505	2.41854	6.50604	1.84092	-0.697944	3.27831	6.9609	-1.44611	-1.97848	4.1756	6.42722	-1.36914	0.349838	5.01432	7.01541	-0.176829	-0.254643	5.95946	6.49033	0.611773	-1.77344	6.7941	5.92616	-0.698611	0.234987	7.64888	6.49104	-0.920297	-1.47674	8.59067	5.9468	0.0816297	0.561571	0.545791	7.58384	2.12948	0.15757	1.47538	7.03489	-1.20629	-0.0848586	2.37704	7.50354	-0.293367	0.448088	3.32543	7.93509	-0.989167	0.811787	4.14791	7.52385	2.27033	-2.02469	5.02097	8.05141	1.17327	-0.7891	5.89984	7.46322	-1.68132	0.137543	6.80398	6.95577	0.93183	-1.12684	8.58144	7.03739	1.85096	-0.321202	9.5	6.42452	8.88547e-05	0.37102	0.50926	8.50784	-1.30387	-1.2425	1.55408	8.01359	-1.17342	-1.48125	2.52116	8.46076	0.274212	0.55127	4.1923	8.49325	-0.0412743	0.165586	5.46278	9.4812	0.937331	1.2971	5.84998	8.55833	-1.16191	1.71279	6.78043	7.94934	-0.480772	-1.29962	7.66555	7.56938	-0.369522	0.694056	8.58811	8.0597	1.67021	-0.303992	9.45481	7.49995	-0.311153	-0.588972	0.504743	9.4971	-1.35489	-0.0303192	1.63984	8.99676	-0.234737	1.76047	2.53997	9.5	-0.427174	0.000288199	3.54747	9.32547	0.480923	-0.81435	4.50572	9.49801	-0.948817	-0.412437	6.75197	9.4278	1.54943	-0.771764	7.53448	8.6235	1.59932	0.0353083	8.34293	9.34769	1.46043	1.89437	9.49775	9.49947	-0.30563	0.0390627	9.46546	8.50392	-0.880504	0.0556424	-37.0152
3.70005	0.508871	0.53884	0.364867	-1.31294	1.47499	0.507883	1.81297	0.411356	2.5346	0.528552	0.828686	-0.363175	3.52612	0.565588	2.03468	-0.73911	4.53532	0.505727	0.216126	2.72368	5.4818	0.554422	1.66408	0.775536	6.42766	0.570749	-0.235589	0.332474	7.47447	0.538635	0.458965	-0.0366564	8.42196	0.569429	0.438744	1.2864	9.49546	0.511633	1.08037	-0.476583	0.543183	1.54158	-0.0384808	1.25304	2.22748	1.41839	1.53558	-0.0161344	3.17013	1.66828	0.420221	-0.410385	4.04694	1.48438	-0.878932	1.06305	5.09053	1.61548	0.178215	-1.253	6.07898	1.62708	-0.154677	-1.00592	7.02923	1.39403	-0.0395488	-1.18198	8.15364	1.47366	-0.951561	-1.38309	8.5766	2.5967	0.0728412	-0.241322	9.14975	1.35403	0.0827043	-0.194358	0.511114	2.48937	1.87444	-0.554763	1.41461	1.84104	0.92681	0.752269	2.27518	2.38762	-0.183064	1.36299	3.22569	2.66461	-0.408709	1.08993	4.47122	2.43431	-1.63421	-0.855687	5.43006	2.64166	0.679253	-1.05355	6.48283	2.57718	0.763668	-0.426733	7.48733	2.278	-0.503511	2.24504	7.47742	3.26359	1.18347	1.13357	9.48832	2.22246	-0.00293893	0.843635	0.521332	3.46787	-0.514579	-1.20256	1.38976	2.92583	1.19415	1.21197	2.38914	3.4383	-3.15908	1.6074	3.28999	3.85593	0.0521885	-0.15477	4.10342	3.32701	-1.45129	0.722664	5.0287	3.74579	2.00265	-0.347601	5.96291	3.42714	-0.56449	-0.888013	6.7627	3.96804	1.37111	-0.289849	8.56456	3.75645	2.10298	-0.561856	9.46383	3.22571	0.0253385	0.833866	0.572313	4.4787	-0.357659	0.83711	1.56828	3.93924	1.00602	0.378357	2.42116	4.39029	0.350937	-0.796047	3.23836	4.8978	-0.624279	-0.446618	4.1766	4.30187	-2.35636	-1.0994	5.06635	4.97639	1.62531	0.0423249	5.79029	4.43218	-0.319415	0.903292	7.71127	4.32477	-0.654654	0.120878	8.52535	4.89382	-2.13495	-1.63945	9.46873	4.28559	0.0977217	0.997713	0.549729	5.51874	2.12935	-0.362218	1.45854	5.01326	-2.38492	1.03634	2.38576	5.43876	0.117621	0.0646805	3.33015	5.8749	-0.269304	-0.394704	4.17596	5.31053	1.40701	0.394686	5.0659	6.04092	-1.92881	0.852154	5.87349	5.40429	-0.715355	-1.54145	6.78014	5.0181	-0.0529296	0.934174	7.63791	5.41717	-0.151537	-1.28181	9.48177	5.31287	1.5951	-1.6379	0.516076	6.5838	-0.567795	-0.513621	1.54056	6.03744	0.244216	-0.607659	2.43887	6.42788	-1.01724	-2.08037	3.27304	6.90106	1.15797	0.117331	4.13062	6.4393	-0.16203	-0.157347	5.03787	6.96077	1.59511	-1.67495	5.95483	6.42529	-0.564493	-0.346694	6.78684	5.94907	0.182316	0.949647	7.67436	6.42072	1.7346	-1.05873	8.58037	5.99192	-0.307225	0.608865	0.630441	7.52239	0.527817	-1.32888	1.42644	7.00416	-0.0592118	-1.11069	2.38445	7.49026	0.28213	-0.70216	3.29841	7.97873	0.354256	0.472555	4.22742	7.41674	-0.294427	-1.02305	5.0725	8.00554	-0.0246744	-0.392412	5.85052	7.4877	0.366638	0.229722	6.83131	6.93841	0.0694459	0.489213	8.62735	6.99031	-0.112431	-1.21533	9.5	6.44902	8.88492e-05	0.302996	0.552967	8.5183	1.14386	0.8973	1.47318	8.00108	-1.3419	1.11356	2.49434	8.54249	-1.36407	1.98659	4.16571	8.52999	-0.462451	0.517205	5.52802	9.48012	1.02303	0.995636	5.85747	8.62057	1.62167	-0.106308	6.72179	7.94198	-1.34945	0.940675	7.69098	7.57877	1.0563	-0.258449	8.60996	8.05174	-0.725972	-0.152115	9.49849	7.47202	1.97	-0.287709	0.565215	9.49886	1.44448	-0.314922	1.59591	9.0966	-1.54593	1.97742	2.52227	9.5	-0.217988	0.000289172	3.51595	9.27987	-1.76077	-0.876135	4.48322	9.49944	0.316804	-0.544954	6.82474	9.38587	1.34676	-0.892763	7.62307	8.63794	1.85871	0.44826	8.41851	9.43944	1.48333	1.7563	9.48293	9.49959	-0.23155	0.0770956	9.46937	8.52152	1.04831	0.461348	-41.3075
3.75005	0.50426	0.535021	0.477251	1.14761	1.58431	0.533938	2.06199	0.616415	2.59126	0.525428	1.72247	0.091883	3.6019	0.526239	0.522812	-0.868587	4.54423	0.634302	0.898084	2.13955	5.52067	0.595321	-0.0642225	0.763035	6.48793	0.565151	2.22427	-0.668972	7.48019	0.514423	0.29298	1.47388	8.50972	0.549129	2.15316	-1.52085	9.49203	0.504998	0.936046	1.0661	0.525608	1.50738	1.66464	-1.97265	2.26635	1.39468	-1.53403	-0.448438	3.13426	1.67987	0.469132	1.06825	4.11774	1.4934	1.64017	-0.741458	5.07975	1.54092	-0.372153	-1.52647	6.06406	1.57955	-0.300084	-0.841599	7.04518	1.38758	0.674203	1.03353	8.06488	1.48485	-2.21474	1.1857	8.53983	2.59595	-1.45965	0.205989	9.10522	1.39855	-1.61121	1.76502	0.572926	2.48591	0.732964	0.149262	1.43801	1.92409	-0.0735685	1.95221	2.27571	2.45983	0.545617	0.673222	3.23695	2.74545	0.645952	1.82973	4.38475	2.389	-1.41049	-0.343905	5.44339	2.54277	-0.0816903	-2.58242	6.52979	2.54859	0.75532	-0.675828	7.48556	2.35679	0.572289	0.697042	7.56345	3.33309	2.31729	1.47218	9.48776	2.29034	0.219063	1.53535	0.513818	3.45262	0.670418	0.696712	1.45753	2.98546	0.615715	1.04644	2.30444	3.40351	-0.0299731	-1.52344	3.229	3.8397	-2.40201	-0.644646	4.06324	3.31023	0.0474943	-1.06534	5.07318	3.7342	-0.527823	-0.0282023	5.98634	3.4018	1.51815	-0.645985	6.79997	3.96783	-0.379683	-0.177617	8.63663	3.72814	0.360887	-0.376886	9.48944	3.27607	1.27459	1.04277	0.536288	4.50404	-1.2343	0.0209707	1.48707	4.0029	-3.55785	2.05291	2.41497	4.4181	-0.960569	1.144	3.26753	4.87113	1.70178	-0.394156	4.10716	4.31394	-0.253453	1.36704	5.009	4.94685	-1.28139	-1.90621	5.88274	4.38405	2.76203	-1.50283	7.66759	4.32437	-0.710182	-0.0107681	8.4836	4.82467	0.905472	-1.15926	9.48419	4.31429	0.57097	-0.145342	0.60709	5.53175	-0.581621	0.931587	1.39375	5.01872	0.52364	-1.34735	2.37876	5.40259	-0.440623	-1.45172	3.29843	5.86895	-0.893254	0.23058	4.18307	5.37171	-1.82835	1.90712	4.96955	5.9396	-0.926609	-3.60341	5.91823	5.43422	1.15953	1.86905	6.75632	4.95657	-0.282109	-2.38633	7.68225	5.36954	1.11232	-0.406853	9.43776	5.2733	-1.54515	0.403039	0.524559	6.49259	0.633468	-2.30257	1.50114	5.97533	-1.52265	-1.43639	2.40464	6.38605	-0.151181	0.582374	3.30783	6.9453	-0.072966	1.18115	4.1488	6.40388	0.326097	-0.709314	5.11087	6.95655	0.362159	0.888078	5.91664	6.43759	-0.670402	0.429956	6.81337	6.00389	0.881113	0.612851	7.74658	6.41196	0.578768	0.687777	8.59746	5.95131	1.20345	-2.3245	0.581509	7.51235	-1.84825	0.387088	1.48155	6.95859	1.65153	-0.335156	2.39231	7.45488	0.0539752	-0.574315	3.32095	7.9942	0.143777	0.302699	4.17127	7.42692	-1.15149	0.99924	5.02199	8.02257	-1.19179	0.713863	5.92061	7.47319	1.78585	-0.421072	6.83322	6.99626	0.14033	1.69051	8.58383	6.95752	-1.34579	-0.0530264	9.5	6.44097	8.86307e-05	-0.548242	0.592203	8.54017	0.182445	-0.121725	1.45872	8.08647	0.722337	1.75987	2.41088	8.56139	-1.84988	-1.51762	4.16416	8.53013	0.28275	-0.248581	5.56102	9.4613	0.43887	-0.347472	5.96926	8.56396	1.87865	-1.31384	6.71248	8.02853	1.84533	2.02775	7.72873	7.54842	0.1394	-0.934821	8.5653	8.05552	-0.722075	0.410297	9.43915	7.48064	-0.503386	0.54655	0.623874	9.49891	0.361289	0.374898	1.50818	9.18589	-1.27176	1.4286	2.50054	9.5	-0.999034	0.000286975	3.42155	9.24129	-1.39258	-0.827265	4.51347	9.49518	0.671208	0.303754	6.88501	9.33967	1.0483	-0.948378	7.71647	8.6627	1.81765	0.524478	8.47881	9.4768	0.78697	-1.67005	9.48453	9.49968	0.43958	0.0967393	9.4649	8.51921	-1.15938	-0.58121	-72.8128
3.80005	0.523059	0.502539	0.275307	-2.59366	1.6557	0.557682	0.656548	0.0295624	2.68452	0.523487	1.14268	1.11718	3.61764	0.521273	0.996108	0.897188	4.61117	0.639955	1.03632	-2.06977	5.5574	0.611236	2.06115	-0.300848	6.56871	0.511314	0.862734	-1.31335	7.55011	0.55105	2.36458	0.266512	8.55486	0.535686	-0.682618	1.66952	9.49217	0.531154	-0.974308	0.257373	0.590315	1.45857	0.973523	0.27854	2.14883	1.39186	-1.89129	0.100332	3.1888	1.75196	0.657756	1.62771	4.09035	1.4545	-2.04662	-0.609824	5.09185	1.49914	0.451816	0.00820047	6.06268	1.54214	0.3569	-0.681032	7.0503	1.4809	-0.930878	2.15474	7.99992	1.53394	0.210063	0.451453	8.46204	2.61431	-1.104	0.54532	9.00854	1.48572	-2.0865	1.54045	0.570234	2.48387	-1.16445	-0.019137	1.41554	2.01625	-0.673511	1.69173	2.3354	2.40242	1.58033	-2.169	3.25815	2.81381	0.0866244	0.691509	4.34846	2.39372	-0.0859229	-0.0454786	5.43785	2.41954	-0.0305929	-2.03398	6.54602	2.50099	0.091216	-1.44045	7.53196	2.37828	0.686427	0.637628	7.69343	3.37617	2.4785	0.0495127	9.48401	2.35565	-0.231886	0.899262	0.52671	3.51193	-0.546678	1.06648	1.41884	3.02472	-1.30072	0.675921	2.3351	3.4102	-0.250385	0.602379	3.14797	3.8152	0.358552	0.396454	4.09707	3.31584	1.12897	1.69471	5.02156	3.73761	-1.05056	0.0829053	6.03554	3.32476	-0.306469	-2.28949	6.79389	3.89265	1.20241	-2.77795	8.59016	3.72842	-1.88855	0.442139	9.47477	3.32	0.322255	0.601444	0.53018	4.50771	0.126921	0.650397	1.32277	4.0413	-1.9254	-1.7758	2.33022	4.42451	-2.06695	-1.1413	3.31939	4.85845	-0.751782	-0.356857	4.13831	4.3624	1.22922	0.0426015	4.98996	4.79246	0.372846	-3.57458	5.94793	4.35632	-0.711678	0.290101	7.66702	4.35822	0.5318	1.35748	8.58409	4.76373	2.34602	-1.27889	9.48217	4.29384	-0.40159	-0.178754	0.514772	5.49746	-2.61971	-2.37676	1.45884	4.95233	1.50949	0.123106	2.35458	5.37783	-0.301293	0.986993	3.22825	5.90639	-2.00568	1.30226	4.06066	5.43472	-1.47972	0.516984	5.00925	5.80015	1.63909	-1.81852	5.94998	5.50096	0.481088	0.209073	6.78067	4.88062	1.20146	-0.205393	7.71649	5.37571	0.412017	0.488945	9.40126	5.32489	1.18338	0.779381	0.543404	6.47081	0.168082	1.46923	1.44476	5.93668	-0.653151	-0.148343	2.39949	6.43481	-0.280875	0.957316	3.27407	6.983	-0.909831	0.254678	4.15195	6.4167	0.100965	1.18242	5.05338	7.00377	-2.01445	0.882848	5.90963	6.46276	0.225501	0.926391	6.86	6.00404	0.755085	-0.462944	7.73709	6.44909	-0.704796	0.479286	8.64284	5.8265	-0.521757	-1.60942	0.515084	7.5204	1.9418	-0.206192	1.54071	6.96671	0.337401	0.492863	2.39617	7.4494	0.138743	0.488823	3.29115	8.02408	-1.26091	0.944493	4.14991	7.48483	0.158028	1.14481	5.01104	8.05191	0.950359	0.395111	5.99407	7.48342	0.755416	1.02259	6.85464	7.06651	0.674929	0.582135	8.55078	6.9709	0.429266	0.477114	9.5	6.41051	8.8627e-05	-0.543519	0.564413	8.5157	-1.11028	-0.686617	1.4983	8.13751	-0.360353	-0.0889632	2.34932	8.45985	0.397495	-1.51169	4.16844	8.53574	-0.267924	0.538096	5.58371	9.46868	0.507085	0.585917	5.97985	8.54165	-0.5621	-0.156011	6.92553	8.10257	5.21646	1.50003	7.70648	7.50329	-0.471054	-0.605722	8.54358	8.07755	-0.2169	0.145122	9.43881	7.50017	0.396742	-0.0204544	0.55123	9.49901	-2.72991	0.330774	1.5164	9.22219	0.650796	0.112393	2.42327	9.5	-1.42341	0.000288183	3.39202	9.18988	-0.135103	-1.11637	4.53998	9.49058	0.374178	-0.051142	6.92801	9.29159	0.648016	-0.959777	7.78829	8.69214	0.805912	0.682051	8.49619	9.39222	-0.00122076	-1.59837	9.48343	9.4998	-0.24047	0.11625	9.43121	8.49144	-0.0597984	-0.185843	-64.7047
3.85005	0.531394	0.54913	0.0426175	-0.572245	1.64395	0.51274	-0.979578	-1.68579	2.68955	0.568131	-0.408349	0.675385	3.6919	0.536511	0.9782	-0.779676	4.65446	0.503256	1.30171	3.25155	5.6758	0.573292	1.68526	-1.12485	6.62139	0.552304	1.7815	1.1634	7.61335	0.557488	-1.06045	-0.0702026	8.52432	0.610701	0.985233	1.30135	9.4886	0.540831	-0.606191	0.158981	0.619066	1.51213	0.0936262	1.62387	2.10346	1.39852	-0.251653	-0.124708	3.16418	1.83271	-0.59165	0.902227	4.04277	1.41052	0.340576	-0.65344	5.06562	1.48033	-1.44851	-1.15958	6.07069	1.50779	-0.679343	-0.750586	7.00958	1.56233	0.267276	0.731894	8.02252	1.52975	-0.584227	-0.296918	8.48099	2.6495	1.70137	0.715161	8.94809	1.54926	0.433007	1.0143	0.539245	2.50089	1.93407	0.714768	1.39729	2.08916	0.283182	0.928539	2.39611	2.32429	0.0347001	-0.155403	3.26718	2.83309	0.435147	0.466622	4.3587	2.38444	0.3442	-0.152065	5.45122	2.37473	0.490551	0.136448	6.54489	2.40827	-0.496872	-1.68273	7.51447	2.41732	-0.90765	0.463795	7.72667	3.33647	-0.838611	-1.19317	9.49549	2.36848	0.716851	-0.331733	0.517719	3.51157	-0.898367	-0.891867	1.36955	3.02604	-0.592277	-1.2063	2.2728	3.39167	-1.0766	-1.22463	3.24211	3.87354	2.12412	1.06472	4.12975	3.40282	-0.257406	0.502285	5.01927	3.72225	1.39022	-0.96808	5.95897	3.22394	-2.16551	-1.37542	6.87456	3.75005	1.15779	-2.56166	8.57171	3.77795	1.35184	1.22749	9.4882	3.34057	-0.793967	0.195757	0.530763	4.52023	1.18238	-1.38202	1.36209	3.95119	2.82777	0.0241983	2.248	4.35824	-0.777678	-0.963457	3.20644	4.83471	-2.93981	0.0067153	4.14511	4.34035	-0.989796	0.117568	5.05611	4.68363	1.15376	-0.0285504	5.90799	4.36316	0.588797	-0.519473	7.70807	4.41686	1.037	0.515365	8.66144	4.73566	0.408607	0.781923	9.49104	4.30642	-1.07957	0.494931	0.602684	5.44388	1.71978	1.20957	1.49323	4.97543	-0.28527	0.178585	2.35553	5.45163	0.0576435	1.35685	3.16473	5.9712	0.230566	1.04063	4.0597	5.44752	0.71892	-0.0436391	5.05887	5.74492	0.240126	-0.477738	5.99828	5.45587	1.3272	-1.61885	6.84041	4.89757	0.858773	0.453232	7.72209	5.40599	-0.518693	0.544893	9.44951	5.34035	-3.26994	0.280626	0.542734	6.54375	-0.260715	0.781676	1.42567	5.96533	0.0321876	1.41806	2.3466	6.47973	-1.91348	0.975755	3.25354	6.98458	0.147071	0.022004	4.15945	6.48663	-0.00722133	1.20435	4.97751	7.03045	-0.497485	0.174268	5.92314	6.52611	0.239931	1.26768	6.86602	5.96494	-0.528865	-0.952117	7.71679	6.46397	0.145238	0.190484	8.56698	5.8108	-1.10273	0.699096	0.611656	7.49843	1.73203	-0.310421	1.50434	7.00254	-1.57543	0.959095	2.39431	7.48903	-0.390199	0.809083	3.24861	8.06855	0.472415	0.405302	4.1465	7.54541	-0.553563	1.38289	5.08812	8.07204	1.58884	0.454772	5.99191	7.56082	-0.507921	1.59719	6.86298	7.04263	-0.420622	-1.12689	8.61153	6.98662	1.68394	-0.0941528	9.5	6.39022	8.88539e-05	-0.289905	0.510075	8.49218	1.71802	-0.165549	1.42135	8.08956	-1.57565	-1.3232	2.41362	8.46461	0.439557	1.88003	4.1599	8.56137	0.247763	0.280674	5.61339	9.48628	0.677686	-0.92173	5.96828	8.53689	0.313565	0.327119	7.09173	8.19521	0.322835	1.31956	7.75538	7.47796	2.02434	-0.583836	8.54652	8.05924	0.481204	-0.631274	9.47879	7.47689	1.28018	-0.690767	0.586255	9.49838	2.1435	0.266243	1.48125	9.19492	-1.35861	-1.23912	2.42284	9.5	1.04025	0.000288218	3.37559	9.14661	-0.651392	-0.484005	4.55303	9.49689	0.18285	-0.40258	6.94358	9.24941	-0.136656	-0.605937	7.80957	8.73772	0.898598	1.44775	8.50821	9.34291	0.972402	-0.0265809	9.49683	9.4998	-0.814714	0.121235	9.45833	8.50579	0.995341	0.498739	-38.6206
3.90005	0.528628	0.508672	-0.195491	1.37291	1.573	0.557528	-1.83041	0.788877	2.67438	0.583236	-0.108632	-0.226341	3.69223	0.538628	-0.643627	0.919386	4.72381	0.601882	0.589255	-0.719798	5.70896	0.506249	0.0128971	1.97855	6.67251	0.605219	-1.2013	0.913024	7.58351	0.540088	1.70611	-0.708622	8.56756	0.661704	-0.291811	0.72045	9.48671	0.543415	-0.116615	-0.124535	0.591342	1.55265	-1.12802	-0.230176	2.10998	1.3757	0.90894	-0.541381	3.18836	1.81073	0.579683	-1.04098	4.07184	1.41427	0.304498	0.69086	5.01756	1.4576	0.517308	1.7644	6.00741	1.46628	-1.2915	-0.866157	7.04597	1.52444	-0.0992664	-1.85216	7.97711	1.51627	0.0972658	-0.295337	8.57638	2.6815	1.62138	0.624594	9.00744	1.56624	1.02109	-0.746464	0.517254	2.52932	-2.29587	-0.106061	1.45549	2.04047	0.70345	-2.2524	2.33228	2.39569	-1.15048	1.72539	3.2876	2.86109	0.0101221	0.244088	4.3785	2.38159	0.462261	-0.0336415	5.44746	2.35894	-0.863612	-1.07676	6.47378	2.3781	-1.88149	0.161611	7.48913	2.39558	-0.117677	-0.935577	7.75653	3.3194	1.97479	0.539473	9.49417	2.35677	-0.706907	0.245072	0.531873	3.48118	0.0365356	-0.0154258	1.37958	3.0036	0.87006	0.234731	2.27923	3.31984	1.45884	-0.617076	3.28172	3.88384	-0.713088	-0.348843	4.12148	3.35136	0.632459	-1.52208	5.10452	3.66647	0.74158	-0.487822	5.89525	3.21056	0.539412	0.501985	6.84039	3.66589	-2.13235	-0.993266	8.62931	3.80842	0.556515	0.270015	9.47524	3.32961	0.472127	-0.55508	0.560251	4.44205	0.0189635	-0.861886	1.4493	3.97354	0.196853	0.147469	2.31406	4.36212	2.97424	0.769839	3.08005	4.88653	-1.27014	1.86823	4.10561	4.4178	-0.353709	2.31126	5.0554	4.75481	-0.269084	1.85267	6.02452	4.29546	2.88491	-1.78953	7.74977	4.3907	0.218954	-1.55169	8.59216	4.83222	-2.57122	2.40388	9.4846	4.33489	-0.807225	0.857893	0.618876	5.53431	-1.01307	1.60635	1.46234	4.97868	-0.677953	0.133921	2.33481	5.50048	-0.935996	0.908118	3.23041	6.00949	1.75259	0.385225	4.09452	5.43049	0.55235	-0.512596	5.05983	5.75221	0.0351289	0.918397	6.02544	5.36903	-0.692932	-1.70336	6.8672	4.88857	0.357893	-1.0898	7.67442	5.42296	-0.682547	0.252025	9.37533	5.37546	0.646995	1.09067	0.507277	6.52396	-1.17379	-1.14609	1.45303	6.05738	0.542147	1.6188	2.26845	6.52676	-0.333431	1.00644	3.26463	7.00496	-0.00013049	0.912388	4.14415	6.51464	-0.354765	-0.0261743	5.00944	7.03789	1.38381	0.222216	5.92629	6.56726	-0.186514	0.221369	6.8284	5.94068	-0.846352	0.208263	7.7397	6.46348	0.445581	-0.184083	8.55034	5.90055	0.0202284	2.59815	0.614357	7.51064	-2.30187	0.73394	1.43581	7.04717	-0.663507	0.562908	2.36101	7.53727	-0.756157	1.2683	3.30227	8.07012	0.45889	0.176997	4.12278	7.59622	0.259708	0.100713	5.12421	8.09897	-0.182942	0.721788	5.97871	7.59718	0.18004	-0.135657	6.83774	6.99257	-0.332677	-0.68667	8.68538	6.94386	0.544418	-1.68914	9.5	6.37804	8.92649e-05	-0.214614	0.548979	8.50948	-0.156946	0.771218	1.43143	8.04423	2.10643	-0.227573	2.37617	8.58396	-1.24169	1.47444	4.2	8.57239	1.22632	0.40367	5.64254	9.47072	0.350205	0.543483	6.03032	8.59028	2.09709	1.39488	7.00534	8.19776	-2.60849	-0.765966	7.8153	7.45757	0.150089	-0.0948087	8.60579	8.04579	1.68352	0.163339	9.47026	7.45779	0.238723	0.249543	0.594066	9.49762	-1.37934	-0.0457931	1.49639	9.08761	1.56547	-2.74417	2.46154	9.5	0.160793	0.000289496	3.34921	9.13495	0.0289716	-0.186293	4.56367	9.49843	0.288561	0.529414	6.911	9.24013	-1.05893	0.220597	7.85369	8.79515	0.268839	0.40144	8.5938	9.40613	1.32552	2.19227	9.49207	9.49965	-0.687681	-0.0298836	9.48211	8.51464	-1.12657	-0.219456	-44.2688
3.95005	0.502494	0.552835	1.12412	0.00689367	1.48262	0.574904	-1.40674	0.14692	2.67738	0.524419	0.0678013	-2.30029	3.65289	0.536653	-0.590974	-0.67659	4.70289	0.502785	-1.38211	2.52903	5.65998	0.547695	-2.10489	-0.493711	6.60681	0.600398	-0.636904	-1.63544	7.64825	0.516308	-0.825162	1.15866	8.54357	0.671407	0.550393	-0.552182	9.4846	0.525299	0.323214	-0.629682	0.512574	1.50767	-2.08375	-1.14178	2.20644	1.35508	2.3241	0.0532137	3.16682	1.76847	-1.36011	-0.642032	4.08745	1.44895	0.257942	0.193945	5.03593	1.52867	-0.743535	-0.763654	5.99791	1.45529	1.03479	0.669822	6.99968	1.45349	-0.704772	-0.321051	8.03939	1.50995	1.47671	0.293579	8.60486	2.71783	-0.537169	0.776521	9.04631	1.49165	0.988983	-1.62663	0.579058	2.49392	1.02048	-1.00989	1.40459	1.94356	-1.79512	-1.75773	2.32333	2.39551	0.297979	-1.05407	3.2633	2.83695	-0.601341	-1.0759	4.40337	2.37262	0.441625	-0.262539	5.41239	2.37202	0.0576721	2.71677	6.4127	2.37744	-0.165099	-0.57716	7.4877	2.36805	-0.0413393	-0.144094	7.83022	3.34123	0.393583	-0.412623	9.49639	2.35909	0.866336	-0.662957	0.506908	3.48713	1.18303	-0.00672296	1.43084	2.98497	1.44687	-0.739441	2.39162	3.40711	2.24769	2.62803	3.23064	3.86857	-0.40455	-0.123301	4.17908	3.31869	0.955105	0.25658	5.06876	3.69821	-1.05608	1.40414	5.96743	3.21913	0.339514	-0.0752982	6.80425	3.60288	2.25878	-1.67476	8.64737	3.83565	0.51521	1.09149	9.4782	3.32616	-0.604703	0.652422	0.532082	4.46966	-1.06643	1.75729	1.45181	3.98109	0.0505204	0.177015	2.39029	4.36449	0.228897	0.246683	3.15571	5.02898	3.20951	3.19887	4.08674	4.48693	-0.513603	-0.146549	5.0615	4.82184	0.351762	0.787025	6.10063	4.23196	-0.576712	-0.295776	7.71544	4.28474	-1.20166	-1.981	8.48954	4.96214	-1.07685	2.33308	9.47736	4.3947	0.394461	1.40723	0.536079	5.54807	-2.09865	-1.27788	1.43205	4.99535	-0.564608	0.513387	2.27366	5.55769	-1.03952	1.1258	3.293	6.00959	0.472123	-0.0785916	4.11802	5.43591	0.599334	1.14633	5.06777	5.84892	0.22686	2.81677	5.9511	5.29058	-1.7065	-1.38314	6.8814	4.81108	0.25677	-1.45735	7.67063	5.43903	-0.0887073	0.530279	9.45865	5.41124	2.16127	0.0903195	0.535438	6.50985	0.235501	1.03885	1.43796	6.08051	-0.761317	-0.434083	2.34116	6.59044	2.45767	1.26828	3.24643	7.06634	-0.494752	1.32329	4.15344	6.50343	0.836354	-0.220068	5.07508	7.05409	0.995564	0.447613	5.90987	6.53696	-0.270787	-1.40805	6.7782	5.96582	-1.14746	0.402569	7.72033	6.46265	-1.30698	0.207142	8.57305	5.97805	0.832382	-0.631408	0.551485	7.55176	3.41972	0.679542	1.41032	7.07473	-0.443603	0.544233	2.34919	7.59455	0.736674	0.227489	3.27573	8.10102	-0.861631	0.799791	4.1824	7.55606	1.60661	-1.19458	5.11008	8.14119	0.126129	0.783392	6.00201	7.58131	0.544828	-0.264453	6.84194	6.98332	0.406084	0.346419	8.65932	6.89672	-1.16118	1.11076	9.5	6.38191	8.83638e-05	0.633147	0.526073	8.53866	-0.564807	0.175812	1.52564	8.04816	0.440622	0.0511502	2.3655	8.53129	1.44872	-2.36676	4.25255	8.59177	0.48071	0.0739196	5.64406	9.47368	-0.300596	-0.737398	6.12033	8.64293	0.611033	0.650868	6.90349	8.12914	-0.775841	-2.16777	7.79237	7.47833	-0.88401	0.91001	8.64537	8.04555	-0.604281	-0.3627	9.47256	7.48479	-0.930378	0.430074	0.514913	9.49893	-1.62425	0.334887	1.52186	9.00106	-1.03115	-0.0276558	2.44462	9.5	-0.637624	0.000286918	3.38663	9.12413	1.17616	-0.0725356	4.58629	9.4957	0.644973	-0.390327	6.85973	9.2709	-0.649371	1.12891	7.84351	8.78716	-0.686272	-0.722255	8.52537	9.47399	-3.19495	-2.37664	9.49152	9.49969	-0.887184	0.0676046	9.47793	8.51138	1.24142	0.339623	-61.8309
4.00005	0.504987	0.518111	1.11697	1.98109	1.47615	0.587748	1.15047	0.431968	2.66834	0.554579	-0.149904	-0.313684	3.64313	0.510674	-0.254335	0.959966	4.58355	0.607498	-2.7812	1.20031	5.56287	0.502366	-1.47932	1.23873	6.5842	0.529661	-0.82562	2.87879	7.54007	0.557371	-2.17398	0.665505	8.56158	0.590733	-1.08054	-2.36765	9.49694	0.517492	1.36417	0.534563	0.543994	1.4567	-0.662756	-1.2261	2.26109	1.38682	-1.13799	1.21097	3.11991	1.74394	0.33641	-0.190648	4.04546	1.42576	-1.81386	-0.649502	5.03493	1.46606	0.992471	-0.815151	6.03427	1.48043	-0.0766639	-0.202265	7.01648	1.46786	1.28329	0.330166	8.09257	1.54608	0.831132	0.886297	8.57365	2.73221	0.0772727	-0.577863	9.12424	1.43025	1.80082	-1.01692	0.572433	2.46505	-1.01132	-0.0554218	1.38731	1.85647	1.71217	-1.30069	2.32645	2.35621	-0.256859	-0.213697	3.25496	2.77521	0.335494	-1.17045	4.41447	2.36693	-0.0894951	-0.0275654	5.39956	2.50682	-1.07698	1.42869	6.4622	2.34583	1.74622	0.017552	7.48199	2.36948	-0.189466	-0.0437627	7.82336	3.26706	0.408261	-1.75224	9.4986	2.31664	-0.847993	-0.526352	0.550634	3.48665	0.585221	0.0715168	1.52085	2.94599	1.73257	-0.789951	2.4191	3.43916	-0.723077	-0.74042	3.30805	3.89304	2.33959	0.738929	4.17204	3.34908	-0.992195	0.720519	5.05796	3.79864	0.424077	2.43002	5.94222	3.25398	0.0288959	1.91526	6.96314	3.52819	1.70812	-1.12022	8.65544	3.91934	-0.45958	1.92182	9.49272	3.36559	1.02077	0.690521	0.529332	4.55239	0.93877	0.539624	1.45064	3.98834	-0.0121614	0.105109	2.38063	4.47392	-0.287408	3.48635	3.28873	5.10667	1.72767	-0.359954	4.07244	4.43564	0.460256	-1.13074	5.04451	4.83375	-1.33753	-0.230283	6.01504	4.22766	-2.20409	0.0364844	7.6738	4.24129	-0.0527032	0.0285335	8.50172	4.9885	0.899283	-1.64001	9.48674	4.45149	-0.586866	0.550922	0.564908	5.48276	1.32576	-0.165039	1.41212	5.02024	0.210933	0.283649	2.27129	5.59109	0.951722	0.164946	3.28	6.07317	-0.661457	2.6973	4.18476	5.51329	2.08617	1.43174	5.07579	5.99737	-0.0301909	2.61856	5.90916	5.25387	0.266063	0.133815	6.87617	4.77376	-0.801015	-0.0221708	7.61475	5.48314	-1.6519	0.834155	9.43543	5.40863	-1.62305	0.279768	0.509881	6.5811	-1.1773	1.37334	1.39106	6.05258	-1.02504	-0.466731	2.43807	6.6007	1.02038	-1.52929	3.27051	7.12317	2.03899	0.779455	4.21383	6.50442	1.26646	0.398088	5.11525	7.07725	0.872137	0.356213	5.91083	6.45651	0.358779	-1.2406	6.72634	5.95811	-0.689546	-0.775697	7.65919	6.47225	-0.682562	0.168225	8.61064	5.92789	0.386954	0.16625	0.647182	7.58854	0.0273806	0.50614	1.45438	7.05177	2.33987	-1.53413	2.40131	7.52923	0.452701	-1.1177	3.29504	8.11997	2.04504	-0.170317	4.24389	7.51458	0.647907	-0.220469	5.15733	8.16797	1.5173	0.364326	6.01394	7.57124	-0.17768	-0.20689	6.85266	7.01856	-0.257224	0.728195	8.58304	7.00398	-1.70356	2.15084	9.5	6.44529	8.86339e-05	1.68322	0.507108	8.52952	0.669916	-0.240031	1.48451	8.05478	-0.869277	0.56547	2.4359	8.52147	0.351089	1.56284	4.23845	8.56636	-0.686411	-1.05867	5.6114	9.49091	-0.715144	1.24256	6.09974	8.63019	-0.748373	-1.0469	6.92245	8.00587	0.695183	-1.91951	7.73484	7.53504	-1.14726	1.01972	8.57631	8.03586	-1.67121	0.154411	9.47262	7.49271	0.800485	0.0186373	0.563524	9.49789	1.33662	0.0461682	1.44756	9.06263	-1.42627	1.89982	2.41018	9.5	-0.667399	0.000288659	3.43768	9.14737	0.669331	1.10653	4.62034	9.49214	0.46694	-0.0829983	6.85737	9.35487	0.312527	2.00918	7.74623	8.68591	-3.1527	-3.23572	8.3986	9.41285	-1.62867	-0.0945211	9.47485	9.49972	-0.0859058	-0.0561016	9.45221	8.52579	-1.00625	0.0387414	-67.9598
4.05005	0.522036	0.511165	-0.100744	2.22288	1.56873	0.613619	2.08023	0.437067	2.63155	0.513372	-1.8561	1.64656	3.56337	0.512355	-2.21154	-0.759692	4.52943	0.59973	0.32834	-1.2624	5.50338	0.547143	-0.910797	0.368071	6.49154	0.644294	-2.20294	1.27635	7.4899	0.575188	-0.301057	-0.132237	8.45671	0.535108	-2.23595	2.54018	9.49438	0.512176	-0.943635	0.97251	0.528017	1.47816	1.34493	1.61926	2.21192	1.3744	0.827055	-2.02705	3.13419	1.75213	-1.02084	0.508167	3.99621	1.43015	0.742763	0.407316	5.07311	1.46884	-0.148852	0.841808	6.02718	1.46118	0.228759	0.237899	7.09267	1.47809	1.30929	0.0393222	8.1423	1.58156	1.2718	0.46625	8.64182	2.64254	1.56559	-2.52694	9.18444	1.39266	0.47439	-0.204483	0.513477	2.46897	-1.23001	0.243322	1.41934	1.85256	-1.68865	1.55206	2.33454	2.37754	0.897733	0.615335	3.29334	2.73706	1.14315	-0.22576	4.37708	2.36068	-1.48614	-0.194638	5.343	2.52822	-0.65334	0.000594384	6.52623	2.38769	0.30686	1.37905	7.48702	2.35294	0.853246	-0.151972	7.89578	3.24751	1.53533	1.03029	9.49317	2.32165	-0.408725	0.379199	0.565691	3.49119	0.0318837	-0.0240267	1.54163	2.91634	-1.32531	-0.273665	2.39583	3.4154	0.0531791	0.0433018	3.31551	3.89858	-1.78823	-0.0558622	4.13926	3.36821	0.0232144	-0.0765613	5.05757	3.886	-0.806567	0.399921	5.97769	3.32867	0.6486	0.298144	6.91504	3.50052	-1.87977	-0.179469	8.61335	3.96933	-0.698999	-0.803665	9.46229	3.39203	-0.645606	0.337758	0.544684	4.50104	-0.163694	-1.62114	1.46517	3.98961	0.683479	-0.0914237	2.37741	4.63667	0.342536	2.18664	3.3417	5.06313	0.654521	-0.979882	4.16898	4.42376	2.01977	0.00806176	4.97875	4.85014	-0.118685	1.62284	5.92637	4.28989	-1.01542	2.70286	7.69242	4.26527	0.0591434	0.865565	8.52565	4.88691	0.0249242	-0.856805	9.49878	4.44741	1.04743	-0.488424	0.55088	5.54743	-1.81964	1.62929	1.47188	5.01653	1.40779	-0.201282	2.34252	5.57229	1.67655	-0.730937	3.30371	6.16711	2.00093	0.316113	4.27631	5.54465	0.935769	-0.184184	5.07507	6.072	0.494467	0.39013	5.93516	5.29303	0.177814	1.31032	6.80722	4.78835	-1.52499	0.338783	7.57404	5.48092	0.487458	-1.075	9.41514	5.44892	0.605932	1.17428	0.538979	6.62302	0.514481	-0.0844152	1.37421	6.03804	0.741209	-0.243385	2.4171	6.51361	-1.74473	-0.733602	3.40008	7.13246	2.10443	-0.274184	4.24199	6.55902	-0.230096	1.6198	5.15984	7.08821	0.525942	0.106189	5.95134	6.45512	1.13658	1.10646	6.72306	5.89649	0.396386	-1.37034	7.65939	6.48715	0.490452	0.375628	8.57744	5.99618	-1.54575	1.94279	0.597432	7.562	-1.42273	-0.843373	1.57748	6.98595	1.92899	-0.55217	2.40104	7.54275	0.134375	1.0617	3.39622	8.1115	0.869325	-0.0737515	4.26559	7.54232	0.81687	1.24979	5.21156	8.18318	0.128456	0.211124	5.99341	7.55852	-0.439988	-0.311015	6.81245	7.00627	-1.067	-1.20308	8.52855	7.06421	0.0645745	0.0226025	9.5	6.52302	8.87784e-05	1.12528	0.518364	8.53892	-0.172393	0.320781	1.48529	8.10294	0.557277	1.02815	2.42904	8.56986	-0.186394	-0.347826	4.23577	8.51826	1.15088	-0.13425	5.60502	9.45657	0.426962	-0.643006	6.08832	8.58056	0.509929	-0.516671	6.85978	8.00269	-3.29817	0.781653	7.71749	7.53261	-0.487179	-0.85836	8.52112	8.08111	-0.426257	1.72784	9.47477	7.50251	-0.994185	0.541505	0.562088	9.49966	-1.69215	0.461682	1.44332	9.13883	1.44015	0.937072	2.38161	9.5	-0.39144	0.000287943	3.45208	9.22708	0.0448543	1.87788	4.6071	9.49764	-1.00888	-0.314275	6.8739	9.45519	0.308221	1.93566	7.59448	8.54485	-2.00505	-1.4094	8.32791	9.41765	-1.34985	0.0807982	9.47351	9.49988	-0.000245968	-0.109834	9.41961	8.51111	-0.279061	-0.482129	-46.4176
4.10005	0.511811	0.564625	-0.259004	-0.0743803	1.60857	0.603981	-1.18288	-0.768939	2.54308	0.526588	-0.725194	1.76556	3.50533	0.530086	-0.246105	0.790224	4.52322	0.508333	-0.911542	-2.2489	5.47997	0.540675	-0.044015	-0.401782	6.44265	0.622247	0.116217	-1.52582	7.43899	0.531339	-1.66815	-1.67627	8.41191	0.650789	0.46383	1.82304	9.48665	0.518569	0.415779	0.757139	0.516722	1.53169	-1.80403	0.397133	2.22173	1.39176	-1.1976	2.98508	3.08805	1.76331	0.436077	-0.232731	4.06137	1.42465	0.913164	-0.794705	5.02307	1.53081	-1.2141	1.35359	6.03944	1.55648	0.200865	2.90661	7.12542	1.47407	0.095225	0.026995	8.21032	1.6015	1.04148	0.562573	8.57367	2.54861	-3.64266	-1.30804	9.17448	1.42977	-0.569387	0.991776	0.537712	2.50726	0.387416	1.15243	1.38163	1.96581	0.764065	2.30116	2.36965	2.4082	-0.0104534	0.978169	3.35865	2.75517	1.14549	0.811197	4.29128	2.36554	-1.54876	0.499644	5.33204	2.52387	-0.0560749	-0.22853	6.50581	2.4641	-0.630673	1.58039	7.56477	2.38503	1.67188	1.13172	7.9244	3.29598	-1.12853	0.271963	9.49477	2.32115	0.698318	0.144058	0.557554	3.47325	-0.356872	-0.491854	1.43346	2.92409	-2.16408	0.880688	2.39739	3.42911	-0.473868	0.162993	3.21723	3.91639	-1.38593	0.829811	4.15671	3.35876	0.377502	-0.109886	5.01264	3.85011	-0.420122	-1.28764	5.93054	3.31677	-2.22177	-0.215039	6.89983	3.51194	1.03419	0.588365	8.62599	3.87994	1.31002	-0.992636	9.45058	3.38803	0.42747	-0.70742	0.526281	4.45416	-0.492073	-0.0589082	1.5143	3.97852	1.10652	-0.291669	2.43101	4.5951	1.45663	-3.14356	3.36894	5.01872	0.401475	-0.785858	4.18191	4.3979	-0.726268	-0.504826	5.07242	4.97467	2.23529	2.35222	5.88484	4.40947	-1.02115	1.27474	7.65499	4.32187	-1.11634	1.19733	8.52316	4.93014	0.19792	1.60757	9.47471	4.42733	-0.011822	-0.123408	0.560699	5.59791	1.83046	0.0309914	1.49378	5.01623	-0.302869	0.0311306	2.4356	5.58017	2.04313	0.27661	3.3992	6.10901	1.32797	-2.27108	4.25055	5.5322	-1.55353	-0.101427	5.12584	6.05724	1.05114	-0.8841	5.90233	5.39689	-0.87103	3.05146	6.76707	4.80226	0.04879	0.371121	7.65954	5.39233	2.30381	-2.03624	9.46049	5.51234	1.03199	1.20926	0.548418	6.56264	-0.0227187	-1.56926	1.44779	6.01328	2.09657	-0.449201	2.38968	6.51495	0.928777	0.886524	3.42515	7.12643	-0.99157	0.191025	4.25295	6.61633	1.09552	0.402484	5.13714	7.0769	-1.34028	-0.743532	5.98571	6.5145	-0.363515	0.548353	6.76329	5.85299	1.39352	-0.286707	7.67085	6.49662	-0.430251	-0.0274477	8.51236	6.06589	-0.431216	0.252646	0.529599	7.55874	-1.27107	0.24796	1.57158	7.03582	-2.08873	2.34476	2.43821	7.5854	1.2258	-0.107749	3.37427	8.1232	-0.953114	0.703752	4.33946	7.61795	1.43539	1.55421	5.18283	8.18679	-0.501417	-0.121849	5.95313	7.53174	-1.39605	-0.735753	6.79881	6.94587	1.06902	-0.672598	8.5823	7.04024	1.3615	-0.285074	9.5	6.54358	8.89404e-05	-0.169825	0.501154	8.53185	-0.455962	-0.498842	1.50488	8.13578	0.0172242	0.206052	2.43478	8.51945	0.416926	-0.554797	4.31979	8.58467	1.06551	2.3273	5.62824	9.45308	0.101472	0.899219	6.08149	8.63853	-0.872964	2.39258	6.76701	7.97671	0.837457	-1.38534	7.645	7.49941	-1.65149	-0.307274	8.49994	8.17532	-0.64906	1.71405	9.43969	7.54435	-0.306796	0.840986	0.548739	9.49955	2.16847	0.396743	1.50323	9.16921	0.363496	0.276805	2.40083	9.5	1.45985	0.000287682	3.45289	9.3196	0.0379753	1.75191	4.54414	9.49845	-1.19913	-0.671943	6.88765	9.45089	0.240832	-1.92371	7.56147	8.56019	0.00131747	1.46272	8.26148	9.41666	-1.2923	-0.108839	9.47257	9.49985	-0.0522896	0.0955509	9.43585	8.50643	0.977443	0.554436	-67.3599
4.15005	0.504578	0.518239	0.158311	-1.54143	1.48678	0.563157	-2.73501	-0.743299	2.53661	0.554129	-0.346627	0.0697828	3.50806	0.55982	-0.0352473	0.204024	4.48053	0.567964	0.0283993	0.0657511	5.47534	0.520808	-0.324567	-0.365212	6.44969	0.547504	-0.351326	-1.36451	7.39641	0.554914	0.642425	1.11893	8.45877	0.684631	1.09561	-0.489156	9.48448	0.511217	-0.320988	-0.912151	0.567171	1.53772	1.20887	-0.366842	2.14078	1.52349	-0.353667	0.656836	3.16682	1.74249	1.58249	-0.342322	4.04071	1.38582	-1.40823	0.171781	5.00696	1.58511	0.388974	0.532713	6.04323	1.68058	-0.101457	1.76361	7.11555	1.49095	-0.554494	0.756494	8.19232	1.6248	-1.85127	-0.147923	8.48114	2.53135	0.919947	1.17497	9.16251	1.45108	0.254105	0.0209114	0.507081	2.5236	1.73254	-0.499144	1.41124	2.04861	-0.846113	2.05365	2.35276	2.47843	-0.255173	1.44951	3.35703	2.80536	-1.40621	1.11337	4.25283	2.3781	0.0425436	-0.287082	5.31899	2.50095	-0.417346	-0.442874	6.49487	2.55351	0.272913	2.12987	7.5381	2.40241	-3.3889	-0.560494	7.83535	3.33297	-1.0543	1.48044	9.49405	2.37531	0.557403	1.43634	0.51734	3.49753	-1.38372	1.54961	1.38661	3.02693	0.160397	2.54752	2.34953	3.42331	-0.830464	-0.0257386	3.23729	3.94353	2.42862	-0.523351	4.16122	3.3699	-0.23179	0.540406	5.02368	3.80069	0.336549	-0.284465	5.83916	3.33925	-0.746406	0.892356	6.9319	3.55186	-0.659621	1.10979	8.68065	3.88998	0.347972	0.765387	9.48221	3.32544	-1.67782	-1.18109	0.500966	4.48826	-0.504922	1.28234	1.55016	3.97859	0.0199303	0.665969	2.45388	4.4515	-1.17187	-1.71429	3.36379	4.98029	-0.709504	-0.827029	4.15194	4.38808	-0.0977662	0.0490201	5.07068	5.03838	-1.52555	0.237886	5.84552	4.41706	-0.347225	-0.560277	7.62635	4.35285	0.212551	-0.188544	8.60861	4.97872	3.25652	0.156553	9.49659	4.44323	-1.08701	0.71411	0.619704	5.52638	0.681434	-2.35743	1.47925	4.99928	-0.0487497	-0.681554	2.53324	5.54724	1.51629	-1.22226	3.41186	6.01236	-1.08242	-0.865787	4.20759	5.516	0.438535	-0.826537	5.1072	6.0146	-2.12101	-0.442387	5.95451	5.56008	2.48215	2.1854	6.77467	4.83442	-0.170501	0.896398	7.71468	5.33812	-0.228289	0.0963491	9.4871	5.54947	-0.98576	0.0807126	0.542119	6.52699	-0.190488	-0.115327	1.57509	6.02425	2.67209	0.796852	2.45601	6.59594	1.42316	1.28353	3.36031	7.12619	-0.847111	-0.431764	4.27335	6.59294	-1.33889	-1.42647	5.09009	7.02558	0.143868	-0.675697	5.95279	6.51172	-0.313008	-0.0252179	6.86298	5.86587	2.48117	0.781947	7.65565	6.46574	0.679716	-1.35087	8.54462	6.01504	1.36929	-1.74092	0.530214	7.53994	0.994472	-0.932523	1.44245	7.15627	-2.529	1.89034	2.49214	7.52879	0.43972	-0.805766	3.35476	8.17539	0.317299	1.17323	4.34134	7.68276	-1.32715	0.541757	5.20185	8.18474	0.900652	0.366034	5.91363	7.51887	0.193643	0.207091	6.83748	6.93806	-0.553873	0.198587	8.6135	7.05379	-0.269957	0.558878	9.5	6.53223	8.87736e-05	-0.0112502	0.515813	8.51884	0.157906	0.0566716	1.48931	8.13125	-0.444672	-0.083548	2.44707	8.54613	-0.213664	0.833169	4.28485	8.62282	-2.26409	-1.38407	5.58008	9.45513	-2.14595	-0.739054	6.09184	8.68587	1.53452	-0.893963	6.80982	7.95009	-0.0175595	0.622685	7.64741	7.50186	2.28274	0.251677	8.47255	8.24417	-0.211256	1.05478	9.45392	7.57198	0.891821	0.346019	0.621031	9.49809	0.437469	0.117362	1.51915	9.1656	0.901389	-0.411196	2.49879	9.5	1.86137	0.000288459	3.46551	9.39853	0.716333	1.37461	4.5229	9.49613	0.538399	-0.296329	6.89437	9.36046	-0.12277	-1.40767	7.55963	8.65234	-0.153911	1.72794	8.20375	9.41304	-0.89086	0.121017	9.46684	9.49986	-0.20476	0.0951196	9.49579	8.55358	-1.58042	0.806151	-50.0386
4.20005	0.502082	0.546688	-0.556215	0.382005	1.42475	0.534412	0.9223	-0.439413	2.48729	0.546121	-1.44143	-0.5774	3.48874	0.540973	-0.539298	-0.785832	4.51246	0.513667	0.351682	-1.73348	5.45518	0.505311	-0.0920118	-0.253285	6.43148	0.516933	0.101005	1.29102	7.48332	0.579311	2.21308	0.0642854	8.50184	0.627336	0.570519	-1.50495	9.49863	0.523998	1.03382	-0.00659338	0.60274	1.4872	0.379945	-0.997475	2.17473	1.4794	0.686314	-1.431	3.13972	1.76959	-2.27084	1.33566	4.04107	1.40909	1.28107	0.05061	5.02279	1.5543	0.28124	-1.58346	6.03732	1.73584	-0.0656582	0.639434	7.04956	1.51274	-2.1827	-0.485937	8.07694	1.60353	-2.277	-0.477883	8.54594	2.62353	0.932889	2.07497	9.1785	1.45872	0.0532124	0.268435	0.518424	2.52365	-1.9128	0.939463	1.37351	2.14912	0.838192	0.84033	2.34334	2.49026	-0.38272	-0.944854	3.25903	2.85731	-1.96829	0.900874	4.26835	2.3599	0.379073	-0.0769565	5.30571	2.51792	-0.101717	1.0679	6.50035	2.66575	-0.73451	2.00576	7.38436	2.40658	-1.30875	1.06243	7.84239	3.37922	0.444733	-0.0831509	9.49856	2.37196	0.866546	-1.29956	0.544449	3.57934	0.601521	1.3663	1.41012	3.11109	0.7166	0.712264	2.35283	3.46536	0.861227	1.36083	3.35458	3.88184	1.08057	-1.26468	4.14354	3.38001	-0.0225783	-0.645197	5.00085	3.83755	-0.751005	1.36976	5.87651	3.37244	1.21975	0.704529	6.8238	3.6305	-2.63014	2.08511	8.64629	3.9374	-1.44075	1.1887	9.42711	3.34228	-0.547754	1.63014	0.517491	4.5435	0.0595722	0.154008	1.49488	4.05724	-2.23714	1.66721	2.38964	4.42635	-0.526408	0.727553	3.32533	4.92636	-0.497873	-1.40953	4.19413	4.41317	1.55977	1.02654	5.03222	4.98424	0.487887	-2.23347	5.85022	4.38937	0.550653	-0.37609	7.66324	4.33151	0.924014	-0.123781	8.72052	4.96457	-0.161415	-0.535131	9.48854	4.47109	-0.71924	-0.20062	0.631732	5.45607	-0.103096	0.596899	1.50752	4.98165	1.194	0.784638	2.53203	5.4779	-1.78682	-1.4752	3.34125	6.02057	-1.35839	0.598001	4.20567	5.46761	-1.48165	-0.903629	5.01159	6.01275	-0.894341	0.245422	6.04441	5.55985	0.687984	-1.55682	6.75437	4.87714	-0.255972	0.576021	7.7254	5.35165	1.12951	-0.0481404	9.49073	5.53051	1.8269	-0.463537	0.531732	6.50564	-0.214076	-0.868389	1.68625	6.06947	1.42638	0.781997	2.51621	6.56908	1.01368	-1.41087	3.37675	7.09245	0.831634	-0.451424	4.15747	6.51928	-2.2247	-1.10549	5.0945	7.0249	-0.552794	0.557928	5.94222	6.54127	-0.350617	0.551116	6.95172	5.92071	0.336504	1.31147	7.75391	6.42219	3.08051	0.210271	8.61214	5.94504	1.06346	-0.713089	0.500975	7.5193	-2.35729	0.288211	1.3987	7.16061	0.998534	-1.6319	2.45787	7.59179	-1.40204	2.10558	3.35021	8.20884	-1.54467	-0.279745	4.25795	7.61072	-1.67953	-2.90121	5.22144	8.22978	-0.289717	1.27768	5.96077	7.53962	1.18725	0.655802	6.80725	6.9644	0.210814	0.809252	8.59046	7.0713	0.194869	-0.193212	9.5	6.55021	8.88747e-05	0.577221	0.509959	8.52114	-0.415947	-0.0744457	1.47349	8.15592	-0.252503	0.769186	2.41217	8.55073	-0.974057	-0.456213	4.18004	8.59742	-0.677852	0.963499	5.4751	9.45734	-0.833855	0.197272	6.16886	8.62619	0.387167	-0.385125	6.83181	7.98928	1.95451	0.073142	7.78103	7.52614	1.79251	0.974617	8.47986	8.28313	0.369267	0.525023	9.48351	7.57706	-1.32398	-0.243031	0.605481	9.49925	-0.701979	-0.329436	1.58982	9.14418	1.44976	-0.111216	2.55425	9.5	0.546888	0.000287703	3.54562	9.45717	2.23941	1.03848	4.55467	9.49643	-0.144113	-0.40778	6.85168	9.35098	-1.45795	1.09024	7.56009	8.67572	0.199888	-0.703985	8.1883	9.44762	0.27494	1.26762	9.4521	9.49984	-0.354878	-0.0464498	9.42851	8.55022	-0.970183	-0.804291	-50.5026
4.25005	0.504416	0.510021	-0.219164	1.98173	1.5189	0.516626	1.33545	-0.268312	2.43929	0.521908	0.466728	1.30019	3.46113	0.50325	-0.596876	0.925868	4.48785	0.553598	-0.740667	0.330805	5.48309	0.505074	0.903243	0.0973817	6.47248	0.584588	1.39964	1.24117	7.56847	0.574503	0.756913	-0.199296	8.52377	0.551322	0.483981	-1.49475	9.49662	0.509456	1.05603	0.897166	0.622691	1.49645	0.380072	0.993308	2.16101	1.41798	-1.24928	-0.914978	3.0607	1.83829	-0.297047	1.09867	4.06227	1.39734	-0.89278	0.0725645	5.05903	1.46556	1.12728	-1.7081	6.02206	1.7609	-0.832229	0.493987	6.93586	1.46038	-1.70009	-1.18579	7.98282	1.57904	-1.46937	-0.527235	8.57166	2.71862	0.39764	1.53927	9.14507	1.44107	-1.42315	-1.07033	0.560302	2.59066	0.63695	1.40229	1.44142	2.11573	0.874902	-2.01206	2.30941	2.4435	-0.615724	-0.251058	3.19401	2.88454	-0.470242	0.0586954	4.28515	2.3675	0.301496	-0.188731	5.30312	2.57871	-0.0561918	1.14113	6.44544	2.69815	-0.912606	-0.550295	7.41475	2.46285	1.55582	0.684901	7.82404	3.33265	-1.27045	-0.950677	9.49224	2.34047	-0.441172	0.325667	0.533562	3.588	-1.09135	-1.17655	1.45824	3.11959	1.19173	-0.229046	2.40388	3.5075	0.770558	0.314041	3.33255	3.86826	-1.04279	0.493326	4.18556	3.30654	1.1898	-1.38654	5.00137	3.89027	0.555824	0.558365	5.82969	3.43945	-2.6143	1.33902	6.76161	3.77427	0.139255	3.42249	8.5778	3.98965	-0.975814	0.254086	9.42399	3.42283	0.32724	1.23093	0.50326	4.54993	0.787547	1.05163	1.37558	4.10329	-1.75144	0.837605	2.39208	4.49012	0.0811989	0.764954	3.30562	4.85603	-0.496504	-1.06369	4.22702	4.46141	-0.722128	0.479812	5.09422	4.89836	1.63251	-0.514253	5.90929	4.38724	1.91746	0.483623	7.68695	4.35453	-0.270889	0.791076	8.60922	4.94111	-2.52818	-0.52143	9.47922	4.41971	-0.148932	-1.14972	0.623355	5.55242	-0.121542	1.74456	1.56538	5.10283	0.109782	2.84976	2.42196	5.42357	-1.28577	0.142173	3.28169	5.98889	-0.661586	-2.12989	4.11056	5.43268	-1.58252	-0.245536	5.01287	6.01264	0.68297	-0.433336	6.00671	5.48175	-1.92368	-1.318	6.79069	4.87282	1.74485	-0.557493	7.78648	5.351	0.296172	0.680349	9.49152	5.49907	1.65539	-1.10505	0.520132	6.4722	-0.309904	0.360954	1.68104	6.09034	-1.5987	0.109456	2.53551	6.5556	-0.777395	1.12135	3.34625	7.10285	-2.34163	0.496858	4.13389	6.47772	0.919994	-0.652231	5.05152	7.07057	-0.595048	1.00974	5.92487	6.53108	-0.171355	-0.687212	6.93334	5.99204	-0.625362	1.30747	7.87428	6.47556	0.667407	1.62551	8.65154	5.94851	0.629162	0.629116	0.578104	7.53459	1.05516	-0.00550992	1.49327	7.05072	2.36022	-2.25971	2.38039	7.60619	-1.67232	-1.60129	3.25	8.15892	-1.4859	-1.37247	4.1978	7.50119	-0.521457	-0.769453	5.17907	8.29572	-1.28196	1.24085	5.99848	7.58809	0.320831	1.15066	6.86832	6.99755	1.83421	0.22595	8.64966	7.028	1.32088	-0.979855	9.5	6.56422	8.95498e-05	-0.353765	0.512261	8.51674	0.0705403	0.0296797	1.4485	8.16164	-0.682225	-0.603379	2.36825	8.57021	-0.712982	1.09626	4.18931	8.61971	0.163773	-0.922033	5.52965	9.4631	2.23563	0.14389	6.13771	8.63951	-0.847564	0.380622	6.95373	7.95857	1.21229	-0.642251	7.80231	7.59228	0.275678	0.887325	8.49257	8.29832	0.153446	0.133197	9.4427	7.55272	-0.0161785	-0.428242	0.56938	9.49854	-0.701214	-0.236081	1.62146	9.18188	-0.467244	1.66301	2.58897	9.5	1.02014	0.00028836	3.61067	9.48857	-0.537399	-1.10839	4.53778	9.49881	1.08624	-0.697651	6.78281	9.4404	-1.18955	2.22262	7.57931	8.6595	0.687911	0.797777	8.21651	9.47827	0.766101	-1.51239	9.43208	9.49983	-0.45793	0.0339004	9.42846	8.51895	1.15755	-0.158483	-47.4982
4.30005	0.504027	0.572143	-0.285291	0.520708	1.50767	0.501269	-0.829648	-0.367574	2.54301	0.507751	1.70962	-1.37173	3.45304	0.545415	1.1441	0.726086	4.47227	0.512366	0.0419081	-1.53417	5.52852	0.503882	0.896854	0.160681	6.53063	0.584009	0.657906	-1.54993	7.55176	0.560128	-1.08529	-0.409074	8.54081	0.52567	-0.236354	1.45008	9.49082	0.515124	-0.71566	-0.645123	0.616175	1.55743	-1.36295	0.986904	2.09567	1.39867	-0.504118	-0.649034	3.09775	1.85639	1.14199	-0.263777	3.97376	1.42014	-2.08723	0.0700716	5.08841	1.39322	-0.471421	-1.18572	5.96217	1.78852	-1.08489	0.524566	6.921	1.45734	0.857599	1.42989	7.93382	1.54684	-0.350274	-0.871669	8.592	2.77852	0.156733	1.0553	9.04503	1.40346	-2.42007	-0.0346914	0.569005	2.60525	-0.173547	-1.22032	1.40671	2.01798	-1.47795	-0.640311	2.29819	2.48136	-0.11866	1.13286	3.22136	2.86857	1.51214	-0.486826	4.30288	2.31038	0.478682	-1.41258	5.28926	2.6108	-0.644654	-0.0518677	6.41742	2.66842	-0.0470942	-0.457409	7.469	2.42465	0.518457	-1.91191	7.73761	3.36611	-2.11074	1.91598	9.49204	2.37075	-0.409616	0.532007	0.538685	3.54945	1.16155	0.454838	1.51107	3.09803	0.544177	-0.566736	2.40287	3.50092	-0.598939	-0.579029	3.31164	3.88609	0.234713	-0.0663575	4.22819	3.29981	0.391509	0.657388	4.96773	3.93904	-1.36642	1.37537	5.78787	3.43643	1.11774	-0.71523	6.7992	3.90823	1.29169	1.14735	8.55713	3.92478	0.110836	-2.40324	9.45377	3.43018	0.875402	-0.98616	0.506511	4.63074	0.678587	1.4852	1.35733	4.14196	0.855311	0.469991	2.35773	4.47376	-1.48594	-0.553955	3.26906	4.85768	-0.992649	1.20659	4.1669	4.44662	-1.4077	-0.763756	5.13625	4.92543	-0.591946	0.916156	6.01199	4.43911	1.35069	1.24375	7.66068	4.38413	0.322975	0.211201	8.57225	4.91803	0.182187	-0.177736	9.49372	4.40841	-0.846574	0.648655	0.61462	5.57856	-0.687367	0.522334	1.46714	5.14872	-2.48816	-1.35728	2.44628	5.51184	-0.0444901	1.87396	3.25929	5.8934	0.287029	-0.480617	4.09707	5.44233	1.31269	0.285326	5.06179	5.96912	0.992803	-1.10803	5.9193	5.43558	-0.676771	-0.13632	6.88114	4.88672	1.09827	1.94091	7.7049	5.45856	-2.34569	3.00952	9.46924	5.41544	0.456855	-2.05032	0.503631	6.57493	0.542935	2.55366	1.56524	6.07414	-2.7301	-0.744397	2.44561	6.59011	-2.33066	-0.886056	3.23438	7.12486	-1.26845	0.226201	4.17553	6.46207	0.504136	0.123092	5.07048	7.10608	1.12242	0.445471	5.93463	6.49997	0.595993	-0.411646	6.89273	6.02152	-1.20748	-0.297285	7.80682	6.54873	-2.41616	0.927889	8.66582	5.9814	-0.604653	0.62252	0.619945	7.51214	0.616986	-0.423523	1.5669	7.00272	-0.455899	0.518572	2.31071	7.53977	-0.52475	0.287596	3.21553	8.09563	-0.134765	-0.825285	4.16571	7.52954	-0.909304	1.32222	5.11889	8.34591	-0.755084	0.733442	5.99334	7.63266	-0.639249	0.412875	6.95609	6.98846	1.30081	-0.00199441	8.67348	7.01166	-0.197039	0.316083	9.5	6.5005	8.85789e-05	-1.91381	0.508903	8.52232	0.443993	0.0149988	1.42683	8.11477	-0.0778138	-1.05286	2.33096	8.58443	-0.937643	-0.594185	4.16568	8.53332	-1.22681	-1.76602	5.65234	9.49342	2.4728	1.29484	6.12176	8.64162	0.183805	-0.451706	6.91271	7.98331	-1.56063	1.47076	7.86511	7.57972	1.31995	-0.845117	8.52569	8.30948	1.20399	0.428136	9.49722	7.55227	1.98786	0.129904	0.533441	9.49792	-0.81108	-0.0811485	1.55481	9.29155	-1.75647	2.42863	2.6305	9.5	-0.0714697	0.00028598	3.56235	9.43437	-0.0485846	-1.1532	4.64098	9.493	2.19555	-0.382414	6.73113	9.4446	-0.811396	-2.17444	7.59615	8.7393	-0.418405	1.68552	8.27579	9.42097	1.84621	-0.5256	9.40417	9.4999	-0.677593	-0.0714539	9.4747	8.52962	-2.06101	0.445576	-54.9873
4.35005	0.501834	0.567702	0.444688	-0.691973	1.48483	0.512791	0.0371949	0.146047	2.55051	0.532474	-0.245663	-0.375674	3.55512	0.542603	1.19331	-1.69484	4.50347	0.549399	1.51351	0.362437	5.56589	0.505529	0.450297	0.0424772	6.54683	0.515867	-0.103906	2.11567	7.49796	0.531766	-0.74683	-0.701413	8.48185	0.568126	-1.70155	0.106261	9.4856	0.526703	-0.551239	0.735426	0.537585	1.56245	3.6491	-0.599105	2.10902	1.36096	0.364927	0.0247868	3.09538	1.84915	-1.40726	0.0942652	3.9319	1.38258	0.876646	-0.559862	5.01026	1.35902	-2.09147	0.183507	5.92807	1.79772	-0.460706	-0.294201	6.95274	1.54348	-0.0320463	1.37991	7.96235	1.47751	1.17226	-1.81475	8.56742	2.82897	-1.05064	0.633884	8.93648	1.44981	-1.51335	1.81465	0.530854	2.53803	-1.53618	-0.597743	1.38026	2.05578	0.312253	1.10955	2.30603	2.49592	0.521726	-0.681163	3.3214	2.84444	2.17889	-0.545196	4.32922	2.27386	0.266074	-0.221794	5.2486	2.58855	-0.584403	-0.433288	6.45652	2.64778	1.58103	-0.426132	7.48196	2.35593	0.289595	-0.34795	7.62624	3.42084	-1.46853	-0.499579	9.49732	2.37131	-0.562067	-0.635696	0.56987	3.60137	0.0151318	1.08689	1.47498	3.0705	-1.85781	-0.461136	2.38855	3.47525	0.11235	-0.178154	3.31875	3.86553	-0.430584	-0.691603	4.2222	3.32046	-0.388102	0.119916	4.97433	3.98006	1.47067	0.12547	5.8633	3.44116	1.49896	0.791826	6.84801	3.90075	-0.264509	-0.325744	8.58613	3.80487	0.854334	-1.9515	9.48546	3.36453	-1.26982	-1.24838	0.504922	4.65029	0.757687	-0.527862	1.41949	4.10817	0.994003	-2.52437	2.28634	4.47922	-0.644918	0.86069	3.20849	4.93993	-1.35138	1.79579	4.08495	4.42815	-1.38194	0.167926	5.04161	4.95275	-2.17892	0.28316	6.01742	4.48177	-0.794134	0.334776	7.74137	4.41163	2.00688	1.22545	8.56912	4.92221	-0.235756	0.336694	9.46927	4.40969	-0.156451	-1.25145	0.527247	5.6632	-2.69019	1.81984	1.39499	5.04126	-0.554336	-1.34604	2.34084	5.54692	-2.88766	-0.408778	3.33154	5.961	1.52058	2.38034	4.21257	5.44289	2.46304	-0.110326	5.08583	5.94104	0.0673981	0.34023	5.96731	5.47483	1.67905	1.14936	6.87899	5.02939	-0.748289	2.49344	7.67013	5.5924	1.13951	1.84744	9.48057	5.36106	-0.984354	0.381241	0.513847	6.61002	-0.22737	-0.559877	1.42359	6.04366	-2.6802	-0.343526	2.35005	6.49823	-1.56089	-1.54748	3.21323	7.08509	0.0833471	-1.78104	4.19132	6.49416	0.31229	1.12723	5.11906	7.11934	0.366275	-0.0433925	5.97313	6.50179	0.532385	0.719333	6.783	5.99986	-2.66795	0.0396222	7.7538	6.53448	0.102516	-0.844833	8.59517	5.98602	-1.79164	-0.485915	0.626619	7.56909	-0.886447	2.1424	1.45002	7.05617	-2.76528	1.17926	2.33361	7.6111	0.821614	0.973625	3.21133	8.09957	-0.272552	0.747977	4.12938	7.55543	-0.36989	-0.726782	5.1097	8.37284	0.100323	0.394892	5.94038	7.61999	-1.0173	-0.780993	6.92311	7.0535	-2.38654	2.21951	8.66009	7.01398	-0.324754	-0.682825	9.5	6.40793	8.84248e-05	-1.62334	0.507861	8.51525	-0.444791	0.00807124	1.43906	8.07476	0.444777	-0.299143	2.28035	8.55608	-0.880504	0.22292	4.08673	8.51105	-1.2914	1.13685	5.75214	9.4797	1.19577	0.660165	6.11648	8.58877	-0.902787	-1.38851	6.88256	8.05718	0.711413	0.959194	7.87378	7.56906	-1.1337	0.578173	8.53046	8.3254	-1.32102	0.134785	9.44344	7.55578	-0.113519	0.204182	0.518063	9.49822	0.760009	0.173923	1.48071	9.40686	-0.906375	2.11748	2.57552	9.5	-1.514	0.000286447	3.62051	9.37421	1.62536	-1.00886	4.73276	9.47174	1.45813	-0.503984	6.72752	9.36661	0.842287	-0.802238	7.55019	8.80435	-0.875386	1.07596	8.39559	9.42294	2.41984	0.328036	9.37142	9.49988	-0.379757	0.0126913	9.45999	8.55505	1.66983	0.334814	-66.278
4.40005	0.505325	0.504772	0.0114166	-1.81554	1.51059	0.514993	0.873398	-0.00858838	2.55478	0.53037	0.211378	1.11025	3.54699	0.564458	-1.03184	1.01841	4.59164	0.514371	1.41563	2.16691	5.5615	0.501383	-0.53592	0.21032	6.51545	0.625815	-0.915639	2.30413	7.4752	0.512335	-0.552474	0.850276	8.4344	0.536244	0.315966	-1.37337	9.47807	0.561507	0.125333	0.700972	0.676453	1.49272	1.96574	-1.96823	2.11368	1.40737	-0.0595055	1.22877	3.03059	1.82686	-0.382735	-1.36894	3.98987	1.38914	0.771559	0.617693	4.94281	1.4415	-0.287814	2.65882	5.90754	1.7628	-0.329022	-0.963819	6.91755	1.57137	-1.03489	0.0166424	7.96267	1.40234	-1.3492	-0.867818	8.49709	2.79079	-1.50717	-2.04687	8.93137	1.55166	0.863864	1.69168	0.548188	2.55107	0.66553	0.633807	1.43605	2.09978	1.53779	0.348664	2.32888	2.45948	0.220165	-0.0630121	3.40668	2.79899	0.964835	-1.35712	4.31133	2.28521	-0.77421	0.923039	5.25836	2.59001	0.889481	0.481074	6.5499	2.62834	1.83573	-0.305699	7.52994	2.38202	1.59488	0.612675	7.62553	3.33607	0.577907	-1.71105	9.48613	2.31271	0.332384	-1.25135	0.520312	3.62746	-2.04201	-0.206317	1.37781	3.04227	-1.55151	-0.948826	2.38193	3.47344	-0.751389	-0.155081	3.27008	3.83168	-0.94447	-0.37089	4.22694	3.3337	0.776543	0.627884	5.06018	3.95286	1.52982	-1.17755	5.92681	3.4744	0.910105	0.00835694	6.7738	3.92864	-1.30672	1.08612	8.60112	3.78611	-0.442106	1.05095	9.46786	3.30786	0.571676	-1.18965	0.507857	4.6087	0.595901	-0.874638	1.45948	3.95749	1.02563	-1.83392	2.3034	4.5316	0.799132	0.418415	3.15333	5.03211	-0.562811	1.93883	4.05862	4.45399	0.108216	0.657306	5.0261	4.928	1.3354	-0.92012	5.95349	4.49054	-1.62824	0.265909	7.7766	4.45551	-0.827926	0.179966	8.59103	4.95908	1.21636	0.910219	9.47584	4.32166	0.428964	-1.65154	0.544537	5.63247	-1.22805	-2.96889	1.39307	5.02297	-0.0494665	-0.251834	2.21377	5.48362	-1.76007	-1.05059	3.37039	6.067	0.00464306	1.12426	4.22218	5.48379	-1.89153	1.70876	5.09894	6.00578	0.381507	1.89421	5.95904	5.49672	-1.84525	-0.0548131	6.86136	5.06337	0.068497	-0.95231	7.70838	5.56802	-0.297123	-2.39787	9.45934	5.40328	0.277356	0.488948	0.509882	6.63913	-0.105847	1.17372	1.37096	6.0679	1.35134	1.62408	2.28306	6.48872	-1.05816	0.799391	3.22148	6.98943	0.0994687	-1.26518	4.22687	6.55843	1.10817	0.984656	5.07402	7.08957	-1.94324	-0.869794	5.93745	6.5915	-1.62679	2.24172	6.77765	6.07175	2.17621	2.56904	7.73144	6.58128	-1.2504	2.12222	8.57	5.95735	1.117	-0.225501	0.507513	7.61673	-3.44663	-0.149228	1.36914	7.08635	-0.365373	0.246025	2.36305	7.57873	0.185322	-1.74529	3.18622	8.13988	-0.505785	0.818179	4.12541	7.51079	0.0199689	-0.283685	5.09719	8.38354	-0.843436	-0.0547918	5.93068	7.57907	0.277669	-0.592503	6.79546	7.1349	-2.22195	0.631841	8.64254	6.96676	-0.206418	-0.713565	9.5	6.358	8.90436e-05	0.0355079	0.515733	8.57162	0.283205	1.78787	1.44626	8.08881	-0.422189	0.596903	2.25511	8.61755	-0.249862	1.14482	4.09831	8.55177	1.68395	-0.214696	5.77982	9.47441	0.0967678	-0.204735	6.04826	8.54735	-0.933723	-0.400153	6.95475	8.0888	1.26745	0.945274	7.78049	7.60459	-1.97197	0.470897	8.45914	8.34083	-1.3099	0.469634	9.4752	7.56246	1.0949	-0.263714	0.506643	9.49839	1.28223	0.0159021	1.49492	9.49799	1.14934	-1.75382	2.51806	9.5	-0.446387	0.00028922	3.66215	9.3984	-0.154525	2.2621	4.7829	9.44271	0.46947	-0.63208	6.77241	9.36768	0.44045	0.86124	7.56977	8.84831	1.95154	0.658139	8.44866	9.43696	-0.378064	0.226879	9.41707	9.49991	2.32311	0.0309678	9.43809	8.53996	-1.68881	-0.794003	-64.798
4.45005	0.502114	0.529849	-0.386401	-1.18108	1.5537	0.514082	0.617254	-0.0395061	2.55039	0.552907	-0.529499	-0.212334	3.50335	0.556467	-0.198614	-0.987296	4.59108	0.591993	-1.45149	1.14295	5.54682	0.503113	-0.0747748	-0.232011	6.46791	0.729815	-0.93304	1.57937	7.4357	0.520881	-0.829716	-0.619691	8.48982	0.544714	1.35696	1.498	9.49812	0.598774	0.773775	0.786837	0.761272	1.42566	1.54564	-0.125274	2.12159	1.42862	0.641043	-0.640219	3.0669	1.72457	1.2597	-2.28226	3.98528	1.4212	-0.466868	0.542036	4.97508	1.58841	0.714972	2.90767	5.90869	1.71536	0.679319	-0.803363	6.8858	1.58735	0.0362016	0.960249	7.89026	1.39685	-1.11888	0.414686	8.47347	2.67697	1.08942	-2.05063	8.92051	1.5427	-1.40576	-1.95551	0.509125	2.54491	2.39387	-0.970904	1.45428	2.07395	-0.96315	-0.803036	2.36144	2.49792	1.21313	0.839076	3.40604	2.73248	-1.10667	-0.951893	4.29271	2.36775	0.419577	1.93977	5.31553	2.62618	1.20862	0.818464	6.62351	2.61902	1.11534	-0.0725999	7.59693	2.33133	0.464891	-2.34395	7.64113	3.33601	-0.00504544	1.33198	9.49243	2.30924	0.630887	0.691823	0.568281	3.5814	0.946578	-1.47359	1.36362	3.0113	1.02835	0.101662	2.32127	3.45228	-1.15025	-0.463895	3.25456	3.83472	0.176028	0.338282	4.27577	3.37988	0.654858	1.01194	5.09764	3.87855	0.0788289	-1.39167	5.95526	3.41462	0.671483	-2.06438	6.78194	3.99493	1.20988	1.20681	8.55911	3.8487	-1.00185	1.15169	9.48927	3.25408	-0.941567	-0.528546	0.505377	4.54984	0.792521	-1.88113	1.50613	3.97935	0.417604	2.05902	2.34878	4.48686	1.16799	-1.50677	3.15997	5.12147	0.559382	0.984143	4.07754	4.48498	0.563911	0.575765	5.05737	4.92577	-0.870596	0.893136	5.90232	4.49708	0.139354	-0.379259	7.70481	4.44141	-1.56952	-0.692996	8.63654	4.95788	0.204224	-1.15244	9.48818	4.26969	-0.720876	-0.42979	0.545806	5.50588	1.48401	-1.21205	1.36095	4.98341	-0.393779	-1.04515	2.2061	5.5124	1.08065	1.53715	3.3333	6.04235	-1.86175	-0.602953	4.13614	5.55236	-0.743631	0.457991	5.09205	6.08309	-0.844037	0.753091	5.88579	5.50891	-0.609822	0.593909	6.83575	4.98587	-1.35351	-1.65464	7.69813	5.45463	0.2915	-1.63401	9.47809	5.39083	-1.24535	-0.560757	0.510607	6.63711	-0.181368	-1.19539	1.41218	6.12542	-0.415294	0.137346	2.27914	6.54648	1.19161	1.06689	3.21976	7.02459	0.120414	1.98232	4.23309	6.54154	-1.60499	-1.33017	5.00174	7.099	-0.427328	1.67759	5.87716	6.63471	-0.342674	-0.526728	6.87953	6.17573	0.981309	0.649574	7.66262	6.66016	-0.541733	0.863053	8.62441	5.9648	0.497673	0.265581	0.612028	7.62439	0.58516	0.239143	1.42192	7.10493	2.34037	0.411012	2.34942	7.49615	-0.629831	-0.791761	3.17366	8.18076	0.00924278	0.752829	4.11006	7.55832	-0.685339	1.69044	5.06528	8.35565	0.49519	-1.1829	5.89436	7.60936	-1.75103	1.56535	6.7581	7.13342	0.529109	0.0877403	8.64078	6.96776	-0.194862	0.714456	9.5	6.42413	8.8841e-05	2.18858	0.518925	8.57221	-0.342143	-1.6836	1.41312	8.12593	-0.409144	1.00286	2.2391	8.59182	-0.143416	-1.70829	4.15638	8.54594	-0.377771	0.549999	5.7741	9.48914	-0.245253	-1.05527	6.04937	8.54651	0.571817	0.784692	6.94516	8.18112	-1.19244	2.39178	7.73967	7.60224	0.179001	-0.031997	8.4196	8.3444	0.149207	-0.754394	9.46762	7.51263	-0.849879	-1.54735	0.538594	9.49859	0.157106	0.0973246	1.55693	9.40446	1.09903	-1.97011	2.56117	9.5	2.05659	0.000286156	3.63867	9.46441	-0.560238	-2.84361	4.77438	9.41233	-0.76676	-0.545394	6.78645	9.4289	0.366725	1.3703	7.66683	8.8947	0.577298	1.37522	8.42713	9.46196	0.11839	1.07716	9.44536	9.49994	-2.70666	0.0435748	9.38103	8.50445	-0.514258	-0.491157	-50.208
4.50005	0.501718	0.538337	0.52441	-0.165412	1.54813	0.509259	-0.907515	-0.153072	2.53346	0.504747	0.184911	1.97674	3.52778	0.511296	0.764946	1.50004	4.50336	0.62956	-1.36278	0.106522	5.50937	0.503582	-1.51059	-0.156945	6.44043	0.780166	-0.143535	0.518094	7.40444	0.522921	-0.451877	0.374083	8.51864	0.583117	-0.640069	-0.696508	9.49941	0.636443	-0.97677	0.661023	0.782393	1.41222	-0.598813	-0.178071	2.14905	1.39175	0.0193861	-0.505717	3.08397	1.6313	-0.647469	-1.3824	4.01325	1.4472	1.51189	0.779223	4.97173	1.70817	-0.32351	1.65904	5.96509	1.68795	0.845273	-0.246986	6.91478	1.64596	0.74807	0.641845	7.87375	1.36912	0.439586	-1.65845	8.5697	2.5977	1.90906	-1.15711	8.85447	1.45477	-0.666396	-0.564344	0.568694	2.47159	-0.0642834	-1.67112	1.4511	2.0779	1.55383	0.799362	2.41569	2.47438	0.377492	-1.73092	3.32977	2.71059	-1.05779	0.04969	4.33989	2.45091	0.919208	1.40561	5.35705	2.64799	0.298419	-0.100163	6.66733	2.62019	0.704623	0.0848115	7.59599	2.28555	0.452295	1.43889	7.63181	3.39224	-0.267941	0.427587	9.48455	2.28306	0.314187	-1.64941	0.569059	3.48576	-0.752794	-2.42486	1.45983	3.04181	2.07545	0.779178	2.30117	3.45963	0.693605	0.740356	3.27388	3.8521	0.576874	0.270038	4.24423	3.42195	-1.86036	0.867482	5.12195	3.84567	0.99867	-0.0452786	6.02137	3.33623	1.87475	-0.457638	6.8224	3.97726	-0.217475	-2.05607	8.5156	3.88545	-0.537723	0.0497043	9.43898	3.28467	-1.06007	1.2355	0.506084	4.44758	0.662753	-1.48607	1.48006	4.05868	-1.12816	0.0324859	2.43202	4.43977	1.83265	-0.262302	3.19264	5.07506	0.920709	-2.07381	4.10478	4.50427	0.373506	-0.0151022	4.97577	4.98761	-1.47915	1.29949	5.92348	4.45675	0.0424644	-1.04723	7.66491	4.40644	0.209329	-0.222422	8.59571	4.86182	-1.29281	-1.99387	9.47405	4.27686	0.16793	0.751113	0.564433	5.51111	-0.697273	0.688342	1.41395	4.97764	1.97587	1.67191	2.2772	5.57667	1.52593	0.660759	3.19527	6.09742	-2.86406	1.67555	4.14264	5.51753	0.255195	-1.26652	5.02005	6.0809	-1.73446	-0.452713	5.89743	5.54536	0.74075	0.719172	6.75395	4.96947	-1.37391	1.15726	7.72253	5.41395	0.425228	-0.0747702	9.49007	5.37981	1.1914	0.0235231	0.509712	6.55903	0.0347097	-1.6986	1.37175	6.09435	-0.472984	-1.07911	2.37098	6.54206	1.76374	-0.410422	3.24574	7.12605	0.600902	1.88728	4.10812	6.51946	-2.80178	0.670138	4.98336	7.20121	-0.809118	1.6749	5.90708	6.59532	1.11316	-0.741763	6.84641	6.10655	-1.52752	-2.53579	7.71204	6.65581	1.37435	-1.24687	8.61297	5.97164	-0.713118	-0.00234263	0.568105	7.55402	-1.69812	-2.81284	1.50581	7.11579	0.331156	-0.232914	2.3415	7.56397	0.745767	2.87468	3.18789	8.20873	0.658073	0.301692	4.07238	7.6287	-0.517856	1.01757	5.11046	8.28385	0.209757	-1.11334	5.81778	7.66345	-0.314823	0.341094	6.78739	7.18526	0.517196	1.59374	8.59352	7.01949	-1.38127	1.30991	9.5	6.51957	8.85152e-05	0.894501	0.516371	8.52378	0.0491418	0.0644224	1.40071	8.17112	-0.303634	0.439525	2.28335	8.5279	1.77349	-0.274102	4.10766	8.59452	-0.282163	0.431178	5.74537	9.4998	-1.08051	-1.9519	6.05866	8.62654	-0.299461	1.74604	6.92948	8.27086	0.824953	0.89214	7.74868	7.64647	-0.275553	1.35499	8.44941	8.28506	0.777873	-1.00435	9.46678	7.4611	0.860527	0.188121	0.536499	9.49818	-0.153926	0.0872246	1.60012	9.30579	0.656559	-1.91813	2.67367	9.5	1.72992	0.000288514	3.60753	9.34997	-0.815051	-0.934996	4.72002	9.39225	-1.21913	-0.184734	6.80516	9.497	0.13589	-1.65166	7.62576	8.96095	-1.40587	0.960883	8.43613	9.46153	-0.51909	-1.29117	9.36358	9.49996	0.130933	0.0492447	9.4029	8.48614	1.4254	-0.271927	-52.5991
4.55005	0.50403	0.539077	-0.220595	1.11743	1.49117	0.500554	-0.953942	0.227811	2.56824	0.537653	0.839636	-0.646664	3.53226	0.57627	-0.505149	1.15554	4.49681	0.59164	0.556223	-1.25075	5.43405	0.506577	-0.868801	0.120613	6.4273	0.777481	-0.597178	-0.573707	7.37886	0.513719	-0.571074	1.07631	8.44965	0.530339	-1.52401	2.67979	9.49297	0.661591	0.464611	0.338024	0.753799	1.45113	-0.357181	1.25517	2.09834	1.37991	-1.69391	-0.465541	3.0661	1.5755	0.102531	-0.962505	4.06008	1.52128	0.0620975	1.78416	4.99403	1.73359	1.15388	-0.574405	5.96335	1.69683	-0.44329	0.562486	6.96532	1.63818	1.31718	-0.547253	7.90025	1.32347	0.464855	0.19808	8.61971	2.56909	0.213165	0.149163	8.86317	1.48591	0.451669	0.793734	0.525405	2.38448	-1.41035	-1.73182	1.5237	2.10694	-0.341049	0.310016	2.40054	2.37371	0.325577	-1.57468	3.33715	2.73757	0.854807	0.879783	4.35389	2.51765	-0.222214	1.2253	5.36995	2.64474	0.474867	0.271871	6.70016	2.61525	0.607606	-0.330231	7.67528	2.40418	2.0614	2.17036	7.62774	3.36311	0.140617	-1.15254	9.49461	2.18253	1.19328	-1.9127	0.509895	3.36261	-1.50037	-2.05828	1.50943	3.06227	0.186279	0.113806	2.40497	3.49067	2.72187	-0.0807368	3.30198	3.86336	0.0968627	0.477413	4.14726	3.47912	-1.17858	1.00108	5.14945	3.83531	-0.366854	-0.670229	6.0678	3.3534	-1.11551	0.187243	6.79929	3.88612	0.518989	-0.457055	8.51969	3.82308	0.567775	-2.23305	9.38919	3.32374	-0.769613	0.202056	0.516785	4.41548	-0.297815	0.00573078	1.42841	4.0259	-0.6719	-0.454291	2.47308	4.45664	-0.525875	0.922746	3.26652	4.99103	1.87199	-1.06167	4.11478	4.46774	0.382355	-1.16759	4.97928	5.02861	1.50489	0.232868	5.91105	4.41779	-0.0855627	-0.149397	7.66741	4.4196	-0.617312	0.340547	8.55844	4.823	0.017468	0.426028	9.49956	4.34289	-0.800311	1.67835	0.508405	5.51382	1.86375	-0.950298	1.51269	5.0959	1.52786	1.68426	2.34932	5.5611	1.61385	-0.814476	3.18267	6.09192	1.36766	-1.5066	4.10367	5.49518	-1.67607	0.519253	4.94484	6.07041	-1.16303	0.213475	5.90863	5.5707	-0.877342	0.157859	6.73264	5.03442	0.519174	0.536745	7.72427	5.43905	-0.429196	0.954493	9.45375	5.38612	-0.902237	0.260978	0.510975	6.47544	0.135032	-1.55644	1.40214	6.04095	1.47044	-0.637748	2.3261	6.62578	-2.47476	2.81364	3.23559	7.19257	-1.09829	0.595771	4.0018	6.57706	-0.880364	1.44251	4.92875	7.23465	-0.634075	-0.363363	5.95338	6.57875	0.598956	0.200553	6.78808	5.98577	-0.340006	-1.63578	7.72031	6.54727	-0.842087	-2.67636	8.57829	5.9703	-0.486008	0.0416541	0.526826	7.43582	1.88293	-1.35134	1.4852	7.09238	-1.02501	-0.388282	2.38397	7.65008	0.362073	0.464097	3.25084	8.21373	1.55745	0.140184	4.08205	7.6502	0.64876	-0.479589	5.06118	8.27491	-1.13146	0.280133	5.89493	7.64018	2.35713	-0.937691	6.81055	7.25567	0.405178	0.883186	8.56607	7.11011	0.0838456	2.08948	9.5	6.49422	8.87691e-05	-1.29146	0.517611	8.52707	0.220933	-0.288218	1.40976	8.16168	0.84436	-0.753828	2.35232	8.61515	0.952088	2.89173	4.16637	8.57525	1.71875	0.0469257	5.64968	9.47884	-2.44849	-0.846835	6.06335	8.63127	0.376115	-1.24929	6.9597	8.27	-0.280029	-0.722962	7.7047	7.68011	-0.760603	-0.120927	8.51053	8.27104	1.53582	0.24451	9.47338	7.52766	-1.07888	1.53358	0.528613	9.49882	-0.135477	-0.234808	1.61558	9.22338	-0.34809	-1.12345	2.6541	9.5	-2.22179	0.000290976	3.60704	9.38545	1.1689	1.57882	4.66434	9.40624	-1.02808	0.890496	6.75545	9.45055	-2.28405	-0.109921	7.59095	8.97407	0.206444	-0.367388	8.4097	9.42914	0.285044	0.0955588	9.43857	9.49991	2.20813	-0.0126066	9.49211	8.48697	-2.51311	0.591784	-52.4282
4.60005	0.504125	0.529121	-0.122669	-1.41588	1.47676	0.502866	0.347252	-0.3215	2.56667	0.524458	-0.867222	1.02844	3.52807	0.63213	0.339032	1.01904	4.48301	0.531872	-0.730812	-1.1391	5.46198	0.505967	1.23639	-0.182357	6.38043	0.742061	-0.840143	-0.623486	7.35385	0.521697	-0.271931	-0.424371	8.41514	0.575596	-0.0269948	-0.85094	9.48442	0.669882	-0.19853	-0.0405594	0.757562	1.44807	0.263269	-2.1169	2.02358	1.32059	-1.35621	-1.12989	3.06552	1.52762	-0.425758	-0.958822	4.0416	1.5956	-0.507819	1.11627	5.02763	1.67262	-0.071279	-1.71557	5.99037	1.73572	1.67459	0.9712	7.00301	1.61325	-0.474852	-0.38077	7.90747	1.41925	0.0563786	2.93628	8.6574	2.61557	1.19266	1.67161	8.8474	1.46916	-0.767834	-1.26328	0.528113	2.36195	-0.532162	1.12749	1.4291	2.11921	-1.27928	0.0750198	2.4674	2.33337	1.37167	-0.3317	3.37659	2.78801	0.578255	1.11732	4.35407	2.55193	0.530567	-0.196349	5.37918	2.64763	-0.582903	-0.78931	6.71987	2.60259	0.101846	-0.0181942	7.72449	2.39753	-0.208818	-2.22797	7.63625	3.36021	0.104398	0.862703	9.48858	2.15405	0.386815	0.69127	0.555802	3.30944	0.891235	0.223814	1.52137	3.0673	0.616966	0.204559	2.48374	3.42393	0.151357	-2.41849	3.28253	3.93935	-0.126057	2.41546	4.16443	3.4764	0.986454	-0.729608	5.08584	3.78967	-1.75509	-0.76965	5.97846	3.36159	-0.95094	0.918968	6.84187	3.91443	-0.0860508	0.790419	8.53486	3.72973	-0.0997878	-1.09363	9.39906	3.30345	1.50013	-0.916045	0.514634	4.42798	0.363606	0.224034	1.42176	4.04115	0.408036	0.90381	2.39515	4.51492	-2.18891	0.956627	3.31444	4.94099	-0.177763	-1.11376	4.17963	4.44323	2.20789	0.426007	5.05774	5.01747	0.913045	-0.782269	5.92112	4.43828	0.237583	0.61743	7.63447	4.43394	0.0556778	0.484792	8.57285	4.86513	0.112123	1.01052	9.4739	4.41178	-0.142731	0.778032	0.588223	5.41358	1.34838	-2.49152	1.54653	5.06761	0.0444976	-2.10242	2.44277	5.52671	1.378	-0.719007	3.23528	6.02058	0.918751	-0.56075	4.06349	5.55435	0.692902	1.48007	4.90596	6.10229	-0.317367	0.934025	5.82897	5.5626	-1.31255	-0.0832377	6.77746	4.97687	0.94268	-2.11012	7.68727	5.47893	-0.811545	0.128431	9.42768	5.41346	-0.0203815	0.857373	0.505857	6.41577	0.490851	-0.874541	1.48816	6.0753	1.7443	1.39822	2.27661	6.69909	0.655225	-0.0365415	3.17501	7.17902	-1.0038	-0.998859	4.03109	6.64853	1.52221	0.982014	4.9731	7.16607	2.15584	-2.06622	5.96642	6.60395	-0.0608355	0.481181	6.80497	5.99003	0.259313	1.14386	7.66254	6.4415	-1.11299	-0.905587	8.5751	5.9799	0.252933	0.348739	0.566518	7.43759	-1.29644	1.48738	1.4056	7.09199	-1.1526	-0.0694516	2.34845	7.68633	-1.48211	0.570648	3.30321	8.23604	0.3473	0.554926	4.09282	7.61204	-0.0245996	-0.374659	5.09728	8.26307	2.0546	-0.766077	5.96186	7.59846	0.00256093	-0.545611	6.84503	7.22854	1.1982	-2.15786	8.55915	7.18728	-0.289967	0.646816	9.5	6.43357	8.89487e-05	-0.891734	0.505338	8.488	0.738911	-1.1789	1.47372	8.11254	1.15822	-0.86847	2.38197	8.5984	-0.008544	-2.99892	4.18312	8.62448	-0.582596	1.31072	5.55725	9.48011	-0.801592	0.483539	6.04465	8.57979	-1.46382	-0.208846	6.91879	8.23075	-0.634143	-0.84144	7.72742	7.65307	1.20181	-0.54043	8.53303	8.27845	-1.1889	-0.121618	9.45507	7.56579	0.506823	0.208602	0.522062	9.49783	-0.179957	-0.0858905	1.53704	9.20693	-2.35874	0.125054	2.57537	9.5	-0.675801	0.000285459	3.65223	9.48237	-0.035733	2.28414	4.60934	9.49755	-1.10754	2.80441	6.62243	9.46217	-2.66624	0.408404	7.60762	8.94679	0.368275	-0.53699	8.47593	9.46475	1.75129	1.07485	9.44724	9.49998	-1.94759	-0.0586627	9.43259	8.56417	0.586252	1.97288	-48.649
4.65005	0.502673	0.509761	-0.415509	-2.19084	1.49671	0.502953	0.196033	-0.246974	2.52836	0.516916	-0.516859	-1.14628	3.53099	0.662845	-0.307235	0.0584172	4.48322	0.526482	0.696497	1.13557	5.46001	0.507103	-1.09077	0.0448545	6.4023	0.732324	1.37049	0.125427	7.35959	0.505978	0.565911	0.570762	8.40981	0.511792	-0.192768	2.17441	9.49434	0.651497	0.648218	-0.785259	0.778587	1.3735	1.07484	0.930636	1.96317	1.33784	-0.594087	1.42687	3.01279	1.48687	-1.60849	-0.612989	4.01037	1.62194	-0.908955	-0.272698	5.0226	1.5676	0.104693	-2.44981	6.05214	1.79553	-0.417803	1.50825	6.94336	1.58492	-0.375259	-0.941842	7.92118	1.45823	0.273438	-2.12578	8.66265	2.7168	-1.17721	2.08269	8.86703	1.41716	1.5902	-0.690403	0.536965	2.40254	0.426772	0.414713	1.44939	2.10931	1.42933	-0.0771223	2.50166	2.32469	-0.00230371	-0.177817	3.3953	2.84196	0.172492	0.809319	4.39965	2.49569	0.816655	-1.45203	5.34486	2.58096	-0.00670808	-1.35944	6.70856	2.62237	-0.550412	0.844529	7.6822	2.36415	-1.37927	1.84847	7.62318	3.37635	-0.69056	-0.229342	9.49675	2.19226	1.0389	0.625997	0.577913	3.40013	0.106663	2.83424	1.56026	3.08099	0.398062	0.134897	2.48466	3.30884	0.513968	-1.55049	3.2839	4.00655	-0.00981389	-0.508645	4.15035	3.45319	-1.54264	-0.161442	5.04599	3.78553	0.464573	0.577795	5.97605	3.42404	0.144825	0.864124	6.78393	3.93219	-1.27438	-0.0851162	8.55029	3.71981	0.917133	0.678674	9.47366	3.26336	-2.89514	-0.4769	0.503831	4.39233	0.872463	-1.71113	1.45641	4.06002	0.573879	-0.801185	2.32586	4.50213	0.195235	-1.61351	3.29709	4.94608	-0.148669	1.93965	4.28348	4.48231	0.729657	0.42296	5.05271	4.95775	0.0714872	-0.716681	5.9163	4.45978	-0.519414	0.275183	7.69779	4.45167	1.94704	-0.33079	8.56269	4.91648	-0.159655	1.07561	9.48488	4.41424	0.473505	-0.54612	0.634746	5.34791	0.228423	0.271937	1.51823	5.00504	-1.11703	0.413425	2.44901	5.49569	-0.808788	-0.216797	3.27087	6.06519	0.419304	1.80427	4.1511	5.58458	2.05089	-0.436414	4.93873	6.13827	1.89638	0.0637846	5.82816	5.58919	0.870029	0.767432	6.80464	4.90752	0.101542	-0.247063	7.66073	5.44472	-0.271214	-0.768727	9.45642	5.44995	1.08803	0.305761	0.519163	6.38388	0.0970689	-0.388974	1.55358	6.09845	0.632522	-0.821557	2.3474	6.63876	1.72333	-2.74623	3.1675	7.12442	1.24744	-0.869373	4.10517	6.65183	1.18634	-0.480987	5.09009	7.07844	1.99869	-0.846365	5.95026	6.60145	-0.449216	-0.584507	6.76262	6.02983	-1.5021	0.248424	7.65771	6.48475	1.06151	1.86715	8.57817	6.00386	-0.268161	0.553552	0.562636	7.52424	2.1688	0.958747	1.39057	7.0753	0.292881	-0.500616	2.29624	7.57178	-0.672203	-3.27341	3.28401	8.24445	-1.11001	-0.337634	4.11167	7.63982	0.818198	1.06018	5.14172	8.20053	-1.00408	-1.82165	5.94525	7.59124	0.0102706	0.282425	6.90406	7.07983	0.642565	-3.1192	8.58469	7.15281	1.25111	-1.81904	9.5	6.43146	8.87112e-05	0.996888	0.530552	8.45298	0.133019	0.638708	1.46024	8.10419	-1.38777	0.441104	2.36224	8.5736	-0.882858	0.88614	4.1647	8.61521	-0.0319502	-2.02475	5.55491	9.48746	0.182272	-0.343804	5.98984	8.62117	0.114286	1.53142	6.90035	8.1819	-0.428496	-1.04221	7.7377	7.6472	-0.890822	-0.00986964	8.46384	8.28622	-0.857588	0.694303	9.48724	7.56931	-1.37348	-0.122561	0.504634	9.49888	0.82702	0.225845	1.43167	9.20825	-1.50651	-0.184688	2.55313	9.5	-0.377384	0.000288803	3.57264	9.41901	-2.74611	-1.42577	4.60149	9.45128	0.65484	1.12193	6.51592	9.48764	-1.16658	0.676824	7.62807	8.92801	0.295678	-0.257512	8.47957	9.48062	-1.69737	-1.05994	9.44413	9.5	1.83242	0.00194094	9.4984	8.56762	-1.77153	-2.01318	-52.1109
4.70005	0.504595	0.538127	-0.161505	-0.272536	1.4952	0.503573	-0.206301	0.225625	2.51058	0.534567	-0.147273	0.225465	3.51034	0.632444	-0.457711	-1.24414	4.49364	0.581928	-0.680698	1.01231	5.44675	0.500699	0.97979	0.408294	6.43657	0.727281	-0.186434	-0.459048	7.41086	0.516525	1.15085	-0.40282	8.41454	0.563868	0.860554	-0.704712	9.48757	0.579177	0.207284	-2.16482	0.845407	1.48057	1.24616	2.2935	1.99641	1.35516	0.940802	-0.408381	2.93493	1.45764	-0.813831	-0.618011	3.94886	1.56495	-1.34535	-1.71064	5.03154	1.44165	0.128264	-2.27706	5.9819	1.85819	-0.798898	0.0395341	6.98142	1.5493	0.915306	-0.0401956	7.92092	1.35576	-0.0379746	-0.691919	8.54218	2.77181	-3.14225	0.265434	8.96141	1.4162	1.68026	0.542238	0.514124	2.433	-1.1231	0.897579	1.49987	2.17601	0.555132	1.66732	2.47775	2.30913	-0.753192	-0.200711	3.38231	2.8291	-0.498613	-1.49793	4.40603	2.44966	-0.397259	-0.435481	5.38968	2.54766	0.76818	0.667222	6.65895	2.68148	-1.38911	1.36402	7.62607	2.43145	-0.902243	-0.158912	7.58827	3.38072	-0.43836	0.761597	9.48209	2.23105	0.305345	1.17974	0.576075	3.4528	-0.182061	-1.5376	1.54422	3.07226	-0.632025	0.0961357	2.53063	3.30182	0.648622	1.087	3.27298	3.95729	-0.375131	-0.75621	4.11076	3.46791	0.534175	0.46637	5.07629	3.828	0.191883	1.09642	5.95039	3.40598	-0.904936	-1.37606	6.77992	3.92872	0.797937	0.133844	8.58721	3.80813	0.339033	2.66482	9.41225	3.26833	0.453254	0.480273	0.514094	4.38979	-0.403446	2.53546	1.46966	4.00341	0.107072	-0.472393	2.39263	4.4043	1.83157	-1.83624	3.30816	5.0679	0.483852	2.32259	4.21029	4.46043	-2.46979	-0.581324	5.10322	4.99108	0.541139	1.46259	5.89196	4.46531	0.0728155	-0.261581	7.77224	4.3871	0.829226	-1.75178	8.59035	4.97724	1.11459	1.22738	9.48873	4.37136	-0.480081	-1.04092	0.576841	5.40701	-2.26574	1.51369	1.49961	5.04473	0.282553	0.222248	2.39485	5.49914	-0.996064	-0.221821	3.29682	6.12868	1.30604	0.0542534	4.2278	5.53239	1.05823	-1.28991	5.066	6.09394	2.39304	-1.34325	5.88026	5.58528	1.25473	-1.32826	6.79629	4.94195	-0.39971	1.24494	7.65625	5.44589	0.142135	0.701238	9.47755	5.44843	-1.23482	-0.115903	0.518569	6.38593	-0.116009	0.682449	1.53552	6.01097	-1.35777	-2.01317	2.43071	6.45198	1.02068	-3.20707	3.27639	7.11646	2.30061	0.662972	4.16485	6.62784	1.56027	-0.64006	5.12209	7.10997	-0.728822	1.57835	5.94142	6.5739	0.0800137	-0.122618	6.73919	6.00628	1.10847	-1.19828	7.76619	6.55286	2.41581	0.97691	8.56476	6.02222	0.142399	-0.104991	0.590379	7.52467	-0.811286	-0.481699	1.442	7.01591	1.16798	-1.8752	2.2749	7.48641	0.279279	-0.554252	3.20883	8.2036	-1.47587	-1.17144	4.16327	7.624	1.057	-1.91079	5.05592	8.10703	-1.57131	-1.65096	5.99147	7.62353	1.58311	0.810786	6.8645	6.98186	-1.7729	-0.695739	8.62345	7.03708	0.0746343	-2.43055	9.5	6.51501	8.91526e-05	1.85673	0.502517	8.55627	1.30375	2.29783	1.40792	8.12805	-0.662425	0.274951	2.28306	8.56942	-2.04768	-1.03955	4.19027	8.57831	0.480356	1.03637	5.54268	9.4869	-0.436897	-0.408507	6.01932	8.65146	0.480339	-0.601494	6.86123	8.13721	-0.963675	-0.697441	7.69723	7.62226	-0.329712	-0.956648	8.45094	8.33419	-0.0736865	0.935826	9.4576	7.53122	0.313308	-1.65215	0.5106	9.4987	0.565597	0.123403	1.42116	9.18074	1.01834	-0.815803	2.51257	9.5	-1.62438	0.000288595	3.45646	9.35198	-1.34078	-1.44198	4.58425	9.46541	-1.53757	-1.50812	6.54443	9.48322	2.13592	-0.0168137	7.60071	8.90587	-1.68429	-0.766115	8.40586	9.44535	-0.801757	-0.177991	9.4461	9.5	-2.15111	0.000321364	9.4219	8.47107	-1.08927	-0.818649	-64.9481
4.75005	0.501708	0.512767	0.477701	-0.629039	1.48205	0.504239	-0.239763	-0.0783452	2.50898	0.516765	-0.204104	1.45074	3.47987	0.538634	-0.73785	-2.48362	4.44727	0.601532	-0.75343	-0.428397	5.50611	0.504111	0.610153	-0.00722002	6.42825	0.698615	0.507708	-0.483507	7.44579	0.521627	0.344505	0.461153	8.4975	0.531722	1.88229	2.13745	9.49046	0.544703	-0.142894	2.422	0.863897	1.51502	-0.770042	-1.26422	1.97103	1.35127	-1.2396	-0.000150053	2.96536	1.43582	1.02802	-0.221197	3.90839	1.48647	0.190623	-1.21193	5.03779	1.38282	0.174386	0.14524	6.00581	1.78235	0.900197	-2.15363	6.98267	1.57487	-0.79885	0.580729	7.96231	1.3945	1.77365	1.59974	8.43346	2.79378	-0.981744	0.733924	9.02158	1.43456	0.809548	0.142715	0.536262	2.46145	0.520337	-0.389087	1.52013	2.18132	0.223768	-0.109286	2.45965	2.32207	0.286454	0.603863	3.37527	2.72385	0.215566	-2.28816	4.3753	2.43181	-0.76875	-0.477118	5.36397	2.62418	-1.56636	0.949055	6.60472	2.72765	-0.356552	0.112814	7.55308	2.35506	-1.90524	-2.15417	7.60149	3.3971	0.894576	-0.725794	9.48344	2.31312	-0.611075	1.82217	0.549871	3.39417	-0.911889	0.409086	1.5271	3.13042	-0.0478796	1.12586	2.51038	3.35918	-1.23343	0.697608	3.30122	3.93596	1.66182	-0.462141	4.17468	3.45092	1.56203	-1.23784	5.0555	3.89752	-0.76225	1.70109	5.9168	3.37199	-0.385051	1.12317	6.79859	3.95232	-0.20127	0.701771	8.61619	3.92106	0.884652	1.35021	9.46354	3.298	1.27677	0.803414	0.513295	4.51955	0.482335	1.78788	1.4643	4.06209	-0.408596	2.26758	2.44365	4.35817	-0.0813347	0.26441	3.32758	5.14302	0.125613	0.196473	4.10125	4.46547	-1.49877	0.810375	5.08038	5.03874	-0.622161	-0.1802	5.9235	4.43455	0.744406	-0.76221	7.76243	4.35889	-1.32147	1.11382	8.61724	4.99892	-0.339239	-0.752623	9.48589	4.3297	0.700624	-0.330255	0.546512	5.47539	2.39724	1.52011	1.49413	4.97912	-0.665693	-2.08039	2.37265	5.41332	-0.00411643	-2.60029	3.41581	6.08748	2.4823	-0.715153	4.25706	5.48902	-0.111871	-0.141325	5.12724	6.04325	0.345246	-0.712157	5.97269	5.47752	1.91999	-2.21899	6.77984	4.9887	0.264386	0.0195404	7.68687	5.48859	1.30789	0.665565	9.46931	5.46091	1.25696	0.613405	0.50651	6.46651	-0.424145	2.35803	1.43613	5.95603	-2.22192	-0.545384	2.42115	6.41222	-0.703881	0.872012	3.34448	7.15473	0.137835	0.202162	4.26835	6.5618	2.34439	-1.9616	5.07993	7.13938	-0.199285	-0.969103	5.94338	6.58202	-0.162463	0.0548666	6.85101	5.95607	2.59905	-0.00695501	7.77282	6.5774	-2.13835	-0.428031	8.6103	5.97481	1.23007	-1.22647	0.522009	7.49295	-1.71312	-0.703019	1.4709	6.91882	0.173419	-1.42451	2.33147	7.48471	1.57733	0.165186	3.15647	8.14373	-0.566288	-1.0075	4.20419	7.54753	0.555302	-0.488741	5.03119	8.09323	0.609794	1.55095	6.03468	7.62896	-0.434398	-0.865009	6.80661	6.99322	-0.0299598	0.930437	8.63761	6.98461	0.634823	0.589715	9.5	6.53627	8.8671e-05	-1.7655	0.532858	8.56907	-0.251086	-1.85653	1.36172	8.09341	-1.1908	-1.94574	2.2222	8.50519	0.122278	-1.30739	4.15666	8.5845	-1.73914	-1.43101	5.52818	9.4957	-0.127247	-0.712633	6.01159	8.61528	-0.790013	-0.231481	6.86265	8.1125	1.25359	-0.34531	7.70642	7.57103	0.616785	-0.847144	8.41954	8.36784	-1.18822	0.433329	9.49167	7.47509	-1.36401	0.436168	0.50134	9.4998	-0.659924	-0.419985	1.48969	9.15124	0.926819	-0.182179	2.40144	9.5	-2.21469	0.000290121	3.42548	9.27578	-0.432976	-1.45338	4.50311	9.47731	-1.3398	2.16908	6.67796	9.49904	2.77309	0.493687	7.48354	8.86268	-2.42249	-0.701694	8.37297	9.45415	-0.973073	0.360201	9.35883	9.5	-1.1625	0.00028936	9.41097	8.47997	0.581561	0.69061	-60.8863
4.80005	0.501683	0.512554	-0.55096	-0.235729	1.47324	0.502892	-0.166539	0.27702	2.47609	0.539469	-0.963569	-0.605023	3.4515	0.582349	-0.277833	1.77556	4.444	0.54469	0.667951	-1.73878	5.48945	0.503977	-0.839032	-0.173198	6.49014	0.677442	1.26059	-0.676063	7.47017	0.533264	0.887879	0.109097	8.54571	0.598808	-0.343623	0.441326	9.49961	0.625885	1.10541	0.598067	0.801906	1.40517	-1.17496	-2.11259	1.9304	1.3526	-0.376528	0.397446	2.9712	1.44445	-0.541205	0.766891	3.98181	1.44797	2.21899	-0.340277	5.03846	1.43748	-0.306342	1.7102	6.00826	1.68683	-1.18088	-1.51844	6.93808	1.54008	-0.282619	-1.91671	8.05692	1.48552	1.67589	1.84329	8.43748	2.81943	1.25237	0.00568118	9.05059	1.47871	0.45747	1.9468	0.534706	2.41127	-0.69506	-1.02279	1.49441	2.20842	-1.09822	0.527185	2.48463	2.34827	0.158751	0.27804	3.40335	2.62742	0.84013	-1.40992	4.33635	2.38205	-0.614366	-1.68052	5.2788	2.62976	-1.25299	-0.181523	6.60264	2.70613	-0.231527	-0.582973	7.50627	2.30956	0.276071	0.556399	7.63544	3.3478	0.0445807	-0.625023	9.46283	2.38229	-0.228059	0.886018	0.509832	3.48051	1.30031	2.29306	1.51378	3.14518	-0.717158	-0.937756	2.45929	3.37454	-0.466288	0.149472	3.35524	3.87969	0.310743	-1.67511	4.2423	3.36698	1.11882	-1.8018	5.01667	3.99709	-0.844081	1.96567	5.90377	3.47628	-0.308828	1.6066	6.79902	3.95779	0.484974	-0.894798	8.6171	3.93276	-1.22502	-0.950236	9.47067	3.35867	-1.23195	1.5666	0.515484	4.5526	-0.450853	-0.196855	1.42668	4.04773	-1.00681	-1.16488	2.42464	4.39184	-0.387335	0.213135	3.30909	5.08205	-0.801667	-2.00594	4.1061	4.52426	1.6041	1.03346	5.08215	4.96801	0.338993	-1.97308	5.93518	4.41834	-0.197773	0.678168	7.67974	4.45367	-1.29037	1.87678	8.59196	4.91765	-0.334764	-1.98532	9.48929	4.36391	0.713335	1.76192	0.57665	5.54184	-2.19509	0.623561	1.45046	5.02041	-1.03348	2.12402	2.37152	5.33018	-0.130282	0.0823383	3.47277	6.1013	-0.667815	0.915733	4.23451	5.50785	-0.184546	0.340271	5.15741	5.99085	1.23258	-1.76389	6.00437	5.42758	-0.113993	0.0554948	6.8761	4.93372	2.71177	-1.12491	7.78816	5.48802	2.04865	-0.518285	9.45841	5.46475	-0.38665	-1.18522	0.510048	6.56046	-0.0828951	0.458083	1.41019	5.95255	2.06283	1.30759	2.3957	6.45637	-0.205698	0.539169	3.31167	7.10929	-0.857213	-1.80326	4.35423	6.48532	0.697527	-0.455567	5.12081	7.07721	1.30748	-0.866217	5.94929	6.56021	0.927053	-0.977089	6.92094	6.00805	-0.495846	0.92621	7.67157	6.52568	-0.513841	-0.935693	8.64183	5.95583	-0.39299	0.564965	0.550611	7.47994	0.473095	0.430805	1.47762	6.91339	0.181772	1.18149	2.39125	7.47478	0.494917	-0.63295	3.16647	8.1179	0.972838	-0.15338	4.22506	7.55503	0.39381	0.00358518	5.08919	8.205	1.16037	2.36448	5.96887	7.57621	-1.66075	-0.78125	6.84715	7.05489	1.00387	1.42891	8.62494	7.03083	-1.0746	0.752494	9.5	6.41924	8.88645e-05	-1.60449	0.523777	8.46146	1.06463	-1.69409	1.34905	7.95631	1.44875	-2.85481	2.25288	8.45649	0.43411	-0.341098	4.06537	8.49118	-1.56715	-1.79605	5.5192	9.48792	-0.355177	0.486449	5.97853	8.61611	-0.0332191	0.0307683	6.90137	8.05988	-0.226796	-1.81051	7.75964	7.54607	1.44936	-0.233675	8.35699	8.38405	-1.04321	0.281232	9.46732	7.53836	0.387212	1.41024	0.521522	9.49869	0.12138	0.162237	1.45204	9.13441	-2.1299	-0.790556	2.35635	9.5	0.404592	0.000289485	3.3821	9.21999	-1.3526	-0.740888	4.44197	9.41877	-1.02985	-1.55936	6.77377	9.49497	0.518056	-0.447498	7.44022	8.85358	1.19892	-0.0498635	8.29422	9.47493	-1.99203	0.4884	9.33116	9.5	-0.15037	0.000289496	9.45575	8.52092	1.05129	0.91829	-50.6228
4.85005	0.503534	0.507963	0.177158	0.866501	1.46226	0.503127	-0.2194	-0.242281	2.44191	0.522902	-0.155232	1.27302	3.4536	0.623831	0.202869	-0.0306624	4.48772	0.549412	0.795543	1.44575	5.46015	0.508793	-0.0463275	0.252633	6.50405	0.59533	-0.564649	-2.51214	7.53439	0.535045	1.15402	-0.0475027	8.48687	0.592817	-1.22309	-0.44038	9.48976	0.62196	-0.372697	-0.478764	0.780336	1.39852	0.288091	1.83514	1.93352	1.38458	0.676671	0.239989	2.9451	1.50624	-0.191099	1.35483	4.05997	1.41108	0.029662	-1.61046	5.00072	1.52518	-0.944449	1.60605	5.94266	1.63095	-0.535588	-0.804677	6.98515	1.46605	1.7679	-0.776811	8.10899	1.56626	0.374537	1.25656	8.53554	2.79733	2.14567	-0.731688	9.08119	1.57597	0.802039	1.198	0.525711	2.38113	0.557409	-0.00679003	1.4351	2.15834	-1.09533	-2.27988	2.45062	2.35625	-1.47131	0.260503	3.42576	2.58939	-0.129542	-0.175102	4.34822	2.29091	1.12414	-1.17912	5.25972	2.62817	0.487462	0.154948	6.56616	2.68196	-1.1085	-0.444551	7.54232	2.36316	0.786873	1.2444	7.62111	3.3423	-0.0884054	0.152032	9.47734	2.43512	1.12165	1.63088	0.549724	3.57125	0.0232144	0.801447	1.4673	3.09234	-0.967869	-0.16242	2.4544	3.37529	-0.0113538	-0.278134	3.36723	3.79853	0.414047	-1.42417	4.29105	3.28842	0.778288	-1.40698	4.97995	3.99613	-0.103981	-2.23046	5.87515	3.47895	-0.791174	-0.941046	6.82621	3.87917	0.2194	-1.57522	8.52118	3.84289	-2.26389	-2.38016	9.42762	3.43786	-0.352468	1.50791	0.513744	4.53647	0.0823485	0.0803551	1.39139	4.07438	0.0959648	1.4105	2.4064	4.36683	-0.398538	-0.541878	3.27072	4.97636	-0.607907	-2.15421	4.18966	4.53135	0.870556	-0.618582	5.09231	4.9555	0.0621841	1.43847	5.94963	4.49258	0.99394	1.20683	7.73775	4.44488	2.1937	-1.90825	8.60371	4.84325	0.718455	-0.64576	9.47883	4.45407	0.134326	0.535998	0.570196	5.56434	2.72613	0.105287	1.38906	5.05424	-1.02219	-0.129591	2.35749	5.42343	-0.344961	2.77294	3.37806	6.10789	-2.40895	-1.52265	4.23853	5.51441	0.00270259	0.192087	5.20427	5.90232	-0.0368174	-0.812309	6.02774	5.4479	1.14638	0.563832	6.88684	4.97675	-1.4088	1.91811	7.81728	5.46198	-0.982197	-0.50652	9.48459	5.36346	1.05247	-1.19074	0.508101	6.5128	0.388809	-1.36666	1.53607	6.04973	2.14037	1.43508	2.40615	6.45324	0.776523	-0.445377	3.2915	7.03643	0.0486588	-0.270402	4.34807	6.50871	-0.882139	0.723745	5.15064	7.04173	-0.072251	-0.925341	6.03707	6.49775	1.66165	-0.96551	6.82003	5.99825	-1.68072	-0.772277	7.74658	6.51053	2.06152	-0.137371	8.60451	6.01526	-0.407113	1.40969	0.504202	7.49509	-1.6817	-0.2513	1.48358	6.98635	-0.162054	0.417155	2.38145	7.44788	-0.461202	-0.229991	3.18388	8.08633	-0.66092	-1.28909	4.25151	7.49843	0.518289	-1.76619	5.09661	8.30521	-0.773793	1.67997	5.92861	7.58066	0.324039	0.999961	6.8782	7.0807	0.396661	-1.08621	8.60034	7.04083	0.787142	-0.351178	9.5	6.41213	8.87403e-05	0.848558	0.549352	8.44921	0.222966	1.16817	1.49724	7.88404	3.01821	1.08155	2.25705	8.47782	0.0794241	1.16365	4.05493	8.46862	1.25302	0.572759	5.49139	9.48066	-0.737367	-0.354069	6.04303	8.62639	2.41254	0.415842	6.86622	8.0209	-0.828923	0.977515	7.80631	7.55771	-0.134243	0.890564	8.35528	8.39326	1.55708	-0.0840146	9.49437	7.57722	-0.912329	0.0508678	0.510491	9.4987	0.900124	0.179961	1.36382	9.07003	-0.836222	-1.73909	2.38256	9.5	0.125696	0.000290254	3.30826	9.1939	-1.23996	-0.472547	4.40388	9.36652	-0.438794	-0.363987	6.74056	9.48861	-1.32294	-0.322987	7.52123	8.82678	0.558072	-0.811001	8.20485	9.48967	-1.20539	-0.569025	9.3224	9.5	-0.344597	0.000288854	9.48778	8.56312	-1.13811	0.531025	-45.6683
4.90005	0.503753	0.507201	-0.187216	0.649091	1.4635	0.50248	0.382706	-0.293136	2.4739	0.543456	1.3993	-0.855092	3.44916	0.570654	-0.411371	-2.30489	4.52377	0.550705	0.539179	-1.17915	5.49526	0.522453	1.23355	0.314467	6.47406	0.53937	-0.305496	2.7389	7.51639	0.523501	-1.59793	-0.4822	8.49643	0.570532	1.32556	-0.401844	9.49852	0.589959	0.713741	-0.764764	0.768903	1.45945	-1.36159	-0.33863	2.00019	1.3516	1.40433	-0.734754	2.97397	1.56151	1.28108	0.934125	3.96824	1.36714	-2.66002	0.571004	4.9909	1.56439	0.608938	-0.441002	5.97697	1.59705	1.68276	-0.606436	7.07535	1.44341	1.60172	-0.182774	8.11335	1.59907	0.0852394	0.00673929	8.59422	2.75118	-0.716794	-1.08675	9.12959	1.59023	1.09932	-0.409573	0.524225	2.43942	1.07903	2.26993	1.42999	2.12237	1.05335	1.15079	2.35535	2.37845	-1.89495	0.408729	3.40221	2.59535	-0.745574	0.308366	4.37977	2.2829	-0.376636	0.401712	5.31781	2.63526	1.48461	-0.233314	6.50765	2.65285	-1.0946	-0.80919	7.56197	2.40706	-0.111979	0.175908	7.63011	3.34165	-0.319563	-0.205287	9.48389	2.52367	1.35156	1.22901	0.513023	3.55066	-1.31115	-1.14358	1.42558	3.10064	-0.648532	0.263897	2.44707	3.34939	-0.230903	-0.445596	3.40105	3.74035	0.818645	-0.929688	4.30378	3.22145	-0.344454	-0.957018	5.0225	3.87865	1.19865	-1.67829	5.85224	3.42843	0.439722	-0.832601	6.79298	3.83586	-1.36883	-0.273534	8.47506	3.71968	1.21629	-1.96866	9.4355	3.48614	0.601813	-0.511883	0.515506	4.57401	0.343776	0.932482	1.43613	4.10502	1.13971	-0.731739	2.38642	4.36686	-0.300949	0.468215	3.24625	4.87704	-0.350302	-1.71332	4.18443	4.47995	-0.599994	-1.40292	5.09365	4.97619	0.0701029	-0.694178	6.00627	4.48381	0.925385	-1.30579	7.74701	4.35732	-1.63217	-1.01798	8.63674	4.859	0.147908	0.94328	9.47945	4.38338	-0.408857	-0.958634	0.630151	5.55384	-0.445314	-0.314625	1.4316	5.04586	2.83831	-0.0162855	2.36545	5.51274	0.933663	0.0880434	3.28218	5.9622	-0.985539	-3.74911	4.21449	5.52408	-0.912142	-0.164153	5.16025	5.97156	-1.47385	2.93938	6.02016	5.48363	-1.56426	0.965937	6.87419	5.00102	0.839526	-1.36599	7.74275	5.43833	-1.23902	-0.376013	9.46535	5.42602	-0.571595	2.45518	0.516276	6.49424	-0.140183	0.611287	1.56383	6.03541	-0.997338	-1.33946	2.47588	6.47537	1.29395	1.6379	3.31929	7.05394	1.07486	0.12538	4.26326	6.49697	-2.3406	-1.09582	5.16447	6.99055	0.513299	-0.858277	6.02409	6.51614	-1.28469	1.12745	6.89816	5.97486	3.62553	0.414645	7.78424	6.51571	-0.469243	0.465146	8.62514	6.02873	0.994725	-1.16492	0.573997	7.47713	1.32265	-0.0148889	1.44724	6.99148	-0.962375	0.628857	2.3768	7.44124	-0.111809	0.0328345	3.15966	8.02733	0.141244	-0.610423	4.25989	7.46468	-0.0666951	0.681445	5.06655	8.38187	0.127507	1.39167	5.96189	7.64168	0.570595	1.11989	6.90271	7.00201	0.554436	-1.36951	8.67339	7.03561	1.15489	0.30093	9.5	6.47606	8.90156e-05	1.58174	0.533787	8.51116	-1.05504	0.682365	1.54085	8.0121	-1.21323	2.55034	2.31707	8.57479	2.53699	2.01236	4.10688	8.46598	0.190474	-0.672376	5.4518	9.47202	-0.754227	-0.0579658	6.14043	8.67379	0.58107	1.67391	6.85799	8.07626	0.717067	-0.0585736	7.76689	7.61603	-0.941304	1.21746	8.49337	8.38064	3.01944	-0.300039	9.46719	7.55832	0.16774	-0.503932	0.50294	9.49842	-0.828307	-0.0695671	1.3948	8.98087	1.70055	-1.2625	2.34356	9.5	-1.50347	0.000291851	3.28624	9.15686	0.266977	-1.00212	4.40315	9.41036	0.25889	1.95375	6.67003	9.48659	-1.25254	0.463719	7.47982	8.77321	-1.05074	-0.861122	8.18962	9.49423	0.284504	-0.735055	9.29111	9.5	-0.875746	0.000287902	9.44705	8.54957	-0.19652	-0.94757	-61.3345
4.95005	0.504801	0.506917	0.0207561	0.792442	1.49976	0.502608	0.917309	-0.270696	2.52649	0.540097	0.315917	1.22359	3.47308	0.568891	1.64168	2.32937	4.52471	0.519606	-0.407456	1.44332	5.53756	0.537915	0.192102	0.230722	6.49266	0.672908	0.894747	2.39617	7.44935	0.515048	-0.580336	0.570239	8.53756	0.552577	-0.160781	-0.323881	9.49418	0.545675	-0.545427	-1.02914	0.687809	1.4463	-1.60569	0.444483	2.04223	1.35624	0.250749	0.926414	3.00214	1.61619	-1.01205	1.37084	3.904	1.41204	0.988591	0.712248	5.03424	1.50092	0.941571	-1.73755	6.08281	1.57363	2.2013	-0.142159	7.1323	1.45579	0.647815	0.687317	8.14014	1.57093	1.07996	-1.02708	8.47939	2.66721	-3.17343	-2.10454	9.18633	1.55309	1.08592	-1.15615	0.525723	2.56452	-0.849907	1.93886	1.4294	2.14621	-1.58242	-0.742109	2.35083	2.39113	1.75059	0.111985	3.35292	2.61715	-1.09263	0.586868	4.34384	2.26359	-0.607776	-0.943071	5.37159	2.57547	0.649227	-1.9735	6.47086	2.58904	-0.248904	-1.86688	7.52655	2.36773	-1.31774	-1.38893	7.58771	3.34268	-0.727217	0.0736525	9.4712	2.48982	0.340307	-2.80972	0.536047	3.50931	0.0904792	0.223831	1.4157	3.10871	0.577319	-0.499025	2.43898	3.36036	-0.0741218	0.960542	3.4258	3.7045	-0.191553	-0.450432	4.27178	3.23404	-0.607465	1.07729	5.05158	3.84977	0.1924	0.262365	5.92715	3.40205	1.41415	-0.52935	6.75088	3.82795	0.516294	-0.0626165	8.57211	3.69554	1.6926	0.728414	9.4972	3.42214	-2.21366	-0.401101	0.514153	4.57998	-0.210808	-0.902027	1.4638	4.03621	-0.0531446	-0.998128	2.37973	4.39729	-0.0797498	0.5074	3.24919	4.80581	0.644648	-1.28234	4.16438	4.39818	-0.000340053	-1.76109	5.09587	4.93057	-0.0600413	-0.957014	6.00655	4.42298	-1.2653	-0.590512	7.65903	4.33128	-1.12773	-0.311647	8.60416	4.91229	-1.03234	0.896076	9.49898	4.43327	0.941526	1.88403	0.578227	5.54368	-1.33591	0.066142	1.58417	5.03204	2.25504	-1.06234	2.41721	5.46066	0.656808	-1.51703	3.2849	5.79517	0.981363	-2.11705	4.17822	5.46077	-0.0782154	-2.37183	5.06744	6.07293	-2.06192	0.426861	5.95187	5.52866	-0.941022	0.689151	6.89119	4.89558	-0.482641	-1.99238	7.76589	5.41114	1.8836	-0.86003	9.48941	5.5294	1.86605	1.24952	0.506659	6.53495	0.549637	0.778384	1.48974	6.00487	-1.51785	0.339483	2.50577	6.53433	0.0748402	0.0611172	3.38053	7.02988	0.850279	-0.673646	4.13498	6.46125	-2.39975	-0.3794	5.14533	7.02478	-1.27444	2.61807	6.00952	6.55784	0.696125	0.445883	7.00757	6.00611	0.0140945	0.215633	7.79451	6.55227	1.47682	1.03215	8.63832	5.95182	-0.874746	-1.20592	0.598507	7.52544	-0.549559	1.74583	1.43549	7.01978	0.626473	0.199904	2.34287	7.49162	-1.03098	2.10148	3.21255	8.02364	2.06054	-0.247204	4.2692	7.51294	0.512448	0.731711	5.11652	8.44485	1.40398	1.09495	5.96201	7.68053	-0.785743	0.370623	6.90917	6.98438	-0.389522	0.814316	8.6465	7.05562	-2.02703	0.525588	9.5	6.55079	8.81747e-05	1.18583	0.534321	8.5088	1.1984	-0.467297	1.46121	8.05206	-1.47244	-0.870301	2.45668	8.5629	2.12019	-1.90747	4.0803	8.4568	-0.584478	0.770903	5.42252	9.47835	-0.399262	0.426627	6.09729	8.72635	-1.86296	-0.291059	6.86747	7.99872	-0.589194	-1.91496	7.75714	7.66319	0.932955	0.511468	8.56214	8.35333	-0.417708	-0.807674	9.4748	7.54556	-1.12094	-0.0596426	0.533667	9.5	0.604057	-0.328152	1.46658	9.01529	0.690134	2.30327	2.2626	9.5	-1.20591	0.000289656	3.31323	9.11011	0.689787	-0.604323	4.40607	9.47935	-0.28522	-2.26767	6.64765	9.49696	0.564828	1.00832	7.47947	8.7882	0.601255	0.987735	8.21379	9.46922	0.625157	-0.246569	9.2431	9.5	-0.923315	0.000288755	9.47542	8.51703	-2.22277	0.0293444	-62.6585
